# Resource object code (Python 3)
# Created by: object code
# Created by: The Resource Compiler for Qt version 6.9.1
# WARNING! All changes made in this file will be lost!

from PySide6 import QtCore

qt_resource_data = b"\
\x00\x00\x02\xbd\
\x00\
\x00\x0d\xc5x\xda\xddWKo\xd3@\x10\xbeG\xca\x7f\
0\xe6\x02\x07Lz\xa0\x08K\x1c\x9a\x14D%\x22\xb5\
$\xc0y\xe3l\x93U\x9c\x1d\xb3\xbbn\x12U> \
T\x0e\x1c\xa0G\x10\xa7\x0a!\xf5T\x1e\x07\x8a\x14\xf5\
\xdf4\x04\xfe\x05\xbb^'\xb8~\xa4I\x85\x14\xb5s\
Hfw\x1e\xfb\xcd\xecx<&]\x0f\x980\xb6\xc4\
\x96O\x9cN\xb1@\xce\xac\xad\x0aP\xc1\xc0\xe5)\xc1\
c4\x00_\xf0\x5c\x03\xab\x8a\x04f\x04\xb9S\x0ds\
\x93\x81\x839\x7fFp\xcf\xfc\xb7[E\x14\xb5p\x17\
S\x91\x10\xac\x13\xdeIl\xd5\x01\xdc2\xf4c;\x0e\
0\x1c[\xd6`;t\xb3)]\xc6]a\xcf\x85A\
\xe4lC\xe0\xae\xb1[,\x18\x92H\xd3f\x00B/\
\x10u\xda\xc0\xb8\xb5M\x5c\xd76<\xc4$&-\x99\
\xc4b!\xc7\x91\x9b\xb6a^/\xad\xde[\xbd\xfb\xc0\
\xd4r\x8f\x81\x87\x99\x18\x18\x15\x09\xc7P\x98\xec\x90\xdd\
\x0d\x12rB\x85!P\xe39i\x8a\xb6m\xac\x94J\
\xc5\x82\xd6\xa8\x80\xebw\xa9Nj\x84m6$EO\
\xa0\x97\xb2P\xd4\xd3\xeeUdV\xc8\x9f\x15\xd7Q\xa3\
\x8c\x98\x910\x8a\xd2a4\x10K\x0b\xa6\x09\xc0.\xde\
A\x82\x00\xb5\x8d;i5\xe5\xd9\x17\x02h\x96\xf3\x18\
\xb20\xf0,\xb9\xc0}\x99\xdd\x17\xbc\xcen\x98\xa3\xfd\
\xb7\xa3w_\xc7G\x07\xe3\xfd\xd7\xe6\xcd\xb4~p\xf1\
\xf3'Wp>\x88\xf1\xa7\x97\xe3\x8f\xef\x7f\xfd\xdc[\
&\x88\xd3\xe1p\xf4\xe6@gb\xf4\xe1pi8~\
\x9f|9\x1d\xfeX\xf2\x8d\xfcyu8>\xf9>:\
\xfe<\xda;^\x1a\x08}\xfc\xf8\xe8\xdb\x1c\x08\x12K\
\xd5~2`\xa4\x9e\xd9[\xf2A\x8c8\x17Z\x90\xf5\
 +jc\xd2jK\x5c+3\x0f\x95\x9d\x22\xe3L\
\xdd<\xc2\xe6\x12u$\xc1|\x9c\x7f\x86B\xa4\xf9\xb4\
\xceFW\xb6\xdc\xbc\xfc\xaa\xbe\xa2\x82\x98\x99}\xdd\xdd\
\xf2\xe2\x8c\xe3\x884\xf3\xa0(R1U\xa1)\xfbp\
\x08\xcc\xdad\x98c\xb6\x83\xd7\xb8\x87\x1d\xf1\x90\xe4\x98\
q\xf0\x99#\x8dL\xe2\x00\xe5\xb7\x9f\xd6\xeae\xcb\xa3\
-3[\xbb\x0a>\xc7k\x0c\xa3\x9c\xb0\xcf\xef\xe0I\
\x02Zq\xe5[\x14\xcb|\xcd\xf0\x19\xa6\x94\xaf#\xd6\
\xb9\x7fM\xff\xe7\xeb\x06\xd9\xa2`\x91\xb2\x8d\xb15\x81\
\x9cN\xe6Kg\x9eb\x8a\xe9<\x8a\xee2\xad\xe4\xf8\
L%i\x836q_\xd7\x5c|'\xe1\x10P\x13\xb3\
\x8cT!>\x90\x89g@\xe5\x15\xe5\x95\xf5\x5cu7\
g\xcd\xe9\xc2\xa9\x80\x1c8\xa8\x9a\x10r\x0a\xe6\xcc\xac\
\xa3\x86\x94\xddE\xdb\xc7\xa5\x89x2\xbe](\xca\xd8\
\xa8\x98c\xff\xbfB\x09.uAM\xe6\xdd\xab[F\
\xb2\x90\xa6\xc3{X\x0a\xc1U\xba\xbf\xe8\x83f\xe1+\
\x8c\xd8@}>\xc8\x9f\xbf\xdb\x92_\xaa\
\x00\x00\x00\x8f\
i\
mport QtQuick\x0d\x0ai\
mport QtQuick.Co\
ntrols\x0d\x0aimport Q\
tQuick.Layouts\x0d\x0a\
import QtQuick.C\
ontrols.Material\
\x0d\x0aButton {\x0d\x0a\x0d\x0a  \
  height: parent\
.height\x0d\x0a\x0d\x0a}\x0d\x0a\
\x00\x00\x01\xfa\
\x00\
\x00\x07\xbex\xda\xc5S\xcfK\xdc@\x14\xbe/\xec\xff\
\x10r\xb2\x08\xc9\xae=\xb4\x04+t\xd3V\x85\xb5v\
\x85\xe2y\xcc>\x93agg\xc2\xe4\xa5U\xcaBA\
\xa4 \x08=\xd5\x1eZ\xb07/\xa2\xe0\xb5\xd2\x7f\xa6\
\x11\xf7\xbfp&1\xd65\x1b\x8c\x0bk_ \xcc\xbc\
_\xf3\xcd\xf7\xbd\xa1\xfdPH4:\xd8\x89\xa9\xd7\xab\
\xd7\xe8\xc8\xder\x05G)XT\x1a\xb0V\x08\x82\xa4\
\x84\x152\xdad[\xc4\xa8*\xeb\xb5e\x84\xbe\xf1\xa9\
^3\x94\x05@\xfd\x00\x1d\xe3i#\xdb\xaf\x89\x8fY\
f\x9e\xa0\x8dp/\x102\xb26)c\x8e\x11\x12\x09\
\x1c\xffEU\xc9\xad\x5cmY\x874}\xe9\xba?\xca\
\x18F\x93Z1\xa2\xe0-\x12\x81q\xa7\x5c\x1b\xc2\x96\
\xaa2\x93\xdd\xa3\xe1\xceQ\xb2{6<86\x8bY\
\x82\xbbL]\x0e\xba\xce\xb8\x1e\xda\x22\x14\xe1K\xc6f\
\x9e\x14\xc3\x83Q\xd7`rx\xbf?'_O&\x84\
G$>\x18\xdf\xad\xa5\xd6\xb2\x9c\xfdu\xda\xc5`\x1c\
\xf9\xf7*4\xd0\x83R\xaep>6\xd9,X\xd9v\
\x02\x02\x87_\xf6/\xbe\x9d&{\x87\x97\xe7\xe7\x13\x11\
H9\xc5\x15\xa1~BNI\xe3\xbf\x7f~&\xc7\xdf\
\xc7\x80\x03N6\x98\x86\xd6\xcf\xce\xb7<\xc17\xa9\xbf\
D\x227 \xdc\x87n\xb1$\x7f\x9d\xd6\x06\xf1z\xbe\
\x141W\xe57\xce\x16\xbb+S5\x0e\xf2\xf3#\xf2\
\x01\xdc\x14C5*F\x1dz\x92^\x01\x03_\xc1)\
g\xe3\xe2\xc7~\xb2\xf7\xcb1\xe6\x19\xe5\xbd\x05s\xd6\
\x0c\x10C\xc7\xb6\x1bV\xfa9\xcf\x1b\xcd\xa6\xf2\xce\xdb\
Y\xbc\xd8\xa7\xc2\xe4T\xbbu\x07-\x11\x02\x7f/\xd9\
\xeb-E '\x8cm\xcf\xe4p\x9as\xcfR@\xcd\
\x14\x90\xdd\x15^dN\x8d\x93\xf6\xea\xe24/\xca\x00\
U\x13\x0c\x8c\x177J\xfb\x80m\xe1\xbfS\xceqJ\
\x97\xb3\xa3\xde;(vlsV7|\xf0{\xa9F\
\x87\xbb\xfa\xf6\xcd\xf2\x7f`$\x1b\xfdG%\xe5z\x99\
\xce\x8d\xfa]\x01_\xd7\xdf@\
\x00\x00\x03\x1d\
i\
mport QtQuick\x0d\x0ai\
mport QtQuick.Co\
ntrols.Material\x0d\
\x0aimport QtQuick.\
Layouts\x0d\x0aItem{\x0d\x0a\
    id:root\x0d\x0a   \
 width: parent.w\
idth\x0d\x0a    height\
: 40\x0d\x0a    proper\
ty alias text :t\
f.text\x0d\x0a    prop\
erty alias title\
: titleId.text\x0d\x0a\
    property ali\
as placeholderTe\
xt: tf.placehold\
erText\x0d\x0a    Row{\
\x0d\x0a        anchor\
s.fill: parent\x0d\x0a\
        spacing:\
 0\x0d\x0a        Labe\
l{\x0d\x0a            \
anchors.vertical\
Center: parent.v\
erticalCenter\x0d\x0a \
           id:ti\
tleId\x0d\x0a         \
   text: \x22\xe5\x90\x8d\xe7\xa7\xb0\
\x22\x0d\x0a            f\
ont.bold: true\x0d\x0a\
            font\
.pixelSize: 15\x0d\x0a\
            widt\
h: 85\x0d\x0a        }\
\x0d\x0a        TextFi\
eld{\x0d\x0a          \
  id:tf\x0d\x0a       \
     selectByMou\
se: true\x0d\x0a      \
      width: roo\
t.width-titleId.\
width\x0d\x0a         \
   height: paren\
t.height\x0d\x0a      \
      Layout.fil\
lWidth: true\x0d\x0a  \
          placeh\
olderText: \x22----\
----\x22\x0d\x0a        }\
\x0d\x0a    }\x0d\x0a}\x0d\x0a\
\x00\x00\x04`\
\x00\
\x00\x10Bx\xda\xcdW\xe1o\xdbD\x14\xff\x1e)\xff\
\x83\xe5ON\x9b9\x19|\xaa\xbb~(\xed&\x86\x16\
h)\x8c\x0fU5\xdd\xec\x17\xe7\xe8\xe5\xce:\x9f\xdb\
\x84\xa9\x12\x12\xaa\x80\x89mEH\x03\x89I\xc0\x07D\
\x85( !\x8dIc\xe2\x9fi\xd2\xf5\xbf\xe0\xcev\
\x1c\xdbq\x9c\x94\x0e\x09+R\xe2w\xbf\xf7\xde\xef\xbd\
\xbb\xf7\xde\x05w=\xc6\x85\xb6)6\x03l\xefV+\
8\xf3n\xae1*8#\xbe\xd9B\x028Fd\x02\
q\x0b\xf5Y \xfcD\xbe\xc5\xda\xa2\xc5(\x16\x8ck\
W\xcd\xe6\x04~]\x1aa\xae\xc47\x16\xaa\x15M>\
\x83\xa3\x87\x83G\xbf\x9f}\xfb\xe5\xf0\xe1O\xd5\xcaB\
\xa3Z\xb9)\xa0\xab\xdd\x8bV\xb1cq\xc6D\xf4\xe2\
q\xe6\x01\x17\xfd\x8c\x93n\xf4miii\xac}P\
\xad\xe44\xf7\x10\xd7|!\x83Y\xc7\xb6\xb0F^\xd4\
\xc3A\x04\x9cj\xf74\xfd\xcak\xba\x95Z\x18=6\
#\xd2\x8d\xde\x07B\xd8\xbe^\x9f\x04\x08\xe8\x09K\x1f\
>\xf9\xf9\xec\xbb\x1f\xf5\xec\xf2A\x0e\xae_\xb9Z\xe6\
\x83\x833\xdd\xc1\xe9\xb3\x07\x83\x93o\x06O\x8eg\xf9\
h\x96\xb9\xf00\xdd-\x0d\xe2\xe5\xdfG/\x7f\xf8b\
\x96\x8f\xd20\x5c\x0e@\xa7;\x89<\x9c>;\xc9;\
\x19\xbf&\x1b\x18\xcb\xda\x01\xb5\x05fTsAl\xa9\
m\xbccP\xd4\x85\xda\xe4>\xc6\xc7\xc2\xcc\x01s\xe7\
\x22\xb1\xe7\x0b\xe6]\xef\x81\x01\xbd2ci\xd4tK\
\x88\x0b\x05\x9aA,\x8b\x9bf\xcd\xee \xea\xc2mD\
\x0200u\xa0W\xdf\x85~}O\xbd\x97\xd8.\xd3\
*\xce'\x87.\xdb\x03Uy\x91B\xda8\xf2\xbc\x16\
s\x80\x98\x11(\x06\x8c\xd7G^\x0b\x96\xa7\xa4g\x95\
\x10cVjBL1Y\xb5\x0d3L\xd8\x84\xf9\x90\
5\x91\xcfl\x82HYi4\x06\x87\xc7\xe7\x9f\x1c\x0f\
\x0e\xff8\xff\xfa\xe4\x12\xd6\xb1\x04\xc6\xbd\xc8(\xcc\xa5\
M\x00q#\x95E\x02B\xfb\xd0_G\x02i+\xe9\
\xd3\x9bX\x19C\x13\xd8[[\xef\xbcmz\x88\xfb`\
D\xb2\x14\xa8-{\xa3\xa1\x8cb\x09l.\xcb\xafk\
\xb1\xa2I\x80\xba\xa2#E\x8b\x8b5-W\xbe\x11d\
\x1b\xefl\xeb\x92&\xea\xeb;+\xa1\x83\x9bT\x18\x93\
k\xb5\xacr\x12\x9d\xfc\x01\xd4\x19+\xd42%\x9dI\
\xd9\x1a\x93\x03\x82\x02\x15&\xa3\xea\xb7\xa4\x0cN\xa63\
gr\x999\x11\xb7\xb0/B\x87i\xb4T\x1e\xf1\xc8\
\xb9\xba\x81\x09D\xf3'\x8bo'\xf2\xb1XU\xa5\xc4\
\xcb\xa9\xe7[\xda\xb6\xbe`\xca\x9a\xd7w\xc6\xeb\x8c\xae\
\xda6xy\xae\x9a\x13\xda\xd9`\x9e\xa9h\xab\xfa\xf6\
\x81\x80-q\xca{I\x1eZ@\x83,\xad\xbb\xc8\x87\
;])\x1eK\x15H\x15in\xd3\xe2\xa6\xfd\xe7\xf3\
\xc1\xfd\xefs\xcd\x94\xd1\xf78v]\xe0y\xa2\xa3c\
\x92\xc4n\xca\x11I\x8dZY/\x9e\x8bF\x5cAG\
\xbf\x0d\xee\x1f_\x90L\xbe\xf0/\xcf\x22\xac\xe3\x0b\xb3\
\x88\xdb\xcb\xbc$\xf2\x04\xb0 `\xe9\xf2J38\xfa\
E\xbf\x18\xdfG\x8f\x87O?\x9b\xd0\x9ck#eu\
\x84\xe5\xbe\xd2\x5c\xc6\xd7\xc6}\x86\x05T,\xabJ/\
\xd0\xc9\xd4\xac\x0fb#\xbe&\x19\xb8\xae\xc7-h\xf5\
.\x01\xbd\xdeF\xc4\x87\xda\xa4\x81\x83W\xb4O\xff\xbf\
\x88\x05\x0f\xfeu\xc0IM\x97\x1f\x90\xf3\xc3\x07g/\
~\x9d\xf7\x80\x0c?\xffj\xf0\xd7\xc7\xc3\xc7\x9f\x9e>\
\x7fz\xfa\x22\xa79O\xbaT\xaa<$:\xd9\xf1\x22\
o\xf8m\xec\xaec\xbe!\x97\x8c\x82\x887E\xd8\x18\
\xde\xe7\xe4zOvC\x8a\x08\xe9\x1b\xbaj\x1bV\xa3\
\xd1\xd0\x17\x95\xc9\xcb\x97k:\xbaW\x18\xd7\x7f\x1e\xd4\
D\x17g\x81\xbc\x19p@\xe9\x99O\xed\x0e\xe3\xbe)\
\xcd\x13KR\xe5r\xd8\xa5V\xe31\xf2F \x04\xa3\
r\xd8Hn\xefb\xb7#\x22Az\xe2\xac\x11\xf9\x0f\
\xaa \x0b\xc9\xa00=\xe6\x05\x9eQ:mI\xd0\xa5\
\xd1\x9f\xb6\xb9)\xaa1{\x1b\xc3~\xce\xadM\xb0g\
i\xaaP\xb2\xf2\xae*\xae\xfc\x10Nl\x85\xaeCG\
\x1f`Gt\x8a\x0c\xa40o\x82JE\x11HZ\x06\
W^\xec-\xad\x85(rA\xc6\x1f\x92,8b\xea\
\xf9\xc8ZZZ\x9a\x14\xef\x87\x1c\xd4_L3\xfc9\
\xcf\x9e\xdf\x90\xe8\x02/\x9d\x98\xea\xeb\xcd\x8bE\x9c\xdf\
\xa2U\xc7\xd9P\xdb\x98\xbd\x0c$\xf7\x8a\x1cz]6\
\xb0\x0b\x9d7F\x95\x8aWp\x8c&\xaf.\x8eD\x9a\
\x01'\xfev\xb3\xf8\x0a'?\xff\x00\xcc\x1aXA\
\x00\x00\x03\xe0\
\x00\
\x00\x10#x\xda\xcdW\xcfo\xdb6\x14\xbe\x1b\xf0\xff\
@h\x17\x07\xe9\x14\xc7\x99{\x10\xd0C\xe6\xb6X\x81\
\xa6h\xdan;\x0cC\xc1H\xaf2Q\x8a\x14(\xaa\
uV\x18h\x87\x01k\x8b\xad\xcb\xb0_\xd8\x8f\xc36\
\x14\xe8.[{\xca0\xb4X\xff\x99\xda\xc9N\xfb\x17\
FJr-\xd9\x94\xac89L\x07\xdbz|$\xbf\
\xf7\xbe\xf7\xd1\x8f$\x08\xb9\x90h[n\xc7\xc4\xbd\x89\
:\xf6z\xb7\xd9 \x05\xa3}\x11\xef\xf2XFs\xf6\
\x1egRp\x1a\xd9[X\x82 \x986\x1b\xcd\xc6\x05\
\x09\xc1Y\xa0\xe0+\x1b\xba\xd3l \xf5\xdc&\x9e\xec\
;(\xc4\x02\x98\xb4\x93\xb7t\xa0\x0f\xc4\xefK\x07\x9d\
n\xa7\xefQ\x88]\xc2|\x07\xbd\x95\x19B\xc1C\x10\
r\x17\x11&\x11QK_\x8f\xa4Z\xd8AovR\
\x87k$\x00\x91m\xa3\x1f\xe5\x07\xe2\x16\xa6\x0e\xea\xb6\
\xdbS\xb3\x88\x19K\x16\x96\x22\x86\x9c\x19B\xc0r\xd6\
\xca\xd95A|\x1f\x04x\x0e\xca\xad\x9d\xac\xff\x1a\xc3\
\x19\x1f\xe4U\xfd\xe3z\x8b\xe1\x00V\xa6~\xc3\xf4g\
\xf6u^\xa8\xd1\xdc*\x98\xb9}.\x22\xfb\x06\xa1t\
\x92\x93\xc2\x84+\xfcv\x9a\xf1Z\x93\xf4\xa3s>\x83\
s\x92\xd9,\xe7\xe9k\xd1%c\xc54t!\xc0>\
\xcc\x86^\xc9\xe4\x11\xf7\xd6\x8f\x8ee\x8b{\x8a\xccd\
;\xfb\xb2\x80Hq\x07\x9bQ\x08\xae<O\x0cS\x22\
\x1e\x0bWM\xb0\x88\x9e\xe1\xac\xad\x11\x97\xb35k\x15\
\x06Pt\x1e\x16\xd8\x98\xbe\xf48\x8d\x036\x1b\xd9\xeb\
\xb2\xeb\x16\xed)\x0dI\xd2\xdfO\x03/\x16\xca\x8c\xcf\
;Y\xdc\xf3N.%\xa1\xc9\xae\xa8\xbes\x11\xef\x00\
5\xe5Z?\x12\x06\xd2\xb1F{\x9f\x1f<y\xf6\xef\
\x8b\x1f,\xb3\xd7\x0d%D{\x87S\xcf\xb4G\xc1)\
\xe4J W\xc9G*\x87\xeb\xddy\xbf\xe1\xbc\xa9\x12\
\x9e\xcb)\x17\x0eJ\xf4p\x96\xb8\xf2\x83\xa9<>\xb4\
\x93\xc1\x8a\xb0\xb4j\xfeg\xf1\xa4\xe9F\x87/\xf7\x0e\
\x7f\xf9l\xf4\xc5\xc7\xe3o\x9e!k\x15\x0b?:I\
\xa0\x9d\x85@\x87\xb35V\x829\xc5{\xf8\xe7\xd3\xd1\
\xdf\x9f\xa8\xf2PX\x11\x9a\xd3\x82\x11\xc3z\x95^\x8a\
j\xa9-\x96J\x90\xa3\xe7\xfb\xe3\xef\xf6G{OG\
\x0f\x7fK\xa1z@\xf1\xee*\xb2Pd(\xeb\xac\xb2\
\xac7\x00\xc0\xaa\x11Og.\x9ey\xa5\x19\xce\x93I\
,\xed\xa5\x0a\xe5\xe0\xe1\xfe\xf8\xee\xbd\x05\xba\xcc\xa3\xdc\
8\xa1\x12-Q\x9c\x1e[\x1eI\xed\x82^F\xf5\xc3\
\xa5\xebm\x01s\x06\xd5\xf7\xfa\xe0\xde\x9c\xf4 %i\
\x9c\xfcGu\xbaUi\xb6\xd2z=\xf8\xf1\xcb\xf1\xa3\
'%$\xbbz7\xdd)\x04\x9c\x11\xc9\xc5\xe6\x0e-\
\xc9\x1bg\xbd\xd4\xb7\xd7\xc7\xcc74\x17\xc5e\xb5\xcf\
{\x98\xc6\xd0\x22\xcc\x83\xc1)+\xb7\x81u*\xdbv\
\xc5\xbc\xc2\xb0~\xa1U\xd6Y\xb2\xf3Q\x8f+3c\
\x93\x8co\x182\xfev,%g\x0b\xa8\xdaX@\xd5\
\xbd\x9f\xc6\xbf\xffZB\x120\xac\xb2\xa62\x9e\xeb\xdf\
\xce\xac\x97\xd2DIJi\x05?\x91\xe4\xe1\xb9\x01\xb4\
\xd4q{,\x0e\x8e\x15\xba1\xacv\x8d\x8a\xb6\x8e\x17\
:\x16\xf2\xb8\xb1\x0f\xcb\xfa\xe5-`q\xbe\xa1\xf7\x9c\
@Y\xa6\x06=nhx\xb3\xf0\xc6\x0f\xbe\x1a\xbd\xb8\
;\xfe\xf6\xd3W\xcf\xf7G\x8f\xff\x9a\x89\xb3:\xbem\
i\xab\xdb\x06{W\xd0s\x03u\x8b`\x98\xd2\xdd\x96\
\xa5:;\xddi\xaa.3\xd3\x9f\xed\x11qI\xf5.\
I\xf8+u\xce\xb5j\xc8\xaf^\xfe1\xfe\xfahH\
=u\xd9\xe2\xfee\x1e\xda\xe0\x91\x84\x8aD\xa8'\x00\
\xc6\xa8\xa2:\xea\xc9\x03\xcekc)\x10\xa6\x1a\xadS\
\xebE\x10Y\x95&\xb7\xb3\xa5`\xdc\xff\xf9\x9f\xef\x1f\
\x1f\x89\x18\x01\x01\xbf\x05z\xc9\x9a\x8cL\x8a\x9e\xc7\x11\
l\x0a\xc0\xb5\xef|\xd8u!\x94\xe0\xa5\xe7G\xe4\xe8\
\xea\xbd\xa2O\x8b\xd4\x90\xbf\xcd\x96\x01\xd6\xbaRMA\
\x18\x87-\xe3\xed\xb5\xd9H>\xfe\x03\xe1R\xd5?\
\x00\x00\x03\xbe\
\x00\
\x00\x0e\xa9x\xda\xcdW[K\x1bA\x14~\x17\xf2\x1f\
\x86}J@\x96\xd4\xfa\xb4\x90\x87x\x01\x05\x05m\xa5\
\xed[\x99d'\xc9\xd0\xc9\xce\xb2\x99\xc5X\xc9K\x11\
Z\xac%\xb1\xa0BK\xa1\x15A\xa1\xa5\xf6A\x22h\
\xd1?\xe3n\xe2\xbf\xe8\xcc\xeef/\xc9nnO]\
\x84\xec\x99\xf9\xce\x99o\xbf9\xe7\xcc\x88\xab:5\x18\
\xd8d\x9b&.\xbeI\xcd\xe0\x88-/R\x8d\x19\x94\
\xd4\xe4u\xc8\x90\x81!\x19@\xac\xc1\x1dj\xb2Zj\
f\x83\xea\xa6\x0evS3\x80?XU\x0cJ\x99k\
@\xadX\xa1FM.\x22\x8d\x07Y\xd5\x14\xa0C\x83\
\xbf\xbb\xb3\xdbXe\x15\x05\xccg\xb3\xae]A\xb8\x5c\
a\x0ax\xda\x1bPqUa\x86\x89R3\xae\xad\x1b\
TG\x06\xdb\x01Xc\x00\xa9\x98m\xe9;H\x01\xd9\
\x84\xd9UMEug\xda\x05\x94L\xad\xc80\xd58\
\x00\xb3\xe5:J\xa3:\xcax\xb4\xc5\xd3\x8b\x98\xcb\x06\
c\x0c3\x82^cUf\xa8\xcer\x92}}k\xed\
\x7f\xef|=\xb4Z\xbf:\x17\x1f\xad\x9b\xa6\x14`\x09\
\xe2\xeb\xd6\xd1\x12d\x10\xe4@\x95\xf2U\xa8!\x97\x11\
[B%h\x12\xe6\xac\x17\xc05X\x0d\x22{~\xb2\
\x18\x0c1\xaa\x0f\x22\xf8o\x00\x80F\xb96\x80\x10\x83\
\x01DE\x04\xee\x0c`\x9c\xd1\xc8B\xce\xb0G:_\
 \xa1E\xb8\xacZ\xda#\xde\x18\x10S\xa8&\xc4\xc4\
B\xedX9\x9fD\xc7\x9cm\xc99\xf0D\x9d;\x7f\
\x8f\xbbw\x87\x13\xe9\xec\x04\xf4X\xfc\x9f\x22\xc7\xea\xb8\
H\x89Y\xd5\xdcZ\x0a\x89\xd7\xab\x9c\x12&$Z5\
\xe2Y\x83\x05DBh\xaf\xf0z\x22F'\xdc\xd82\
$\xb8\xacUy\x18\x85W\xb0\x9c\x17\xd6\xca\xa2S\x97\
Q\xb8\xf8\x02\x05\x0c\xcft'\x01x\x83\x90u\x5cG\
\xe49~\xcb\xabpn.f\xbe@\x89\xaa\x00\xb7\x86\
\xc3\x93\xbd\xa6\x22\x97\xa8\x81\xca\x0655\x0e\xf3\x07\x17\
H\x18\xdf\x88\xba\xba\x82\xf5}\xfc\x14\xdf\x19r\x11\x22\
\xbft\x9b\xd1 U\xf1\xe4Uu\x95\xa1j\xcc\xa2\x9e\
\xf2^\x9a\xc5\xcf;\xdb\xc2%\xb5Z\x9f:\xe7\x7f\xa4\
x\x90N`\x11U\xb8\x5c\xc8\xd8\x12; uO\x7f\
\xfa\xea\xdb\xcdf\xf7>\xce\xb31\x05W7\xdf\x87Q\
\x95\xac\xdf\x07\xf6\xd1U\xf7\xfa\xd2\xba\xdb\x8bYu\x80\
\xeb\xf2\xabe`\x1f\xbf\x7f\xb8mw\xbe\xec\x8dp\x9e\
\x86\xb2W\x81C9w\xef[\xdd\x1f\x07V\xf3\x9d}\
4\xb6\xc6V\xeb\xd2\xda\xbf\x00\x82>'\x0e\x1eO\xbf\
Yg\xc7\x89!\xa6a\xdek\x0c\xc3\xe5\xbem\xdb'\
\xed\xb1I;h\x97:\x7fy<\xb9Jw\xce?g\
F\x13\x0e\x99}\xa4G\xd5Ah~\xc5;\xa4\xa3\x00\
/\xf4\x84a{\x07\xfe\xbc\x7fD\x8b\xe7\x19\xdd\xee\xd3\
\xb3\xd7\x0c\x0d\x17\xeevC\xd7\x8a\x07\x16(c\xb4\xea\
#]3\x80.\x98\xdc\xeeo!^\xdf\xb3\x9a\xc7v\
\xfbC\x9f\x98T[$\xfc\xca\x83x\x93\x12\x97\x1b\xb9\
Hh\x0d\xa53\xb1=jXp\xbb\xd9z\xb89\x93\
\xa6\xef\x85}db\xf2.z8&$\xa6hWJ\
\xf8h\x9c\x8d\xc7\xf1@J\xe8xL@\x89\xeaT\xc2\
\x87d\x02\xce\xa9\x05%rT& C\xd7\x10%\xbe\
#7\xc2\x19\xe3\xd7[\x09\xa4\xfd[G.\x9b\xd9\x1d\
\x1a]\x86\xaa\x9a\xd7\xf5\xb4\xa7V&\xe1\xe3t}\x9d\
r\xce2\x7fA\x9a:\x02\x1d\xcd\x8e\xb1Z\x08\x225\
\x94@\xb4X\x81Z\x19\xbd\x80<\x05\xd2\xfe\xcdiV\
\x12\x1b'\xcd\x86/3\x99\x89\xfc\xb9g\xe0\x1e\xbd\x93\
\x8e\xe1-6:p\x17\xd6d\xfe\xce\xfe\x07\x01\x1cs\
\xb2\x08\xa1\xec\x90fEz\xc4J\x1d\xd9\xbc\x1ab\x1b\
\xde\xbf\x07S)9*\xd0\x98\x92\x8e\x0a3\xb6\xb6\xa3\
\x02M \xf2\xa8P\xe3\xa9\x1d\x93\xd8\xc3j\xa1\x11\xdb\
:\xfd\xa2n\xf8?\xfc\xef\x1f\xbce\x0b\xff\
\x00\x00\x01\x22\
i\
mport QtQuick\x0d\x0ai\
mport ProcessObj\
 1.0\x0d\x0aimport Cli\
pboard 1.0\x0d\x0aItem\
 {\x0d\x0a    ProcessO\
bj{\x0d\x0a        id:\
pro\x0d\x0a    }\x0d\x0a    \
Clipboard{\x0d\x0a    \
    id:clip\x0d\x0a   \
 }\x0d\x0a    function\
 system(cmd){\x0d\x0a \
       return pr\
o.system_(cmd)\x0d\x0a\
    }\x0d\x0a    funct\
ion setText(text\
){\x0d\x0a        retu\
rn clip.setText(\
text)\x0d\x0a    }\x0d\x0a}\x0d\
\x0a\
\x00\x00\x06-\
i\
mport QtQuick\x0d\x0ai\
mport QtQuick.Co\
ntrols\x0d\x0aimport Q\
tQuick.Controls.\
Material\x0d\x0aimport\
 Qt.labs.folderl\
istmodel\x0d\x0aItem {\
\x0d\x0a    id:root\x0d\x0a \
   anchors.fill:\
 parent\x0d\x0a    cli\
p: true\x0d\x0a    pro\
perty string fil\
ePath: currentFi\
lePath\x0d\x0a    onFi\
lePathChanged: {\
\x0d\x0a        consol\
e.log(\x22currentFi\
lePathChanged \x22,\
currentFilePath)\
\x0d\x0a    }\x0d\x0a\x0d\x0a    F\
olderListModel{\x0d\
\x0a        id: fol\
derModel_\x0d\x0a     \
   folder: \x22file\
:///\x22+filePath\x0d\x0a\
        showDirs\
: false\x0d\x0a       \
 showFiles: true\
\x0d\x0a    }\x0d\x0a\x0d\x0a    F\
lickable{\x0d\x0a     \
   anchors.fill:\
 parent\x0d\x0a       \
 contentWidth: r\
oot.width\x0d\x0a     \
   contentHeight\
: flow.height\x0d\x0a \
       ScrollBar\
.vertical:Scroll\
Bar{}\x0d\x0a        F\
low {\x0d\x0a         \
   id:flow\x0d\x0a    \
        spacing:\
 10\x0d\x0a           \
 width: root.wid\
th\x0d\x0a            \
Repeater {\x0d\x0a    \
            mode\
l:folderModel_\x0d\x0a\
\x0d\x0a              \
      ListModel{\
\x0d\x0a              \
                \
  ListElement{\x0d\x0a\
                \
                \
    title: \x22Pyth\
on 3.11.7\x22\x0d\x0a    \
                \
                \
icon: \x22python\x22\x0d\x0a\
                \
                \
    url:\x22https:/\
/www.python.org/\
downloads/releas\
e/python-3116\x22\x0d\x0a\
                \
                \
    exe_path:\x22I:\
\x5c\x5ctools\x5c\x5cpython-\
3.11.6-amd64.exe\
\x22\x0d\x0a             \
                \
   }\x0d\x0a          \
                \
          }\x0d\x0a\x0d\x0a \
               d\
elegate: ToolBox\
PageItem {\x0d\x0a    \
                \
MouseArea{\x0d\x0a    \
                \
    anchors.fill\
: parent\x0d\x0a      \
                \
  acceptedButton\
s: Qt.RightButto\
n\x0d\x0a             \
           onCli\
cked: {\x0d\x0a       \
                \
     menu.popup(\
)\x0d\x0a             \
           }\x0d\x0a  \
                \
  }\x0d\x0a           \
     }\x0d\x0a        \
    }\x0d\x0a        }\
\x0d\x0a    }\x0d\x0a}\x0d\x0a\
\x00\x00\x05\xc4\
i\
mport QtQuick\x0d\x0a\x0d\
\x0aimport QtQuick.\
Controls.Materia\
l\x0d\x0aimport QtQuic\
k.Layouts\x0d\x0aItem \
{\x0d\x0a    width: 24\
0\x0d\x0a    height: 1\
50\x0d\x0a    ItemDele\
gate{\x0d\x0a        a\
nchors.fill: par\
ent\x0d\x0a    }\x0d\x0a\x0d\x0a  \
  ColumnLayout{\x0d\
\x0a        Item{\x0d\x0a\
            widt\
h: 240\x0d\x0a        \
    height: 120\x0d\
\x0a            Rec\
tangle{\x0d\x0a       \
         radius:\
 3\x0d\x0a            \
    anchors.fill\
: parent\x0d\x0a      \
          clip: \
true\x0d\x0a          \
      color: \x22#2\
e2e2e\x22\x0d\x0a        \
        Image{\x0d\x0a\
                \
    anchors.cent\
erIn: parent\x0d\x0a  \
                \
  source:\x22image:\
//icon/\x22+filePat\
h// \x22../icons/te\
st.png\x22\x0d\x0a       \
             fil\
lMode: Image.Pre\
serveAspectFit\x0d\x0a\
                \
}\x0d\x0a\x0d\x0a           \
 }\x0d\x0a\x0d\x0a        }\x0d\
\x0a        RowLayo\
ut{\x0d\x0a           \
 Layout.fillWidt\
h: true\x0d\x0a       \
     Layout.fill\
Height: true\x0d\x0a  \
          Label{\
\x0d\x0a              \
  text: fileName\
\x0d\x0a            }\x0d\
\x0a            Ite\
m{\x0d\x0a            \
    Layout.fillW\
idth: true\x0d\x0a    \
            Layo\
ut.fillHeight: t\
rue\x0d\x0a           \
 }\x0d\x0a            \
Row{\x0d\x0a          \
      height: 30\
\x0d\x0a              \
  Button{\x0d\x0a     \
               h\
eight: parent.he\
ight\x0d\x0a          \
          width:\
 lab.width+20\x0d\x0a \
                \
   Material.back\
ground: \x22#06967E\
\x22\x0d\x0a             \
       Label{\x0d\x0a \
                \
       id:lab\x0d\x0a \
                \
       anchors.c\
enterIn: parent\x0d\
\x0a               \
         text: q\
sTr(\x22\xe5\xae\x89\xe8\xa3\x85\x22)\x0d\x0a \
                \
   }\x0d\x0a          \
          onClic\
ked: {\x0d\x0a        \
                \
core.system(file\
Path)\x0d\x0a         \
           }\x0d\x0a  \
              }\x0d\
\x0a            }\x0d\x0a\
        }\x0d\x0a    }\
}\x0d\x0a\
\x00\x00\x03\x13\
\x00\
\x00\x0b\xf0x\xda\xadV\xcdj\xdb@\x10\xbe\x07\xf2\x0e\
\xc2\xbd$\x87\xcaI i+\xc8!\xbf4\x10\x97$\
\xfd;\x96\xb54\xb6\x97\xaew\xc5jE\x1c\x82\xa0\x97\
@\x03\xed\xa9\xbd\x94^\x0am\xaf\x81B!\x14\x9a\xb7\
\xa9\x93\xf6-:\xab\x95jI\x96d\xa7\xc9`\xb0=\
\xfb\xcd\xee\xcc7\xb33K\xfb\xbe\x90\xca\xdaW\xfb!\
u_ZK\xf6\xe2\xf2\xec\x0c\xcd)\xed\x0d\xc1\x95\x14\
,\xa8\x5c\xb0[D\x81\xa4\x84\x8d!v\xc9\x91\x08\xd5\
\xb8\xe5&\x82E7\xab\xb7\x19i\x07vG0\x0f$\
\xa3\x81\xea\x0b\x0fp\xbf\x1d\x05}\xebxvfv\xc6\
B\xf1\xa5\xf0A\xaa#+P\x92\xf2\xaee\xe0/\x02\
\x11J\x17\x1c\xab\xd1\xa1\x0c\x9cf\xb3\xb9\xe34\x95@\
\xc7\x1a\xe5fn(%p\xb5\x8d\xe8=\xa2zh\x98\
\x00\xb7\xe3\xfd\x8cs\xc7F\xa5\x85zNr\x94Y\x1a\
\xad\x08\xbe\xe6\xba\xe0+@D\xc6@K\xce7k5\
\xb7A\x12\xe7\xc8 2?\x93\xaf\x16\xf0\xb0p|\x1f\
U#\x8d\x06hf\x0aG*\x18(\x0c\xe6\xf2\xf4\xdd\
\xf0\xe7\xab\xe1\xd9\xe9\xef\xcf'\xc37'\xbf.\xde^\
]\x9c5\xf2P\xc17\x18&\xa2\xc4o-\x98\x0ed\
\x8c?\x95lk\x80\x99\xe5\x84\xb1\xa3\xb9\x02k\xf3y\
\xb3h,\x98\xc9\x8e\x0e_\x7f\xfa\xf3\xe1K\xe3:4\
\x10\xca[\xd7\xa7\xe2\xfc\xeb\xf0\xe4\xfc\xea\xec\xdbmQ\
\x91\xcb\xed-\x10q\xf9\xf1\xfb\xe5\xfb\x1f7q3W\
]\xda\xe1\xb9\x89nE\xe9\xadz\xec3\xaa\x9eQ8\
\xcc\xecK\xb8\xdb\x13\x12/$e\xcc\xb1|\xa23?\
Z-\x89\xe4\xdf&\xb1\xc9C\xa0\xdd\x1eF\xa6d\x08\
U8_B\x07\xb0\xa4\xbc\xe7\xd4\xd3\x97pqi!\
\x0f\xd5\x09g\xd0Q{\x84C\xeak*\x1b\x82\x85}\
n\xdaK\x09\x1d\xf5\xee\xd7\x84\x91\x8a\xd99\xb6O\xdc\
\x1b\x0f\xa5\x04[\x1dw*.\xa3~\xd5\xfa.\xf6\xbd\
B\x1e\x0a|\xe8\xceX\xbeX\x1eq96\xee\xadN\
\xd2\xed\xf4\xa1-\xad\xa88uT]\x96\x93oj\xd5\
\xf8\xa0'\x0e7\xa9\x0c\xea\x88Hq\xba\x9f \xb0C\
XP\x81\x8c\xca\xd5=\xa4\x9a\x19\xba\x0f\xc0U\x84w\
\x19\xd4\xc4\xe0\x0a&$\xde\xb5;\x0b+\x0fV\xeem\
5\xaa\x91\x92x4D\x97\x96\xab!\x87\xa6&\x0c\xcd\
v\xfc\xefn\x0d\xbc-$\xd2f\xa7.\xc4^\xb7Y\
\x08\x8dk\x05\x8c9\x82.NZ'.\xdc\xcd\xe4_\
M\xc8\xa6\xbb\xe8\xa1\xf8\x88\xf4aR4\xe9U3\xe1\
\xd4\x15\x03\x86\xdc\xc6B\x98\x94\xdd\xfa\x8e\x95\x15]\xd6\
v2_v\xb8\x07\x03\x9c\x97T\x7f\xd7\x9b\x15&\xd2\
j'\xf9Qm\x15MM\xf8t\xaa)\x12\xd1KZ\
\xc2\xd2\xf2\xcd;M\x92\xd0\xec%\xb4\x83\xb0m\x9e5\
s\xf7\xe7\xcb\xad\xa6\xcb\xc3\xc4\x092=3Q\xb6\xf1\
D\xb7<6j\x89\xd2#C\xea=\xcc\xcc\xc8.\xb5\
D\x18\xc0\x9a\x04\xf2\xdf\xe3\x82$O\xbd\xf5P)\xc1\
\xb1A\xe0\xdb\xe0@\x1ff\x14\xe3\x06#\xe2+xO\
\x9f3\xb6/\xfc\xd0/#<\xaa\x9c\xe2Z\x9e\xe0#\
w]\x0c\xf6H\xb7X}\xa5\xe3\x1e?\x7f\x01Y\xab\
\xf3\x08\
\x00\x00\x03V\
i\
mport QtQuick\x0d\x0ai\
mport QtQuick.Wi\
ndow\x0d\x0aimport QtQ\
uick.Controls\x0d\x0ai\
mport QtQuick.Co\
ntrols.Material\x0d\
\x0aimport ProcessO\
bj 1.0\x0d\x0aItem {\x0d\x0a\
    clip: true\x0d\x0a\
    ProcessObj{\x0d\
\x0a        id:proc\
essObj\x0d\x0a    }\x0d\x0a \
   Timer{\x0d\x0a     \
   interval: 200\
0\x0d\x0a        runni\
ng: true\x0d\x0a      \
  repeat: true\x0d\x0a\
        onTrigge\
red: {\x0d\x0a        \
    // let proce\
ssDatas = proces\
sObj.getProcessL\
ist()\x0d\x0a         \
   // processDat\
as=JSON.parse(pr\
ocessDatas)\x0d\x0a   \
         // proL\
ist.clear()\x0d\x0a   \
         // for(\
let i=0;i<proces\
sDatas.length;i+\
+){\x0d\x0a           \
 //     proList.\
append(processDa\
tas[i])\x0d\x0a       \
     // }\x0d\x0a     \
   }\x0d\x0a    }\x0d\x0a   \
 ListModel{\x0d\x0a   \
     id:proList\x0d\
\x0a    }\x0d\x0a    List\
View{\x0d\x0a        a\
nchors.fill: par\
ent\x0d\x0a        id:\
listV\x0d\x0a        m\
odel: proList\x0d\x0a \
       delegate:\
ItemDelegate{\x0d\x0a \
           width\
: window.width\x0d\x0a\
            heig\
ht: 40\x0d\x0a        \
    text: name\x0d\x0a\
        }\x0d\x0a    }\
\x0d\x0a}\x0d\x0a\
\x00\x00\x02\x05\
\x00\
\x00\x06\xbcx\xda\x95T\xcd\x8e\xd30\x10\xbeW\xea;\
X=\x81*\xa5e\xe1\xe4\x1b[\x84X\x89E]\x16\
\xc4\xd9ug\x1bk\x1dOdO\xba[V=p@\
\x9c\x10\x07^\x83\x07X!\xed\xe3T\xe21\xd6i\x9a\
\x90\xb4\x0e%\x93C2\x9e/\x9f?\xcf\x8fU\x92\xa2\
%vA\x17\x99\x92\xd7\xfd\x9ej\xf8\xd1\x04\x0dY\xd4\
\xee \xf0V\xac0#\xd7\xfaCt.\x08\xac\x12\xba\
\xdf;#H\xd8]\xbf\xc7\xbc\xa99\xb7\x88T8S\
a`\xb7\x9e\x9b02F\xeb\xa2+\xa55g\xa9\xb0\
`\xe8o\xb4\xe4\x8b@\xc3R\x90B\xc3\xd9I\xbfW\
\x00\xd6\xc5\xeb=\xde\x14\xbaX\x8d\xd6\xa5B*\xb3\xe0\
l\xfc\xbf[\xe5\x82k\x04\xb9\xc5\xa0\x161\x95\xd0\xa8\
p\x9b\x90\x1b5\xa7\x98\xb3\xfd\xd0Y\x22\x16p\x17\x84\
\xee\xc8\xb6^\xe7\xedr\xe9\xe78\x07^\xec\x10M-\
8\xb0Kx\xe9R\x90\xf4Z\xed\xc1\x1dfVz\xf0\
@\xe5h>\x1a)\x89f4\x18\xbeR.\xd5b\xf5\
N$\xd0\xfcA\xb8\x95O\x92E\x83\x99c\x9c\x91\xcd\
j\x80u\xf0\xb3^\xe8\xd2\x8azl\x13\xfd\xa98u\
\x93i\x0f\xf3fw\xf0CPU\xdb\xbd\x0d\x8e\x97\xb3\
\xb4\x09\xea,1\xad$\x85\x92\x19\xe8\x96\xd86\xe9\xbe\
\xbb\xa3T\xdd\x82\xbeT\x9f}6%&\xf4\x01n\xbd\
\xf6F`xr\x84b\x86z\x1e:d\xdd\xc8\xf3r\
\xd6Z\x9f@\xfe\xbb\x9c\xc4\x0fb)\xfe\x98\x84\xc1\xe6\
\xdb\xef\xcd\xcf/\x9b\xaf\xbf6?\xee\xbd;\x9cf3\
\xad\x5c\x0c\xb6U\xd1a  30f]\xba\xa6S\
\xf7t\x97P\x8e\xe0\xf3\x17\xe1\xf8n\x86\x9f\x8d\xc7\xe1\
x\xd9\x93K\xb0\xa4\xa4\xd0\x13\xdf\x93`\xab\x91n.\
7)N3\x224\x01]\xff\xd2T\xd6\xea\xfb\xfd\x9f\
\x87\x87A\xa8\x04\xd5\x0d:\x13\xf2za13\xbe\x07\
\xab\xc5S\x1d\xca\x19\x9a\x89\xf6\xd7:xdK\x9e$\
Z\x88\xdc\xca\xf9L>\xf9h\x94q$\xb4\xbe$\xeb\
\xaf\xdc\xa7Gk\xb0\xee\x82XWw}\xfe\xf8\xd7#\
\x85\x8d\xa5I\
\x00\x00\x04\x94\
i\
mport QtQuick\x0d\x0ai\
mport QtQuick.Co\
ntrols\x0d\x0aimport Q\
tQuick.Layouts\x0d\x0a\
import QtQuick.C\
ontrols.Material\
\x0d\x0aimport SoftLis\
t 1.0\x0d\x0aItem {\x0d\x0a \
   id:root\x0d\x0a    \
property string \
softInfoText: \x22\x22\
\x0d\x0a    property v\
ar softInfo: []\x0d\
\x0a    clip: true\x0d\
\x0a    SoftList{\x0d\x0a\
        id: soft\
List\x0d\x0a    }\x0d\x0a   \
 ListModel{\x0d\x0a   \
     id: model_\x0d\
\x0a    }\x0d\x0a    Time\
r{\x0d\x0a        inte\
rval: 1000\x0d\x0a    \
    running: tru\
e\x0d\x0a        onTri\
ggered: {\x0d\x0a     \
       if (softL\
ist.hasNewSoft()\
){\x0d\x0a            \
    flush()\x0d\x0a   \
         }\x0d\x0a    \
        else{\x0d\x0a \
           resta\
rt()\x0d\x0a          \
  }\x0d\x0a        }\x0d\x0a\
    }\x0d\x0a    funct\
ion flush(){\x0d\x0a  \
      model_.cle\
ar()\x0d\x0a         s\
oftInfoText = so\
ftList.getSoftLi\
st()\x0d\x0a        so\
ftInfo=JSON.pars\
e(softInfoText)\x0d\
\x0a        for(var\
 i = 0; i < soft\
Info.length; i++\
){\x0d\x0a            \
model_.append(so\
ftInfo[i])\x0d\x0a    \
    }\x0d\x0a    }\x0d\x0a  \
  ColumnLayout{\x0d\
\x0a        anchors\
.fill: parent\x0d\x0a \
       ListView{\
\x0d\x0a            sp\
acing: 3\x0d\x0a      \
      Layout.fil\
lWidth: true\x0d\x0a  \
          Layout\
.fillHeight: tru\
e\x0d\x0a            m\
odel: model_\x0d\x0a  \
          Scroll\
Bar.vertical: Sc\
rollBar{}\x0d\x0a     \
       delegate:\
 SoftItem{\x0d\x0a    \
            widt\
h: root.width\x0d\x0a \
               h\
eight: 50\x0d\x0a     \
       }\x0d\x0a      \
  }\x0d\x0a        }\x0d\x0a\
}\x0d\x0a\
\x00\x00\x02\x05\
\x00\
\x00\x07\xf4x\xda\xbdU\xcdj\x1b1\x10\xbe\x1b\xfc\x0e\
bs\x8ep\x9b&m\x16z\xb2\x03\x0d$\x904\xd0\
\x9e\xe5\xdd\xf1ZdVZ\xe4Y\x92\x12\x02\x81\x9c{\
\xebC\x04\x0a9\xf4\xd2\x1c\x9a\xe6iR\xb7oQi\
7\xdb\xda\xbb\xd6\xba)I\x06\x83\xa5\xd17?\x9fv\
4#\xd3L\x1bb\xfb\xb4\x9f\xcb\xe8\x90=\xe7\xcf\xd6\
\xbb\x1d9\xa7\xe4}\xad\xc8h\x9cx\x0f\xf8\xae 0\
R`\x03\xb1#>\xe8\x9c\x9a\x96\x03\x0b\xd6\xc9_}\
P\xa8\xdfI8\x0a\xba\x9dm\x82\x94\x9dt;lF\
\x84\x8a\xc6\xdaL\xf8H\x22\x86,\x13\x06\x14\x95\x88\x83\
\x0c%9\xcb\x19\x0b?\xda\x89\xf3_s\xff\xc7Ia\
\xf2\x06d2\xa6\x90\x91\xc9\xc1\x87\xcb\x0c\x8c\xc0\x18\x88\
\xdf\xcb\x98\xc6!{\xd5\x9bG\xca8d\x08#\xda\x13\
\xaa\xe6\xa3\xaf1OUy3\xb54\x96\xe7\xde\xc2\xa1\
\x92\xd2sa\x7f\x97[\x93\xc7\x02\xac\x9ft%\x11\xca\
\xccw\xbe#'\xf5\x8fP\xbb\x0d\xb4\x88\xc5\x87\xff\xc6\
\xd8I\xaac\xb0\x10\x17l\xd7-=\xd1\xaa\x84\xb6\x10\
R\xeb\xab\x05\xe5\x84$!\x84\xc1\xed\xcd\xe7\x1f\x1f\xbf\
\xfe\xbc\xfc>\xbd\xbe\x0c\xfc\x16\xa7\x0f\x19\xf2\xeaj\xfa\
\xe9\xe2\xf6\xec\xdbc\xc7\xab\x02\xae\xf1\xde\xaf\xf3\x8b\xe9\
\xf5\x97\xa7\x0a\xf8\xe2\xff\x03z\xd4c[\xa5XV\xea\
[\x88H\xa8\x04\xa1%\x99H\xa36!\x0bV67\
z\x1b/\xb7Z\xd20\x22\x96\xf9$d\xeb~\xc8Q\
\xf9\x9c\xca\x0a\xe5\xc5n\xb5\x05>\xd4&\x06\xc3\xab\x14\
\x8a\xac\x87\x98Cp/\xc2\xb6\xcc!\xb1\xfd5,\xde\
\xfc\xe0n\xd7B\x99\xe0\xd8=c\xf7\x01\x96Q\xa9\x1a\
T\xc9\xc5\x8f\x1e\xd9F\xcf\x87\x1a\xe3\xb6\xf6\xe0D\xab\
>\xdaF\x0e\x16\xb8\xa4B\x5c;\xe0Qn\xdcUn\
\xab\x18\x8e\xd9k&\xdd\xffC\x14\xcar\xd5\xccvf\
y@\x22:\x5c\xd8\x99\xef? Z\xfb\xaf\x9b\x0e\xc6\
\xf9h\x8e\x87b\x12\xee\x89\x04\x16\xb4\xd3\xd3\xfa$I\
S\xad\x06\x82\x84\xc55\x90s\x0c\xcb\x8d]\xd8\xdfo\
\xda\xca\xd5\xfc\
\x00\x00\x03\xbc\
i\
mport QtQuick\x0d\x0ai\
mport QtQuick.Co\
ntrols.Material\x0d\
\x0a\x0d\x0aItemDelegate \
{\x0d\x0a    height: 4\
0\x0d\x0a    width: co\
l.width\x0d\x0a    pro\
perty alias titl\
e: text_id.text\x0d\
\x0a    property st\
ring cmd: \x22\x22\x0d\x0a  \
  property ListM\
odel copyList: L\
istModel{\x0d\x0a\x0d\x0a   \
 }\x0d\x0a\x0d\x0a    Menu{\x0d\
\x0a        id: men\
u\x0d\x0a            R\
epeater{\x0d\x0a      \
          model:\
 copyList\x0d\x0a\x0d\x0a   \
             Men\
uItem {\x0d\x0a       \
             tex\
t: \x22\xe5\xa4\x8d\xe5\x88\xb6\x22+valu\
e\x0d\x0a             \
       onTrigger\
ed: {\x0d\x0a         \
               c\
ore.setText(valu\
e)\x0d\x0a            \
        }\x0d\x0a\x0d\x0a   \
             }\x0d\x0a\
\x0d\x0a            }\x0d\
\x0a\x0d\x0a\x0d\x0a\x0d\x0a    }\x0d\x0a  \
  Rectangle{\x0d\x0a  \
      width: par\
ent.width\x0d\x0a     \
   height: 2\x0d\x0a  \
      anchors.bo\
ttom: parent.bot\
tom\x0d\x0a    }\x0d\x0a    \
LabelBase {\x0d\x0a   \
     id: text_id\
\x0d\x0a        text: \
\x22\xe8\xb4\xa6\xe6\x88\xb7\xe8\xae\xbe\xe7\xbd\xae - \
\xe4\xbf\xae\xe6\x94\xb9\xe8\xb4\xa6\xe6\x88\xb7\xe5\xaf\x86\xe7\
\xa0\x81\x22\x0d\x0a    }\x0d\x0a    \
onClicked: {\x0d\x0a  \
      core.syste\
m(cmd)\x0d\x0a    }\x0d\x0a \
   MouseArea{\x0d\x0a \
       anchors.f\
ill: parent\x0d\x0a   \
     acceptedBut\
tons: Qt.RightBu\
tton\x0d\x0a        on\
Clicked: {\x0d\x0a    \
        menu.pop\
up()\x0d\x0a        }\x0d\
\x0a    }\x0d\x0a}\x0d\x0a\
\x00\x00\x02\xff\
i\
mport QtQuick\x0d\x0ai\
mport QtQuick.Co\
ntrols.Material\x0d\
\x0a\x0d\x0aItemDelegate \
{\x0d\x0a    height: 4\
0\x0d\x0a    width: co\
l.width\x0d\x0a    pro\
perty alias titl\
e: text_id.text\x0d\
\x0a    property st\
ring cmd: \x22\x22\x0d\x0a  \
  Menu{\x0d\x0a       \
 id: menu\x0d\x0a     \
   MenuItem {\x0d\x0a \
           text:\
 \x22\xe5\xa4\x8d\xe5\x88\xb6\x22\x0d\x0a     \
       onTrigger\
ed: {\x0d\x0a         \
       core.setT\
ext(cmd)\x0d\x0a      \
      }\x0d\x0a       \
 }\x0d\x0a\x0d\x0a\x0d\x0a\x0d\x0a    }\x0d\
\x0a    Rectangle{\x0d\
\x0a        width: \
parent.width\x0d\x0a  \
      height: 2\x0d\
\x0a        anchors\
.bottom: parent.\
bottom\x0d\x0a    }\x0d\x0a \
   LabelBase {\x0d\x0a\
        id: text\
_id\x0d\x0a        tex\
t: \x22\xe8\xb4\xa6\xe6\x88\xb7\xe8\xae\xbe\xe7\xbd\xae\
 - \xe4\xbf\xae\xe6\x94\xb9\xe8\xb4\xa6\xe6\x88\xb7\xe5\
\xaf\x86\xe7\xa0\x81\x22\x0d\x0a    }\x0d\x0a \
   onClicked: {\x0d\
\x0a        core.sy\
stem(cmd)\x0d\x0a    }\
\x0d\x0a    MouseArea{\
\x0d\x0a        anchor\
s.fill: parent\x0d\x0a\
        accepted\
Buttons: Qt.Righ\
tButton\x0d\x0a       \
 onClicked: {\x0d\x0a \
           menu.\
popup()\x0d\x0a       \
 }\x0d\x0a    }\x0d\x0a}\x0d\x0a\
\x00\x00\x03\x8c\
i\
mport QtQuick\x0d\x0ai\
mport QtQuick.Co\
ntrols\x0d\x0aScrollVi\
ew {\x0d\x0a    id:roo\
t\x0d\x0a    width:par\
ent.width\x0d\x0a    h\
eight:parent.hei\
ght\x0d\x0a    content\
Height: col.heig\
ht\x0d\x0a    contentW\
idth: col.width\x0d\
\x0a    ScrollBar.v\
ertical: ScrollB\
ar{\x0d\x0a        anc\
hors.right: pare\
nt.right\x0d\x0a      \
  height: parent\
.height\x0d\x0a    }\x0d\x0a\
    Column{\x0d\x0a   \
     id:col\x0d\x0a   \
     width: root\
.width\x0d\x0a        \
// 1.\xe5\xbc\x80\xe5\xa7\x8b\x0d\x0a   \
     ItemDelegat\
eText{\x0d\x0a        \
    copyList:Lis\
tModel{\x0d\x0a       \
         ListEle\
ment{\x0d\x0a         \
           value\
:\x22HKEY_LOCAL_MAC\
HINE\x5cSOFTWARE\x5cMi\
crosoft\x5cWindows \
NT\x5cCurrentVersio\
n\x5cWinlogon\x22\x0d\x0a   \
             }\x0d\x0a\
                \
ListElement{\x0d\x0a  \
                \
  value:\x22Default\
UserName\x22\x0d\x0a     \
           }\x0d\x0a  \
              Li\
stElement{\x0d\x0a    \
                \
value:\x22DefaultPa\
ssword\x22\x0d\x0a       \
         }\x0d\x0a    \
        }\x0d\x0a     \
       title: \x22N\
etplwiz \xe6\x97\xa0 \xe8\xa6\x81\xe4\
\xbd\xbf\xe7\x94\xa8\xe6\x9c\xac\xe8\xae\xa1\xe7\xae\x97\xe6\x9c\
\xba\xef\xbc\x8c\xe7\x94\xa8\xe6\x88\xb7\xe5\xbf\x85\xe9\xa1\xbb\
\xe8\xbe\x93\xe5\x85\xa5\xe7\x94\xa8\xe6\x88\xb7\xe5\x90\x8d\xe5\
\x92\x8c\xe5\xaf\x86\xe7\xa0\x81\x22\x0d\x0a     \
   }\x0d\x0a\x0d\x0a       }\
\x0d\x0a\x0d\x0a\x0d\x0a\x0d\x0a}\x0d\x0a\
\x00\x00\x08r\
i\
mport QtQuick\x0d\x0ai\
mport QtQuick.Co\
ntrols.Material\x0d\
\x0aimport QtQuick.\
Layouts\x0d\x0a// \xe5\xbf\xab\xe9\
\x80\x9f\xe7\x9a\x84\xe6\xb5\x81\xe7\xa8\x8b\xe5\x9b\xbe\x0d\x0a\
ScrollView {\x0d\x0a  \
  id:root\x0d\x0a    w\
idth:parent.widt\
h\x0d\x0a    height:pa\
rent.height\x0d\x0a   \
 contentHeight: \
col.height\x0d\x0a    \
contentWidth: co\
l.width\x0d\x0a    Scr\
ollBar.vertical:\
 ScrollBar{\x0d\x0a   \
     anchors.rig\
ht: parent.right\
\x0d\x0a        height\
: parent.height\x0d\
\x0a    }\x0d\x0a    Colu\
mn{\x0d\x0a        id:\
col\x0d\x0a        wid\
th: root.width\x0d\x0a\
\x0d\x0a        // 1.\xe5\
\xbc\x80\xe5\xa7\x8b\x0d\x0a        I\
temDelegateBase{\
\x0d\x0a            cm\
d:\x22control power\
cfg.cpl\x22\x0d\x0a      \
      title: \x22\xe6\x89\
\x93\xe5\xbc\x80\xe7\x94\xb5\xe6\xba\x90\xe9\x80\x89\xe9\xa1\xb9\
\xe8\xae\xbe\xe7\xbd\xae - \xe6\x9b\xb4\xe6\x94\xb9\xe7\
\x94\xb5\xe6\xba\x90\xe9\xab\x98\xe6\x80\xa7\xe8\x83\xbd \x22\
\x0d\x0a        }\x0d\x0a\x0d\x0a \
       ItemDeleg\
ateBase{\x0d\x0a      \
      cmd:\x22power\
cfg -change -mon\
itor-timeout-ac \
0\x22\x0d\x0a            \
title: \x22\xe7\x94\xb5\xe6\xba\x90\xe9\x80\
\x89\xe9\xa1\xb9\xe8\xae\xbe\xe7\xbd\xae - \xe4\xb8\x8d\
\xe4\xbc\x91\xe7\x9c\xa0 \x22\x0d\x0a      \
  }\x0d\x0a\x0d\x0a        I\
temDelegateBase{\
\x0d\x0a            cm\
d:\x22control firew\
all.cpl\x22\x0d\x0a      \
      title: \x22\xe9\x98\
\xb2\xe7\x81\xab\xe5\xa2\x99 - \xe9\x98\xb2\xe7\x81\xab\
\xe5\xa2\x99\xe8\xae\xbe\xe7\xbd\xae\x22\x0d\x0a    \
    }\x0d\x0a\x0d\x0a       \
 ItemDelegateBas\
e{\x0d\x0a            \
cmd:\x22netsh advfi\
rewall set allpr\
ofiles state off\
\x22\x0d\x0a            t\
itle: \x22\xe9\x98\xb2\xe7\x81\xab\xe5\xa2\x99\
 - \xe5\x85\xb3\xe9\x97\xad\xe9\x98\xb2\xe7\x81\xab\xe5\
\xa2\x99\x22\x0d\x0a        }\x0d\x0a\
\x0d\x0a        ItemDe\
legateBase{\x0d\x0a   \
         cmd:\x22co\
ntrol /name Micr\
osoft.NetworkAnd\
SharingCenter\x22\x0d\x0a\
            titl\
e: \x22\xe7\xbd\x91\xe7\xbb\x9c\xe5\x92\x8c\xe5\x85\xb1\
\xe4\xba\xab\xe4\xb8\xad\xe5\xbf\x83\x22\x0d\x0a    \
    }\x0d\x0a\x0d\x0a       \
 ItemDelegateBas\
e{\x0d\x0a            \
cmd:\x22ncpa.cpl\x22\x0d\x0a\
            titl\
e: \x22\xe7\xbd\x91\xe7\xbb\x9c\xe9\x80\x82\xe9\x85\x8d\
\xe5\x99\xa8\x22\x0d\x0a        }\x0d\
\x0a\x0d\x0a        ItemD\
elegateBase{\x0d\x0a  \
          cmd:\x22c\
ontrol userpassw\
ords2\x22\x0d\x0a        \
    title: \x22\xe8\xb4\xa6\xe6\
\x88\xb7\xe8\xae\xbe\xe7\xbd\xae\x22\x0d\x0a     \
   }\x0d\x0a\x0d\x0a        \
ItemDelegateBase\
{\x0d\x0a            c\
md:\x22explorer.exe\
 ms-settings:rem\
otedesktop\x22\x0d\x0a   \
         title: \
\x22\xe8\xbf\x9c\xe7\xa8\x8b\xe6\xa1\x8c\xe9\x9d\xa2\xe8\xae\xbe\
\xe7\xbd\xae\x22\x0d\x0a        }\x0d\
\x0a        ItemDel\
egateBase{\x0d\x0a    \
        cmd:\x22mst\
sc\x22\x0d\x0a           \
 title: \x22\xe8\xbf\x9c\xe7\xa8\x8b\xe6\
\xa1\x8c\xe9\x9d\xa2\x22\x0d\x0a        \
}\x0d\x0a\x0d\x0a        Ite\
mDelegateBase{\x0d\x0a\
            cmd:\
\x22devmgmt.msc\x22\x0d\x0a \
           title\
: \x22\xe8\xae\xbe\xe5\xa4\x87\xe7\xae\xa1\xe7\x90\x86\xe5\
\x99\xa8\x22\x0d\x0a        }\x0d\x0a\
        ItemDele\
gateBase{\x0d\x0a     \
       cmd:\x22serv\
ices.msc\x22\x0d\x0a     \
       title: \x22\xe6\
\x89\x93\xe5\xbc\x80\xe6\x9c\x8d\xe5\x8a\xa1\x22\x0d\x0a  \
      }\x0d\x0a\x0d\x0a     \
   ItemDelegateB\
ase{\x0d\x0a          \
  cmd:\x22appwiz.cp\
l\x22\x0d\x0a            \
title: \x22\xe5\x8d\xb8\xe8\xbd\xbd\xe7\xa8\
\x8b\xe5\xba\x8f\x22\x0d\x0a        }\
\x0d\x0a        ItemDe\
legateBase{\x0d\x0a   \
         cmd:\x22ne\
tplwiz\x22\x0d\x0a       \
     title: \x22\xe8\x87\xaa\
\xe5\x8a\xa8\xe7\x99\xbb\xe5\xbd\x95\xe8\xae\xbe\xe7\xbd\xae\x22\
\x0d\x0a        }\x0d\x0a   \
     ItemDelegat\
eBase{\x0d\x0a        \
    cmd:\x22regedit\
\x22\x0d\x0a            t\
itle: \x22\xe6\xb3\xa8\xe5\x86\x8c\xe8\xa1\xa8\
\x22\x0d\x0a        }\x0d\x0a  \
     }\x0d\x0a\x0d\x0a\x0d\x0a}\x0d\x0a\x0d\
\x0a\
\x00\x00\x00\x85\
i\
mport QtQuick\x0d\x0ai\
mport QtQuick.Co\
ntrols.Material\x0d\
\x0aimport QtQuick.\
Layouts\x0d\x0a\x0d\x0aLabel\
 {\x0d\x0a    font.bol\
d: true\x0d\x0a    fon\
t.pointSize: 18\x0d\
\x0a}\x0d\x0a\
\x00\x00\x02%\
\x00\
\x00\x08=x\xda\xc5UOk\xd4@\x14\xbf/\xecw\
\x18r\xaa\x14\x92]\x15\x94P\x057\xfeiak\xbb\
\x05\xe9y\x9a\x9d&\xc3\xce\xce\x84\xc9Km)\x0b\x82\
\x14\xa1P\xf0\xa4=(\xd8[/E\xc1\xab\xc5/c\
\x8a\xfb-\x9c\xc9\xec\xae\xd9$\x0b\xd1R}\x81\x90\xf7\
\xff\x97\xdf{\x93\xd0a$$\xa0\x1e\xf4\x12\xea\x0f\x9a\
\x0d:\xa7\xdb\x9e\xe0 \x05\x8b\x17:\xecu\x0cDR\
\xccJ\x11]| \x12P\x99\xcd\xc6\x1a\x90!:l\
6\x90\x92\x90\xd0 \x04\x17\xddi\x19}\x13s2q\
i\xc1\xdc\x0f\x85\x8c\xed]\xca\x98\x8b\x22,\x09\x87\xdf\
\xdei3\x9b0\xb2\x87\x81\x0a\xee\x22t\xd7\xf8G\xba\
\x93~\xd8\x12/MoT\xbb\xae\xe3\xe8\xac\xc39\x83\
\x16S'KZ\x9d\xe0\x06\x99\x90R\x5c'\x01\x10\xbc\
\x83c\x82\xcaE\xb4\x00\xd9W\xb9Vzt>~}\
\x9e\x1e}\x1d\xbf\xbf\xb0*\x03\x05\xf7\x98b\x8f\xf4\xdd\
\x05\x95\xb4\xc4 \xa2G\x8c-\xdd\xaa\x8c\x18\x95\xac\xa3\
\xeb\x02\xfe\xf6*}\xfb\xf9Z\x80\xb1\x84\xbfG\x9c\xd3\
\xf4*\xe5\xfa\x14\x86\xb4M\xfb\x10\x16gTk\x90\xb3\
\xed\x99lP\xa1\xc7tk\xcd\xe2\xd8F\x9d\x0f\xa9\xa6\
\xb4\xc0\xe7\xf8\xcd\xc9\xd5\xbb/\xe9\xf1\xa7\x9f\x97\x97V\
9\xaa\x9a\xcc\xbcPNa]\xa8\x9b\x90y2+\x98\
\xacPkA\xfc\xf1\xfdczqZ\x01\x8ep\xbc\xc3\
4\xb4\xa1\xe9o\xfb\x82\xef\xd2`\x15\xc7^\x88y@\
\xfa\xe5\x94\xd9y\xdd\xc1\xfe \x90\x22\xe1*}f\xec\
\xb0\xe2\x98\xeaq0\xed\x1f\xe3=\xe2e\x18\xeaQ1\
o\xd0\x9b\xf4X}G\x02\x05g1\x1bW\x1fN\xd2\
\xe33\x17\xad0\xca\x07\x0f\xade+\x04\x88\x5c\xc7i\
\xd9\xd9\xe5\xdeo\xb5\xdb\xca\xba\xe2\x18\x7f\xb9N\x8d\xcd\
\xa9\xf7\xd6=\xb0ED\xf8\x0b\xc9\x9e\xec+\x029f\
\xec`i\x0a\xa7}\xfb^\x06\xa8\x9d\x01r\xfa\xc2\x8f\
\xad\x1b\xe3\xa4\xbb\xf1\xec&_\x94\x11PE D\x0f\
f\x93\x0e\x08tE\xb0\xa9\x8cU\x93^\xcc\x8e:\xef\
D\xb1\xe3X\xcb\xba\xe0\x1f\x9f\x97ztx\x1b\xcf\x9f\
\xae\xfd\x07F\xcc\xea\xffSRF\xb9_\xad\xba\xfd\x02\
\xaf\x9e\xfc\x0a\
\x00\x00\x02\xd3\
\x00\
\x00\x0a\x1bx\xda\xbdV\xcdj\xdc0\x10\xbe\x07\xf2\x0e\
\xaaK\xc1\xde\x04\xaf\xbd\xcd\x96\xc4\xd0\x94tK\x9a@\
JI\x1bh\xafZ\xaf\xd6\x16\xb5%#\x8f\x13\xa7!\
\xc7\x9e{\xe9C\xf4V\xfaP\xa1\xafQ\xf9om\xed\
J!\x81R\xb1\xb0\x964\xf3\xcd\xcc73\x92h\x9a\
q\x01\xe8\x1c\xce\x0b\x1a~\xd9\xde\xa2\xca\xdc\x9dq\x06\
\x82'\xb9\xfb\x0e\x03\x11\x14'\x1b\x12g\xf8\x9a\x17\x90\
oo\xcdxR\xa4\x0c\xddlo!9\x96\x05\x0b\x81\
r\x86\x22\x02\x1f\xe9WrAJ\xb0s\xf9\xe1\xb4\x02\
\xd5\xa0KT\xaf\x1d\xfa\x9e\xe7\x0d7\xaa!\x08\x14\x82\
5\x02\xe3Z\xc0\x05~LK\xb2\xb0'\xce\x8e\x85.\
^[\xbd\xc2m\xff\xd9\xeaUj\xaa\xc2\xdbN\xa1\x15\
\xfe\xc0\xaf\x1a\xe7\x07\x86\xaf\xe8\x02\xe2\x00eX\x10\x06\
n=\xeb7O\x81\xa4kN\xc6\x84F1\x04\xc8W\
\x97[\x98\xa9\xd6\xc13<'\x09Z\x03\x02\xc9O\x80\
R^0\xc88e\xa0\xee.e\x1a\xdc9O\x16\x01\
\x02Q\x10\xcdf\xadT\x11-}\xf1\xccf\xb5Vy\
V\xe5\xef>\xc8}-\xa2\x86\x8f\x86PwI\x93\xe4\
S\xc3\xc1\xa6\xbf\x03\x99\x93\x96>U\xe8a\x5c-s\
\xb8\xce\x1eG\xc5\x7fu}<\xde\xf4^\xae\x99\x03h\
7\x8d\xb9\x1e\xee\x1bb\x94\x22\x0f#/#\x22\x94\x15\
\x8e\xa3\xbeG|\xd9#\xcf\xac\x7f[w]\xa7\x91\x10\
0\x8b\x12\xb2\xd9i\xfe\xc1@k\xd5M{\xfdZ\xc8\
\x13.\x82spE4\xc7\xf6\xd4\x1bO\xa6\xd3]\xf5\
\xcfw\x86\xa9\xd5\x19\x1b\x82\xb7\xbd\xddL\xb5m\xdb\x93\
\x83F\xcaQP\x1dC\xaaF\xe3]\xafpx\xe0\xbd\
\xea|\x9d\xf8\xfb\xb5{\xcf\x95?\xdf\x09T\x08\xed\xe8\
0:\xa5\x17M\xa4\x1dd\x15\xb1\xa6\xe4L\xa1\xcf\xb9\
X\x10\xe16\xce\x22\xeb\xa9W\x0fK+\xd4r0Q\
71\x0bc.\xf2\xba\xf2;\x0auL\xac\xc0kx\
C\xf3\x99\xdc\xe4\x19\x0e)\x5c\x07\xc8s\xf7\x0f\xf4\xf6\
/\x89\x00\x1a\xe2d&\xed\x13\xb1J\xa6\xba\xacM\xea\
\x9e\xb6\x1a\x94b\x18\xf9\xeeT\x1bTw\xf95\x0c\xda\
\xab\xe9{!\xc3 \x8e\xaaS\x066\xc4\x82\xe4\xb1l\
\x9b\xaa`\x9c\x91\xfe6\xa9#f\x9fgq\x85!\x1b\
\xecf\xb3,V8\xe8e\x15iNN\x19\xd8\xe5x\
\x887\xaa,\xa8\x9a\x0a\xd7\xd5x#pt\x82\xd9\x22\
!Bc\xa4<*i\xee\xa6\x94\xd1\xb4H%\xf7F\
\x09\x5c6\x12\xadysTMdG\xf2\xfe\xbf$\xf7\
\x85\xd7<\x01\xec'\xb8~)8\x06\x89\xd6N)9\
\x90]1\xa7lAYdw\xef\x0b\xdb\xa46|B\
\xe8\xf3q\x7f\x005\x93\xce:\x95\x9a\xa63,\xdd\x1a\
\x0fC~u\xf3\x90[\xd9\xba\xfb\xfe\xeb\xcf\x8f\x9f\xf2\
cg\xf8\x86Z\x0aB\xe4I\xbd\x8b\xacG\xde\xf2\xd6\
\xdd\xb7\xdf\xeb`\xc0\x01'\x8e\xceS\xf9\xfb\x0b5\x89\
uG\
\x00\x00\x00\xdb\
i\
mport QtQuick\x0d\x0ai\
mport QtQuick.Co\
ntrols\x0d\x0aimport Q\
tQuick.Layouts\x0d\x0a\
import QtQuick.C\
ontrols.Material\
\x0d\x0aLabel {\x0d\x0a    f\
ont.bold: true\x0d\x0a\
    font.family:\
 \x22Microsoft YaHe\
i\x22\x0d\x0a    anchors.\
verticalCenter: \
parent.verticalC\
enter\x0d\x0a}\x0d\x0a\
\x00\x00\x03\xb9\
\x00\
\x00\x0clx\xda\xb5V\xcb\x8a\xe3F\x14\xdd7\xf4?\
\x88\x86\xe0\x04LQo\x95\x04I \xeei\x08\xcc\x04\
f\xba\xc9b2!h\xec\xb2-FV\x89R\xb9\x1f\
c\x0c\xd9$d\x99e>%\x8b\xfcN\x12\xf2\x17\xb9\
%\xf9%YrB\xc6\x91\x17V\xddW\xdds\xeb\xdc\
[J\x17\x85\xb1.x\xe9^.\xd3\xf1\xbb\x80\x22\x22\
./\xd2\x86\x10=O\x9e\xcc\xd2\x95G\xf2\x91\xc9\x9d\
5Y\x89^$N\xdb4\xc9./\xea\xdf\xc8d\xcb\
E\xbe\xba\xbc\x08\xe0yH'n\x1e\x07Ebu\xee\
P\xb5\xaa\x15\xe9$\xb6\xc68\xef\xe0\x97w\xe9B\xdb\
\x8dO\xa5\xce!\xe8}\x92\xc5\x01\xc5\x18\xef\xe5V\x17\
:qq\xe0\xecR\x1fH\x97y\x9e\xe6\xb3\xb6\xd8\xe4\
w6\x9d\xcd\xb4\xd5\x938Xm\xb7\xf2\xcf\xba~]\
oe\x855\x85\xb6\xee)\xb8Ol\xe0t\x09;\xac\
\x06\xa3\xf8\xcd\x9bA\xbcwZ\x0d\x16f\x99\xbb\xc2@\
r\x87r\xff\xd4\xc6\xc3`0-\xddS\xa1\x07q0\
\xf8\xea\xee\xe6\xd6KL\xe1J\xbf\xb6\x0f\xc3i\xfa\xa8\
'\x83a\xcb\xd5\x19\x97d`\xc1\xa3\x08Q\xc2\x15\x8b\
\x22&\x18\xa6!k[.Kp\x07C\xa6P$\x19\
!D\x85!\xe7\x84\xb7\xed\xa6V\xfb\x14$FT\x90\
\x90*,B%\x09;\x8a\x07\x98\xc7p.\xc9\xcc[\
\xab\x10E\xeb\x03\x8b\xc1\xf5I\xfc\x1b\xfd\xd1\xd6\xff\x1d\
\xbf$\x02)J\xa9R\x820\xa2\x98\x1c\xee\x10\x0b%\
\x10\x91\xd2\xa3\x88\x98\xe2a\xd8\x83\x98a$\x85\x10\x98\
2\xb0c\x02l\x87-\x94\x91@\xb8\x81\xf2Y\x85\xf2\
\x08\xdc\xb3s\x83\x13\x04\x01\x95\xc3P\x10.\xb9\xe2|\
\x0f\x8eE\x1cE\xa0\xc0Jp\x1eQ\x12\xf5\x80\xa3B\
\x22J\x19\x95Rb\x22$\x15mlp\xdea\x03\xdb\
M7\xb6\x9b3c#\xa1\x0c\x11\xe7\xc05\x09\xd9E\
\x98\xb3=8\x15I\xc4\xa2\x90\x84\xc0kA\xb1 =\
\xe0TH\x10\xe6\x82\x01\x9b#\x22\xa3\x88\xb6\xc1\x896\
\xb8\xd7\xdd\xe0^\xf74bk\xdb\x03pV/\x8c\xd3\
\xdeg\x0b\x88\x85\x02ZL)\x18=\x04KE\x88\xe8\
\xe9\xc4\x88\x01g)\x97\x18\xc3\xb1\x85p2\xc3\xfdi\
\x01\x95\x19\x92\x0c\xbaY\xa9\x10\xce\xf6d\xf3Q\x8e\xd4\
z\xdd\x1aF\x80(H\x9d^|W:\x98\xb10E\
w\x1e\x9f\xb9\xb9\xd5\xe5\xdcd\x93\xcfqL\xea\xb9\xeb\
]\xbf\x04\xebk\x9d\xe9\x19\xd8\x07\xff4\x82\xe7:\x9d\
\xcda\xd2qQ\xaf\xcb\x22\x19WS\x94o\x06\xee\x8d\
M\x16\xfa`('\xf9xnl\x89\xa6i\x96m\x03\
\xee\x06\xa9\xff{e\x1e\xea\xeb\xe2_9m\x13^5\
\x0b\xb3\xc9\x97\xe0\xa6x\x9b-9\x9a\xe2\xfe\xb9N\xcb\
w>\xd6+=n\x85\xdb\xee\x7f\x0f%M\xc7I6\
\xd2\xfej\xd9\xd5\xa3)\xee\x8c\x0d\xa8\xce\x13\xf3\x10\x06\
k\xc1{\x9e\xbc\xd5Yk\x1b\xff8\xfd\x08\xd6W\x7f\
\xfc\xfa\xc3\x9f?\xff\xf8\xd7/?\xfd\xfe\xfdoW\xc7\
VS\xb8\x8c\xd1[\xa0C\xfb\x0al\x18\x14\xd0\xc5\xd9\
m\xfa\x1e\xa8D\xe8\xd9\x10\x1dT\xea\xb6H\xf3/\xcc\
cp\xberM\xadY\xc4\xadR9\x13\x13\x8c{H\
\xd3\xc3\x9a\xcdV\xf5\xb2i\x02_\x19K\xa8\xc8\xae\xa3\
\x9aZ\x93\x7f\xed\xf5\xa3y\x92\xcf6\x9f\x11\x8d\x5c\xb6\
^\xc1\xa7u\xa0\xa6z\x5c\xb9U\x11>N\xf3\x89~\
\x1c^\xed<\xae\x86\x95\xc3'\xbd\xd5<x\xedb\xc7\
\x86\x19\x1f\xb5\xe8p\x92\x0a\xff\x13\x0d\xba\x93\xee\xee\x9d\
\xc6\xa4\xc1\xc7\xba\x0f \xcb)\x22\xec\xaa\x18t\xe4\xb3\
/g5i\xaf\xd3\xb1\xfbf?x\xbfE^\xd7\xed\
U\x17\xd4\xdf=\x9b\x82\xb2\x13v\xa7\x1a\xb4b\x8b\xc9\
\x8c\xed\xcb\xa1R\x1e\xfb\xad{\xe9\xd3\xc5\x99\x0f(n\
]\x9f\x8a\xc4]\xdf\xd1\x9b7?\x87_\x98|3\xd6\
\x0f\xb5\x7f\x03\xd1\xe5\x17\xb0\
\x00\x00\x04\x0a\
\x00\
\x00\x0d\x81x\xda\xb5WO\x8f\x1b5\x14\xbf\xaf\xb4\xdf\
\xc1\x0c\xa5IH\x99L\xd2\xa6\x0b\x11)\x22\xd9\xa4\xac\
\xe8\x8an)\x07TU\xdb\xc9\x8c'\xb1\xd6cG\x1e\
O7a\x15\x89[\x91PY@-\xa2P\xa4=T\
\xa2\x07\x10=!\x04\x12|\x17\xb4\xd9U\xbf\x05\xfe\x93\
If&\x93\xa8lS\x1f\x9c\xd8\xef\xf9\xbd\x9f\x7f\xef\
\xd9~\x83\xfc>e\x1c\xec\xf0\x9d\x109{\xebk(\
16\x9b\x94pFq`n\xdb\x1c2d\xe39\x8d\
k\xf6\x90\x86<\x98\xceo\xa2`o\x9b\x12\xc4)\x03\
e\xd3Z_\xdb\xe2\xd0\xdf\x84\x18v\x85\x05p\xb0\xbe\
\x06D\xdbG.\xef\xd5@\xdff\x90pS\x8d\xb4\xa0\
\x07Q\xb7\xc7k\xe0\xa2\xa5\xc7\x944\xb1\xf0\x02\xddZ\
\xb4T\xb6\x1dn\xd2>$\x9f0\xdc\x1a\x08X\xc4\xc6\
x\x987<\x84a\xadT*\x19\xc5\x80\x86\xcc\x81\x05\
\xbd`\xa4\x7f\xae\xdb\xbc\xb7E<\x1a3\x83\x5c\x09A\
O\xcff\xe5L\x0dh\x13\x09\x0b^H\x1c\x8e(\x01\
\x1ee\xbe\xcd?F\x9f\xc1|g\xc8ap\x01\xf4\x19\
tP euP)\xc4\xa1:\x94\x04\x1c\x84\x82\x8f\
@\xc8n\xe5\x1a\xb9\x0b \xf7\xa1\xea\xb7U\x7fU\xf5\
7U\x7f]\xf5\xadF\xeev\x0c\xa4\x07\xb4\x17P\xaf\
\xd7\x81U\x00\x0c\xf2\x90\x11\x90\xb3@#7S\xc3\x90\
\x83@ \x12N\x94vR\x82\x88\x0b\x07Bd\xcd\xa6\
\xf7{\x82.\x90Wk\xae\xd4A\xd9\xaa\x5c\x02\xe7\xcf\
O4\xdf\xd5\x88M\x0cI\x97\xf7\xc0[\xa0\x9c\xd8\x94\
ljaI/LJ\x94\x89bq69\x9a\xfd\x9d\
\x80\xbfs\xee@\xae79m\xa3\x01t\xf3S\xfe\x0a\
#p\xee@\xf9\xbe\xa5\xcc\xdc\x1e\xddI\xc4\xe0\x06\xdd\
\xd7\x09\x17Cc\x13\xa7GY`\x8a\xf8\xe3(\xa7\xe6\
\xa5w!\xe3\xc8\xb1qSH!\x9b\xe6^rz\xb6\
,\xe8\xdb\x0e\x22\xdd\x1a\xa8\xc48\xbb\x01\x1dn\x93.\
\x86).\xa2\xac\x9d\xd8\xd4\xc37-s#\xa96\xc9\
z-N\x8a\x98\xed\xa20\x88d\xa5JRz\xc6=\
\xc8&\x8f\xe35\xbb\x03q\xc3\x0e\xd2\xb0e\xe3p \
\x80\xe7u\xcc\xca\x85y\x85\xc8\xb7\xa3\x8co\x91y\x86\
S!\xd6Y\x8f\xa9\xc0g\xbc\xfeNu\xa3\xda\xdc4\
2s!\x01-\x9d^\x1aW\xfc\x14\xa6lG\x07\xd7\
\x84\x03\x14\xf0\xe0\xbd\xfe`\x17\xb9\xa6\x16\x1a\x0c\xba\xd9\
>E\xfe\x1c,!\x08d0$n\x09e{\x11w\
\xc6\xc9W\xdf\x8e\xff<4\x96\x12\xd2\xa4~\x876\xe8\
 \xcbA\xfa\xce\xcbH\x99\xb73D>u!\x96\x14\
1\xde\x22\xa1\x7fS\x80\x99WrB&\x83\xb5%\xc3\
;\xd35U\xb8?\xf2\xf2rb\x97\x0f\xfb0#\xf0\
\x9e\xb8\xfa\xcd\x0e\xc5\xe2\x92\xe4,\x84\x0b\x14<\xdbG\
x(X\xd8F\x0e\xa3\x01\xf58\xf8\xd4\xfe\x00\xa2\xc5\
t\xbc\x5c4\x22\xce\x1f\x7f>~vx\xfc\xcfO\xa7\
\x0f\x1f\x81\xe5\xd4\xbf\xa0I\x1f\x91&\x0dI\x16\x87Q\
2W+\xd5J\xbb\xfdB;+\x95R\x9b\x13\x13K\
\xc1L\xe4\xa9->\xf9y~\x8b\x13\xcd\xd1\xcb\xd8.\
\x19\x99\xd2\xc5;\xcdt\xba\x92H\x8e\xbf8z\xfe\xe8\
\xc9\xc9o\x0f\x8e\xff\xfer5\x91\x14\xc7\x02r\xb8+\
\x1f\x98\xa2\xf1\x86\xb14\xa0\xedv\xb5\xf2\xaaS\xf5\xbb\
{\xc7\x7f\xfd~\xf2\xf0\xd9\xf3{\x87\xc0\xc8\xbc_D\
\x91\xc0\xc5)\x15\x97\xcc._\x05\x03\xd3\xbbqbx\
\x09\x05\x96\xd5\xba\xbcq\xd9Xp\xba\xfb\xe2u\xc6\xb2\
\xd0\xa9\x818F3),^|\xb5\x0c\x8e\xef\x1f\x9d\
>x\xba\x92\xe4\x88\x95nS\x92d\xa2\x14\x96P\xd4\
\xbeT-\x97[g\xcc\x92\xcc\xd2 \xf56\xf4\xa0\xb3\
\x97\xae\x90\xff\xa7\x8d\x18[\xa7?~3\xfe\xfa\x17\xe3\
\x0c\x17\xba#\x81\xc8R\xdb\xd7\xf5\xfb\xfb\x1d\xbc\xd2k\
\x7f\xc1\xd3\x1f\xdb\xf1]Q\x04\x0a\xa75\xf0Z\xeay\
\x9f\xa9Lv\xf9\xef\x0fG\xc7\x7f\xdc\x1f\xff\xfa\xfd\xf8\
\xf1S#\xc3KT/F\x15[\x9c\xd7\x85_\x1fq\
\xb2\xcb\xf1\x1a^eB\xf4\x09\xa4\x8b\x8c\xfct\xd8\xc0\
!\xbc\xca\xe0\xb00_tv(\xe7\xd4\x9f\xba\xd2\xc3\
)@\x05\xf6?C\xddd\xe9\
\x00\x00\x03Y\
\x00\
\x00\x0b\x8bx\xda\xcdV\xcdK\x1bA\x14\xbf\x07\xf2?\
\x0c\x0b\x85\x04\xc2\x92ZO\x0b9\xc4(((h+\
mo\xb2\xc9\xbe$Cgw\x96\xd9Y\x8c\x15\xa1\x07\
\xc1\xd2\x16\xa2P\x05\xfb\x01\x1e<\x96\xea\xa1(\xad\xc5\
\xfe3\xf9\xd0\xff\xa23\x99\xddd7\xd9D#=t\
\x08d\xdf\xbc\xdf{\xf3\xe6\xb7\xefc\xb1\xedR\xc6\xd1\
\x1a_\xf3q\xe5U:\x85c\xb2^\xa2\x0eg\x94x\
\xfa\x8a\xc9\x81a\x93\x8c \x96\xcd-\xeas/\x9dZ\
\xa5\xae\xef\xa2\xedt\x0a\x89\x85-\x83Q\xca\x95`:\
\x95:e\x9e^\x01G8Yr\x0c\xe4\x9aL<+\
\xed&\xb6x\xdd@\xb3\xf9\xbc\x92\xeb\x80kun\xa0\
'\xe1\x86\x85m\x833\x1f\xd2)%\xbb\x8c\xba\xc0\xf8\
\x16\xc2\x0eG`a\xbe\xeen\x81\x81\xf2c\xb4K\x8e\
\x05\x8d\x9eZ\x01\xaa\xbeS\xe1\x98:\x02\x80\xf9B\x03\
2\xd0\x80l\x10\xb6\x5c\xa1\xc7B~\xb0\xc71'\xb0\
\x81-\x9dC\x83\x17\xb4\xce\xe5U\xfb\xddI\xe7h\xaf\
uu\xd1>\xfd\xd9\xfd|\xd0\xde\xff\xa6\x0d\xe0\x04\xc4\
\xd1\x0d\x987\xb9\x89\x0a\xc8\xa6\xe2 \xca\xf4\x1a\xf0y\
\xa8\x9a>\xe1\xbd##'6\x06\xbe\x033\xdd\xa3>\
\xab\xc0\x00cc\xe7\x19~=\x8a\x13\xfb%\xea\x87\x5c\
\xf6\xe8\x02\x12\xa2P\x1f&6\x81\xc3\x86'\x5c\x0c\x90\
\x82('\x13\xc4\xb13B\x8f\xe4A\xd2\x83%\x7f\x89\
\x04=\x8e\xef\xf5\x88.\xf4\xe0c\x99\xeb\xfe>\xba\xb9\
>\x98\x96\xb9\x9e\xcf \x90\xff\x94\xb6\x12%\xbe\xed\xa8\
b\x88p\x15\xa6~\x15\x13\x12O{\xb9\x96\xcd2\x90\
\x08:\xa8\x9c\x90\xb3\xb8B\xf9\xd6M\x82k\x8e-\xdc\
\x18\xa2\x04\xf5\xa2\x94\x16K\xbd\xc2\x8a\xc3\xe5E\x0c\xa4\
i\xf1\xdd\xaa\xa8g\xdd\xc5\x0d \x92\x16\x03\xcd\xcc$\
\xe8\xcb\x94X\x06R%\x17U\x86=@\xafR\x065\
&\xf8\x13\xb0\xfe\xe6\x1c\x89\xe2w\xe2\xa6\x8a\x9e\xa1\xab\
>\xe0V\x11\x13I\xe9\x0b\xd5;FC\x95\xabhY\
K\x1c\xec\x84C\x03\x9eU\x02%\xab{\xef\xc0\xd0n\
.\xcf\xda\xd7\xbb\xda(\xc6%f\x05\xea\x82(`\xeb\
\x92im\xe1\xe5\x02Ry\xdd\xfd\xb4\xdb\xfe\xfe\xa1s\
\xf8c\xac\xf1\xce\x03\x82\x1dd\xf2\xc4\x80;_\xde\xb4\
\xcf\x9b\xad?_\xbb\x87\xc7Z2r$\xf4\xa8M\xe7\
\xf0\xfcv\xaf\xf9\x8fbV551\xde\xf6\xdb\x93\xdb\
\xe3\xd3\xce\xd9\xc7\xd6\xf5\xfb\xfb\xc6\x1b\xb5ytw\xa8\
\x11q(\xdc\xbb2)\xa2_\x0c\xa6R\x1c\x10\xb8\x9e\
\xd2m8\xe1f#\x13\xe6)\xdd\x1c\xe21l\x1dL\
\x81U\xefPR2\xb0L9\xa7v\x1f\xa9\xc4\x01t\
\xce\x17\xf2p\x09\x06]\xa2\xdd<\xea\x5c\xbc\x1d\xa2\x92\
:%\x22&<\x88\x22\x97\xb3\x5c\xaf\x10\xeaA&\x9b\
X\xe3\x93\x9cw\x9a\xfb\xad_\xa7\xda\xc3{\xc9P0\
\x09\xf9\x16\x1f\x1bc\x12R\xcd\x06#26r\xc9@\
\x99\xb6\xb2\xe5\x1b\x91\x99\x90\x1b\xe7\x93\xc9+rl\x83\
6\x06\x12\x0c\xb1bY\xa4{r\xa3J(-\x5cE\
\x99\xfe\x9c-\xe4\xb3\xdb\x13}\xeb\xa6e\x15]7\x13\
P\x90M\x06\x9b\xae\xbbB\xc5\x95t\x0fx\xa6?\xb0\
sh\xb2U\xf2\xab\x9f\x10:\x10\x0f\xc6\x84[\xa9\x9b\
N\x0d\x9e\x9b\xe2\xedF\x02\xd0LV\xf3\xb4\x5c8s\
\xa5\x94\x9d\xca>\xc2\xb0\x96\x93\x14\xdf\x83\x80\xd5\xe03\
qZ?\x09\x17\x8e34\xb6\xf7\xc4\x1f\xfb\x9f\x0f\xc1\
\x9f\xf8\xfd\x05\xfa &\xeb\
\x00\x00\x04\x0d\
\x00\
\x00\x0d\xddx\xda\xcdW_k\x1bG\x10\x7f\x17\xe8;\
\x1c\xf7t\x8a\x95\x93\xd2>\xf9R\x17\x5c\xcb\xa1\x85\x88\
\xd8m\x9a>\x18#\xcew\xa3\xd3\xc6\xab\xddco/\
\xb6\x1a\x04\xa5%\xf4\x0f\xe4\x1f\xa5\xf1C\x0a-\x94\xb6\
iIJ\xa0\xc55M\xf2m,\xa9\xfe\x16\x9d=\x9d\
Ow\xa7\x93,CZ\xba\x08iov\xf67\xbf\x99\
\x9b\x99]\x91\xae\xcf\x85\xd46\xe5fH\x9c\xddr\x89\
d\x9e\xcd5\xce\xa4\xe040\x9b\xb6\x04Al:\xa5\
q\xd5\xee\xf1P\x06\x89\xbcA\x82\xdd&gDr\xa1\
]2\xebS\xfa\x0d\x04\xe1\x1e\xea\xd7.\x94K\x1a\x8e\
\xc1\x83{\x83\xfb\xcfG\x8f\x1f\x0e\xef\xfd\x5c.]\xa8\
\x95K\xefI\xe8j\xb7\xc7\xab\xc4\xb5\x04\xe7r\xfc\xe0\
\x0b\xee\x83\x90\xbd\x8c\x91\xee\xf8\xd7\xd2\xd2\xd2xw\xbf\
\x5c\xca\xed\xbce\x0b-\x90\xe8L\x838\xd2:\xb5\xa2\
\x86\x00\x19\x0a\xa6\xdd\xd6\xf4\x8bo\xe8Vj\xe1t8\
\x9c\xa2\x19\xbd\x07\x94\xf2=\xbd:\xad a_Z\xfa\
\xf0\xdb_G\xdf\xfd\xa8g\x97\xfb9u\xfd\xe2\xa5y\
6\x04\xb8\xb3\x0d\x0c^~:8::\xcb@}\x1e\
\xbeO\xd8\xeel\x03\xa3_\xfe:9\xf8\xe3\xf8\xe8\xee\
\xdf\x87\xbf\x9fef\xae\x1b\x9e\x00`s\x22\xf5\xec\x87\
\x02G&\x8f\xfd\xe4%N\xbfBL\xa9u\x16v-\
mk\xa2\xafK\xd2\x05\xbd\xaa\xa3|\x07\x04N\x9c\x8e\
-d\x8c\xbf=\x07\xe5\xba\xa2\x93A\x1a\x1e\x1cb\x08\
\x10b\xf8\xcd\xf3\xc1\xb3\x03\x9c\xe0\xf7\xe8\xe9O\x13\xb0\
\xf1\xa4\x1d2G\x12\xce4\x0f\xe4\x07*\xadZ\x06\xb3\
\xbbP\x99\xce\xab8M\xcd\x9cb\xc6\xc5\x04\x0d\x893\
\x0fn\xd84\x04\x830\x17\xf6\xab\xbb\xd0\xab\xdeR\xcf\
s\xa0\xe7\xed*\xb6Cpc\x5c1F\x1a\xd8\xf6\xfd\
&w\x81\x9a\x0e\x05\x1b\x97&+\x14\xa4v3h\xd8\
\xd2\xd6V\xd2>\xb5\xda!\xa5-\x17+\xb0EX\x9b\
\xa7\xb7\x5c\xdb\xb9\x09\x8e4\x91K`\x8c\xb7V\xcc6\
\x17\xeb\xb6\xd31\x0c\x94VV\xde.H\xa1Y#\xa1\
\x86\x13`n\x8c\xb8\x858\xdb\x95\xc5P\xfa\x95\x5cs\
X\xe3\xd8\xa2\x180ir\xa6\xe6\xe8#\xb8\x99\xde\x90\
\x89S&\x94WI #>im\xdc|J3\xa3\
|\x85P\x18\xf7\xbf\xacv;\x91O\xc4\x9c\xad:\x0e\
\xf8y&\xd9\x9ah\x02\x0b\xb3P;v\x00\xad.\x8a\
'R\xa5\xa4Zj.\xc8q\x0d\xfe\xf9b\xf0\xd5\xf7\
\xb9\x1a\xe4\xec\xba \x9e\x07\x22g\xfctL\xf8\x9aX\
M\xcc\xa8\x9cU\xc2\x05\x5c#\x0aDR\xc0~\xf3\xf8\
\xe1\xe0\xc1\xd3\x1c\x87\x19\xacSm\xf0\xce\x93\x93\xcf\x9e\
\x0c\xee?\x1a\x1e~Q\x88\xb0\x88'\x917\xf8RU\
Z\x93\x95\xfae\xf2\xd6$\xf5y\xc8\xe4e\xb2\xb4T\
\x99\x93\x9d\x89v\x00r#n-\x06\xa9\xeaqe\xac\
\xeePlHm\x9b\x060#9\xfb\xd3\xe2\xfe\xcch\
\x9e#.\xff\xef\x88H\x11\xbe\x96\x80,\x94^'w\
\xee\x8e^\xfdv\xde\xf4\x1a~\xf9\xf5\xe0\xe5'\xc3G\
\x9f\x1f\xbf8<~U\x80\xb0h0U }[v\
\xb2\xfd\x12/Vm\xe25\x88\xd8\xc0%cF,6\
eT_\x1f\x0a\xba\xbe\x8f\xd7/fS\xda3tU\
}V\xadV\xd3\x97\x14l\xe5\xb5'P\xda\xf3\x7f\xc1\
\xe7\xff\xd4\xe1~\xae\xd57y\x18\xc0\xaa\x00;}\xd8\
1\xa7\xc3E`\xa2\x19j!m\x81'Aj5\xee\
\xc2\xef\x84Rr\x16X\x8a\xe3\xfb\xc4\xeb\xc8\xb1 \xdd\
\xb0\xd7(^p\x0b\xa2\x92\xf4d\xd3\xe7~\xe8\xa7\x9d\
\xefO\x1dE4\xec\xb2\xf1\x9dza\x8a\xea\x0c\xbaA\
`/g\xd6\xa1\xc4\xb74UjYyW\x95g\xfe\
\x84J\xb0\x22\xd3\x91\xa1\x8f\x88+;E\x00)\x9dw\
A\x85\xa2H\x09\x91\xc1\xc3{\x8e\xa55mf{\x80\
\xfeG$g\xa4\xde\xc7\xd6\xf2\xf2\xf2\xb4x/\xe2\xa0\
\xfe\x01\x98\xd1t\x91Np\x05\xb5\x0b\xactb\xaao\
\xd6\xcf\xe7q\xf6\xc4]u\xdd\x0d\xf5\x12\xb3\xa7\xae\x1b\
\x1d\x86\xb8\x90\xd1m`\xfb;W\xaeq\xa6\xb6\xf8\x05\
)\x94\x180\xd5Ud}\x1f\x0c\x175\xcdP\xd0`\
\xab\xbe]\x98P\xf8\xf9\x07\x1f\xb2\x9a-\
\x00\x00\x02D\
i\
mport QtQuick\x0d\x0ai\
mport QtQuick.Co\
ntrols.Material\x0d\
\x0aimport QtQuick.\
Layouts\x0d\x0aColumn{\
\x0d\x0a        width:\
 parent.width\x0d\x0a \
       property \
ListModel delMod\
el: ListModel{\x0d\x0a\
        }\x0d\x0a     \
   function init\
DelModel(){\x0d\x0a   \
         delMode\
l.clear()\x0d\x0a     \
       let delDa\
ta = monitor.get\
DiskMonitorData(\
mountpoint)\x0d\x0a   \
         for (le\
t i = 0; i < del\
Data.length; i++\
) {\x0d\x0a           \
     delModel.ap\
pend(delData[i])\
\x0d\x0a            }\x0d\
\x0a        }\x0d\x0a\x0d\x0aRe\
peater {\x0d\x0a    wi\
dth: parent.widt\
h\x0d\x0a    model: de\
lModel\x0d\x0a    dele\
gate:DiskMonItem\
Item{}\x0d\x0a\x0d\x0a}\x0d\x0aCom\
ponent.onComplet\
ed: {\x0d\x0a    initD\
elModel()\x0d\x0a}\x0d\x0a\x0d\x0a\
}\x0d\x0a\
\x00\x00\x0bg\
\x89\
PNG\x0d\x0a\x1a\x0a\x00\x00\x00\x0dIHDR\x00\
\x00\x00\xfe\x00\x00\x008\x08\x03\x00\x00\x00\xea\xf9\xb5\xca\
\x00\x00\x00\x01sRGB\x00\xae\xce\x1c\xe9\x00\x00\x00\
\x04gAMA\x00\x00\xb1\x8f\x0b\xfca\x05\x00\x00\x01\
\x05PLTE\x00\x00\x00000PPP\x8f\x8f\
\x9f\xbf\x10\x10808PPP\x97\x97\x97\xbf\x08\x10\
\xa6ii505PPU\x95\x95\x9a\xbf\x0b\x104\
04PLT\x97\x97\x9b\xbf\x0c\x10636PM\
S\x96\x96\x99\xbf\x0a\x13525PMR\x97\x97\x9a\
\xbf\x0b\x13\xb7(0427PMR\x96\x96\x9b\xbf\
\x0b\x12\xb9#*426PNR\x97\x97\x9b\xc1\x0a\
\x12525PNT\x98\x98\x9b\xc2\x0b\x12\xa7Z_\
\x9c\x8a\x8d527POS\x97\x97\x9c\xb8&/\xc2\
\x0b\x12\xaeEK426POS\x98\x98\x9c\xadJ\
P\xb627\xc2\x0c\x11\xa1pv\xbe\x1a \xba',\
\x9a\x8b\x8f\xbf\x17\x1c515PMS\x97\x97\x9b\xc2\
\x0b\x11\xc0\x0d\x15\xc0\x11\x17536PNS\x98\x98\
\x9b\xbf\x16\x1c\xc1\x0b\x12\xc1\x0d\x15\xa1x|526\
PNS\x97\x97\x9c\xc1\x0b\x12\xc1\x0c\x13526P\
NS\x98\x98\x9b\xc1\x0b\x12\x9a\x8e\x92\xc1\x0c\x1352\
6PNS\x97\x97\x9b\xc1\x0b\x12\xdd\x09\x84\xf1\x00\x00\
\x00StRNS\x00\x10\x10\x10\x10    .\
0000@@@@PPPP````\
fppppt\x7f\x7f\x7f\x7f\x8f\x8f\x8f\x8f\x94\x96\
\x9f\x9f\x9f\x9f\x9f\xa6\xaf\xaf\xaf\xaf\xaf\xaf\xb1\xb1\xb2\xb4\
\xbe\xbf\xbf\xbf\xbf\xc3\xc7\xcf\xcf\xcf\xcf\xcf\xd2\xd8\xdf\xdf\
\xdf\xdf\xe1\xef\xef\xef\xef\xf0\xf0\xe0\xf3\xe1\x88\x00\x00\x00\
\x09pHYs\x00\x00\x17\x11\x00\x00\x17\x11\x01\xca&\
\xf3?\x00\x00\x09\x8cIDAThC\xdd\x9b{[\
\xe36\x16\x87\x15\x0f\xe3\x99\x8d\x81\x94dHf\x9a\x94\
\xe5\x12\x97\x96\xd0Y\xc2\x96\xde\xf0\xd0\xe2\xee\xcc\xc6C\
c\xd2\xad\xe1\xfb\x7f\x94=7\xd9\x92#;\x01\xc2\xd3\
\x07~\x7f\xc4\xf6\x91,\xeb\x95\x8etd\x19\x94Z\xff\
\xfa\xfa\xf3\xd7\xaf\x14j\xed\xe3\xedr\x9a\x1d\xae\xd1\x0d\
O_\xeb\xd77\xa8\x0fo\xe9j\xfbB\x00\x17i\xf6\
\x9a\xf2Wh\xf3/\x12\x9e\xf2Y\x93\xccN5\x1a\xcd\
v\xb7?<:\xbf\xbc\x14\x8bRGx\xcfP.\xee\
\xa1.=4\xd7e\xd9\x00:\xe1\x9c\xa7D\x8fb\x17\
\xd8x/\x80\x0b\xf4\x9e\xee\xae\xd0r\xf8]d\x9eN\
9\x07Hj\x04Z1\xfe\xae\x03\xbf\xcd9?\x0b<\
J\x5c`\xe7J\x10\xeb4\xa3\xac\x15Z\x0e\xff\x84\xd3\
ru\xc5\xee\xc4\xbf\xa4,5\xda\x95\x8c(\x9bv\xfa\
r\x1e\x7f\xda\xe0\x9cB\xae\xc5.\xb0\xbd\xd8\x05\xae\xe8\
\xee\x0a\xdd\x0f\xff\xa5\xd8\xef\x85\xafyH6-x\xd5\
\x1c\xbe.\x5c\xb0\x0b\x9d\x92\x0bl\x1c\x08f\x95\xce\xe8\
\xee\x0a\xdd\x19\x7fzr4\xc4\xce?g\x0f\xb8\x07\xbe\
\xd9\xf9\xeae\xb7\xcbc\xea\xa8\x0b\x82fm\xee\xd2\xe5\
t\xb8{N'G\xbaB\x02m\x89]\xa0~\x0cl\
\xd3\xdd\x15\xaa\xc0o4\xbbf-\x87\x97''C\xae\
\x97\xae\x0dLS\xd8\x00w\xc7\x07\x07\xb7\xc5\x98\x85u\
\x88\x970\xb9\xb6\xc9\x9ew\x87\x10\x97\xc4.\xb0\xf5N\
\xb4\xc3:88\xd0\x91\xc1\xed\xfb\x9b\xac6U\xdf\xc4\
\xdfm\xb6wa\x9a\xa3\x0a\x94D\x5crN\xb9'}\
\x17~\xb7_\x88\x9b\x0c\x98w\xc5\xd0\xef\x17\xf3\x06\xab\
A\x19\x8c\xa7\xdd\x09\x1f$k\x81\x92\xce\x04\xff@\xae\
mQ\xd1\x85\x1c&\x9b\x09\xd4\x98\xa0\xb9\xe8}\x94\x0b\
\xdf\x92\x0ce\xcb\xe1mq\x8es\xb9\x02\xd5\xe3\x9f\xee\
\x9b!\x80\xc5.`im\xc6\xf43\xf7\xb2\x87\x8a.\
\xe40\x99\xbd4AI\xdc\xc3S\xa8l\x97\x1ac!\
>3X\x85\x95dM\xab\x18\xe4\xea\xf1\xbfR\xea\xcd\
\xb1\x9c\x1b*\xbb\xc0;\xa6\xaf\x8a\xfaTt!\x87\xc9\
\x1c\xa2b\xcaE\x9d\xd9\x86\x06X\x01>5\xa3\xd6R\
\xf8\xa0\xaf\xb4\x0b\x5c\xff\xfc\xef\x1f?\xfdq\xf5\xdb/\
?\xfd\xf3\x1f\x94\x22\xd2C\x7fK\xaeK\xa2\xa2\x0b\xcd\
\x99\xa6\x13\xca&\x12\xa3\x96\x0e]\xed\xc9\xc3\xf1\x9b\x9c\
A\xb4,>\xb8\x00\xae\x02\xff\xfc\xd7'qr\xd4\xaf\
\xef$\x0d\xd6\x03b\xaa\x8azz\xea\xa3gY\xf8\x93\
\xf3a\x7f\xb3i\xc6\xe69|c$?\x18_O\x8e\
\xac\xe5\xf1\xe1%\xe0\xf8\x9b?\x84R\xebJ7\x80\x9e\
\xf8 \xea\x1d\x8b\xc9\xa9\x97\xf4\x0c\x03\xbfO\xe6\x92\x9a\
(\xaeN\x17\xce\x8c\xb6y0>\x87\xbd\xf3&\xf7\xc3\
]\xf0\xd74\xa3\xa9\x8f4\xd5m\xc8\xd5\xd5\x9aZ\xbf\
\xa1\xcc\x15\x9a\xc3\xcf\x1f7/+\xf0U/{,-\
\xc2\xe7\xb0\x07%\xf0 \xb8\x03~\xc5K/\xf1\xeb\xa5\
0D\xbd\xfd\x15\xe0S\x8a\xe0\xd3\x0f\x9a\xaa\x96=\x96\
\x16\xe1Kz\x81\xdf\xef\xf3\x5c\xb8\xdbg\xbf\xb8\xd4\x0b\
\x85\x12\xfeF\xd5R\xef\xea\xb5z\xad\xa3\xdek\xf5\xe2\
\xfa\xb1\xf0\xab\x96=\x96\x16\xe1K\xd8+\xf0\xe9`I\
^/m\xfc\x9a\x0d\x8f+\xa5_\x03`\xe2\xdb\xbfy\
<|8y(\xfe\x90\xf9\xeb\xf0q@\x80l|c\
\xdc\xcf\xce\x0ev\x0e\xde\x1b\x11\xe0L\x9fo\xa9\x17\x10\
 \xf9\x06\xb7\xee\x8d\xbf\xb2e\x0f\xa5\xd7\xe0\xeb\x08l\
\xe1\xeb\xc0v{{\xb1!\xeb\xba\xed\xb9\xd1p\x01\xe1\
\x11\xee\xe0d\xb7\xee\x8d\x0fd\xabY\xf6Pz\x81\xaf\
\xf7T\xf2\xcd\x15\x1de\x99\x9e\xf1\xf5\x92\x16&7c\
Q{(6-\x88\x82\x1f\xe0\x0eIu\xea\x01\xf8\xd8\
\x00\xab\xc7\x97\xe9`\xd2\x90\x97\x81\xfcN\xa6g\xfc\xbc\
\xf3\x8b\x85\x0eJ\xaftY\xb0\xdc\xc7\xce\x7f<|\xd0\
#\xe0/\x11\xf8\xf4\x92\xf6\x90R\x0aY\xfd\x0fQ\x8f\
\xf6\x07%\xcd\xa9'\x89o\xacjl\xad\x19\xe3\x1f\xa2\
\xde+\xbaC\xd2\x9cz\x92\xf8\xc6\xaa\xa6$\xc3\xfd9\
\xea\x81$\xc9\xa9\xa7\x88\x9fO|\xf3[\xf8k\x92\x02\
\x82\xa8\xc7_\x06$\xc9\xa9\x07\xe27hi6iW\
\xe2=\x06\xbe^\xd5\xb8\xf6\xb1r\xef\xff\xa8;\xff1\
\xf0\x87\xf4\xb1\xa3\xd8\xf9/6\xfeKZ9\xfe\x9b\x02\
\x11\x08\xe7\x94\x7f\xfcyGK\x1e\x94\xa48uO|\
\xfc1\x85\xd5vj\xd5\xf8\xd7/\x8a\xa8W\x87\xaf\xa3\
\x1eHR\x9cZ\x0d\xfe\xdc\xeem\xae>gp\xbeF\
\xb3(}i\xfc}c\xbd\xeb\xfa~\xa3_\x05`V\
|\xcbw<>\xfe\xf4H\xf2\x91\x86\xa6d+k\x22\
\x97${\xdf\x93\xd2/\xdb\xb4\xed1\xdd\x04C\x1d\xfe\
\xf5\xab<\xea\x81\x1cS\x9f1+.\x83\xcf\x8d~g\
\xfc\x93\xa3a\xbf\xdf\xddl6\x09\xcf\x9e\xf9\xd1R+\
\x07>kJc\xa8\x0e\xff\xb4\x98\xf8@\xf6\x9a\x0fe\
nr\xd5\xe1\xeb\xcdx\xe9\x1d4\xf1\xd9\xb9$\xf4\xcd\
v\xa0\x14\x13?\x97#\xf0\xa1\xa5N\xd6G.3\xfb\
%\x0f\xa1:\xfc/\x8c\xe5\xbek\xea\xd7C\x1f?\xed\
\xd4\xe1\x13J!4\xc9\xa9\xd6\xa3\xe1\xdb\x9d_d\x1f\
J\xb3\xd4\xe0C\xe7\xef\x08 \xa9\xdc\xfd:\x91&\xc5\
\xe5\xf1\xa7h\x92s\x91\x15\xca\xc8\xb2\x22\xfcR\xe7\xeb\
\xec\xd3|v\xac\xc1\x87\xa8gos\xd8\xfb\xd8\x1b\xda\
3h9\xb8<>M]\xd6\xf7\x86\xbfp\x12*\x89\
\xf1m-Z\xf5\xddC\xd5\xf8\xbf\x9b/\xfa,\xb3\xff\
w4=\xbf\x0b,\x8d\x7fB\x1d\xd20\xf9]\xeb\x98\
\xbf\x1d\xdf\x8czZgz\xfa\xdf\xcaW<\xb7;d\
\xa8\xc3\x7fz\xa2%\x8f\xde\xc4\xbc5\xc6\xc0\xc5\xc1\xce\
\xf6\xce\xa1a\x90o\x1b\xcf\x0d\x1f:?\xdf\xc44\xde\
m\xca\xd2_5\x9f\x19>,y\xf2\xf7\xf9-\xb5%\
gs\x9a\xe9\xe9\xf0\x99\xe1\x1f\x17\x13\xdf\x05\x5c\xe7\xd3\
\xbc\xadY\xfe\xd7\x1cn\xfc\xeciJ\xdd\xac\xdb\xab\x1a\
\xf7V\xffE\xb1\x10~^\xbd\x0fK\x1e\xed\xf0\xfaU\
\xcfZ\x02\xa1f\xdf}[|\xe7\x7f^\xf8 \xbd\xc9\
\x95\x07\xfb\xb5<\xd4\xa3\xfe\xf7\xdd\x7f\x81\xf6\xf4\x0bI\
|n\xf8\xce?X\xf9\xf2\xfb\xff\x80y\xf6\xe9\x97\x9f\
~\xf8Sx\x7f\xe7\xbfu\xa9\xc2\xcf\xe4\xa8U\xbe.\
\x14a\x12\x8e\xbc\x84\xafY\xee\xfc\xb6\x95\xc6\xaba\x8a\
\xe5\xa8UQ\x86\x87?J\x85i2\x922\xf0\x17/\
@:\xea\x95v8\xdf\x1c\xdf|\xe6]\xbdB\xf8\xb7\
.K\xe1\xf7|\xd5\xf1\xc6|\xee\x87|\xd4\xf2#\xac\
N\xea\x83\xd8\xc0\xea\xc8\xd1\x96m\xf5\xfd\xd1\x9ey\xd7\
\x9d\xf0{q\xab\x13\x0f\xa0\x8c\x04\x8a\xc8\x02\xbf\x15\xf7\
0UG\xbd\xb9\xd7\xfc\x17\xf9\xdf\xba\x14:}+[\
}\xf5\xf8\x83@\x0d|\xe9\xdc \xe2\xa3V/F\x80\
\x94/\x0a\x0d\xe4h\xabl\x0d-C\xdc\xdb\xb3\x9a\xb0\
\x16\x7f\x0cM\xd9\xc1.\xc1F\xcb\xe0\xbe\x01v\xbf\xf9\
.?'\xd7\x9f;\x89$G.x\xf4x\x94\x0eT\
+\xcaZ*\x8eT\x16\xa7Q\x16(\x1f\x8eco\x9c\
\x113\x1c#/L\xb0K\xd3 \x08<\x15\x87Q\xd6\
\xf3\xa2$\x82\xfc*\x1ce\x03\xe5\xc5\x98\x15~#o\
<N\xb0\xd6Xh\x90$\xdc\x88\x80O\x85\x80%\xed\
\xa8l4HU\xbc\x17e{x\x1d@n\xba\x91\x0b\
L|\x15\x90{\x08~H^\x07\x22\xfcN\xd0\x89Z\
p\xa2\xa3\xde\xc5vY\xb4\xd0y\xe5p\x01\x12&\x9a\
\x02|\xa0M\xd4\xd8\xf7\x12\xec\xfd\x0cz\x9f\xf0\xa1\xf7\
\xc3\xd0kaS\x87!0\xfa4(\xb24MG*\
\xeb\xa9V:\x1a\xa8\x1e\x8cF\xbe}\x14\xaa\xce\x08\x7f\
\xa11:\xe0\xa4`\xf5R5\x0e|\xeeY\xc0\x1f\x85\
^o\x04}\x09\xe6\x14\x1aPa\x9bA+\x05>6\
!\xdd\xc8\x05B\xd6\x01\x8d;\xc1\x87\x96A\x07\x10\xfc\
8\xce\x92\xa0\xf8\xb4\xe3\xd4\xe1\x06fw\xbb\x00\xa6\x98\
\x82\xea\x81C'\xd0\xa1\xca+\xe3\x8f;A\x80\xde\x0e\
\x1d\xe2\xa5\x8c\xcf\xceO\x19Rp\x0c\xc4\x87\xc1\x02}\
\x06Y\x13\xfcm\xa5X\xed\x0c+\x9b\x82\x9d*M\xf8\
\x94\x86\x16\x1fm\xc0L\xb7C\xa1\x88\x9f\xc0=\x09\x17\
\x08\xcf\x1fc\xffb#\xe15\xb8\xfe\x08\x9a\xdbp~\
816\xb9\x5c\xba\xa0h\xe8r\x01\xb4\x9b\xd2\xf8>\
>\xa3\x84\x9f\xc6 \xc8\x83\xcc\x0e|\xba$P\x1c3\
\x98\x95~\xb1\xc6d\x856\x85\x91E7\x00>\xe7\xc0\
\xe2\xe4\x0e8\xc9\xb09\xf0\x14\xcbJ\xb8@\x95\xb0\xef\
\xab\x08P\xa1\xf5\xb1\xe7\xa9\x13\xd0\x8a\xf8\xe03\xc5\x07\
\x8cJ\x1d\xd2\x9c\xf8\x06?j\x9bB\xa3\xa9\x1c\x1f\x86\
!\xe1\xa3s\x22\x1d\x1cq\xe0cG\xc0\xd1\x8f\x05\x9f\
f~\xc2\x07\x9f\x00\xd7\x16|\xac_\x0b\x1d\xc1\x0bl\
|\x9eH\x01\x1f\xfa\xd6\xa3\x1c\xbd\x12>\xb4\x1a\xde\xee\
\xc5\x5c \x8c\x02\x8e90\xe8\x83\xd1H\xc5\xe0\xebP\
\x17\xc1o\xf9A\x08'\xc2X\xab3\x9e\x05\xf6\xad8\
\x88&S\x1a?\x0e\xbcH\xb5p\xd2J\xd2x\xe0\x85\
\x99\x17\xc3\x04\xa7\x068u\x85#oO\x8f}\x0e\xbf\
\x88\xdf\x89\xf7\xc69>\xd4\xb3\x07\xbf\xa1\x1a\x80-\xc7\
\x1fD!V\x9c\xf0!\xc7`\x8cc?2\xf1\xc7\x01\
\xcc\xea8\xf6\xe1\x09\x5c\xa0\xead-Z$x\xa34\
\x85io/\xee\xb4F\xf8l\xc2\xcf\xb2\x14\xbdbq\
\xef\xa3>\xf2\x8a\xd0p\x81\x0fdp\xa8\x95\xa4\x14O\
Q0\x1d\xe3\x00\x83\x0ad\x11\xb4=V\x04\x9fYV\
0\xa0\x9e&aV\xe8^\x9a\xdd\x0d\xf5zX\x0e\x89\
\x0b\x0bb\x98\xf9\x0d\xf9\x09\x95\xec\x8d\xf1\x09\x5c\xa0\x1f\
\xab\x1e7\x1a+\x84\xc9\xd6*\x14T;\xf5\x99\xe21\
\xb0..p\xad\xd7\xc0+\xd08P\xad\x1c\xce\xad1\
p\xc9\xe9\x12\x92\x02;\xe0ByOTi\xcb\xf5\x86\
\xe7\xd4\x19\xaf\x8a\xd1\x05\xe4\xbf~V\xa3V\x9c\xd0R\
\xa0F\xad,Y\x08R\x88\x0b\x0cS\x9a\xf7k\xa4\xd4\
\xff\x01zj\xe1\x9cL\x19\x8e\x07\x00\x00\x00\x00IE\
ND\xaeB`\x82\
\x00\x00\xfbK\
\x89\
PNG\x0d\x0a\x1a\x0a\x00\x00\x00\x0dIHDR\x00\
\x00\x00\xf3\x00\x00\x00}\x08\x02\x00\x00\x00\xf8.\xc2\xc0\
\x00\x00 \x00IDATx\x01\xcc\xbdy\x9c\x1cW\
y\xef]\xdd]{\xef\xcb\xec3\x9a\xd1h\xb4K\xb6\
$/`a\x03\x96\xc1\x80\x08\x09\xc1\x90O\xb0C\x16\
 \xe4\x06\xe3$\x80Ir\x81\x90{\x89!\xef%8\
\xe4\x05\x9b\x90\x80!!\xaf\xcd\x0df7\xb6\x09\xde\xc0\
\xfb*y\x95,k\xd7h\xf6\x99\xde\xb7\xea\xaa\xea\xba\
\xdf\xa7\xda\x96\x85M\x92\xfb\xf9\xbc\x7f\xc4\xadVOw\
u\xd5\xa9\xb3\xfc\x9e\xe7\xfc\x9e\xe5\x9c\x8el\xbb\xe8O\
\x15E\x89F#\xbc\xfe\x17>\xba]n\x1e\xfc\x07\x15\
\xa0~\x91h$\x08\xe4\x9cH\xe4?\xaam\x10D\x02\
)M\x89\x04\x9c\xf9\x1f\x14)_\x05\xe1\x09/\xbb1\
\x07\xc2c\xbcDO+\xe1e\xe7\x9d\xfa\x8e\x9a\x9dz\
\x7f\xfa\x9b\xde\xd1_\xfe]x^\xafEr\x93\x7f\xe7\
\xa4\x80/^\xd6\x8aH\xaf\xde\xa7\xdf\xe9e\xef\x83n\
\xf7\xa5E>\xdf\x7f/;\xf5?=@AR\x8b\x97\
\x96\xf7\x92\xebzmy\xe9A.\xfdw:\xe7\xd4\x99\
\xff\xe9\x09\xbd3i\xd1\xa9K^8\xf2\xd2*\x9d*\
J\xfd/\xc7t\xaf\x8aQ\x19\xdb\x97\x0d\xe0K\xda\xf1\
\x02\xa6\xffcdK9!\x1c\x05m/m\xf8\xcbJ\
\xfc\x8f\x0fD\x7f\xf1V/\xaf`o\xccD\x84\xfes\
\xd4\xfcbYr\xe3S\xc3\xf0\x92Z \xc3\xa7\x8eD\
~Y\xb7\xfc{\x17\x9e\xba\x8a7\x11\xe9\xd3_h?\
2\xaf(/\x05\xc7\xe9\x97\xfc\xff|\xffK\x1b(-\
\xf9E\x05\xf3\xf2\xca\xff\xdf\xf4\xde/\xad\xdb\xe9\x1d\xf5\
\xfc\x09/\xb4X\xfd\xa5\x17t\x1b\x9e\xb7\xd2\x894\x82\
\xa8'\xdd\xdf\x8dD\xbcn7\x16\x8duy\x8dD}\
\xdf\xe3\x95\xfaQ\xa1hL\xf5}\x85\xe3\xbe\xef\xc6T\
J\xe3\x5c%\x16\x8b\x8a\xc2D\xc4\xbc \x8a\xe8D\x22\
\x9c\xc0\x8db\xb1X\xafUrDA\xa3<\x8f<>\
\x22aT\xe9y-\x8b\xca\x0d<4\x04\x83J\xd5\x19\
\x9f\xf0\xbdL,\xb1hTU\xa4\x02 *\xa6\xc6z\
\x95\xe74\x8a\x8d\xc6\xa2z$\x16\xe3\xf6T\x8035\
\xd0A\x91\xa2\xb7@\x9d\x22\xf5\xf5\xa2\x8a\xafF\x03K\
\xa3~~4\xf0\xa3J\x97\xaaj\x5c\xe9\xfb\x9cF}\
i#\xdfQ-)SZ\xce?'P\xb8\x9d\xa7F\
\xbb\xa6\x16\xf1;\xcd\xa0\xeb*\x81\xcf-U\xa5\x1b\xa5\
oh2\x15\xee\xfa\xd4\x99I%|RUnL\xdf\
\xd1n*@\xb1QnB\xc9*\xef\x22Q\xb5\xabP\
OJ\xe7\x96\x9ci\xea\xbaHb\xe0K/zn@\
e8\x0e2c\xd2@C\xd3\x0dC\x8f\xc5T\xaa\xe3\
\xb4\xda\x1d\xb7\xd3\xebR\xe9|:-\xe0t\x9fR9\
\x95\xbe\xe2\x10\xc7)\x88\x8a\xab\xaa\xca\x08\xe9\xba\x1e\xd3\
TW\x8a\xed\xfa\x9e\x9fL%\xa4\xa8h\xc4W\x14\xd7\
\xf7[\xddH'f\xe8\x96\xa9\x1afT\xd7:\x1d7\
\xf0\xfc\xc0\xeb*>\x8d\xa2\x1b;t&\xff\xe8\xea\xde\
\x83\xd2\xb8\xa9\xaeiQ\xd3V\xa2\x9a\xae[\xbai\xc7\
\x0c\xd3cdm\xbb\x7fb\xdc\xcef\x12\x99\xfe=\x0f\
=\xe1\xd4\xdbj\x97\xfe\xa2\x1f\xfc\x8e\xd2\xe9\x1f+\x8c\
M\x8d\xa9\xba\xdan\xfa\xf5f\xab\xd1l*\xd1X&\
\x93\x8b\xdb\xf1Z\xa9R\xab\xd4\xe8\xfc\x88\xaa\xb4\x9c\xe6\
\xd8\xe8\xa8e[\x1d\xc7m6\x9dR\xb1\xe6\xb9\x8c\xa8\
F\x7f\xd3>*L\xcd=\x1a\xe2\xd3u\x82!\xe6.\
\x99\x9f#]\xd7w\x94\xa8\x17\xd5\x83\xa8\x16\xb4\x83\xc8\
\x91\xa5:\x9d\xfc\xd2\x87?\xd3\x0eV\x5cJ\x12x\x86\
\x1d\x17\x08\x22E\xc1\xc8G\x85>\xa1\xad\x0c\x9d\x0c;\
OzU\x06)\xec\xe8\x1e\x82\xc31\x93\xb3\xa8\x14\x97\
p\x90w<\xe4\xfa\x17\xee\x06v\xf8 \x02\x1d>(\
)\xbc\x01\xd7p_Ac\xefKA\x18'\xc9\x01^\
\xa4-\x02\x07\x8e\x0aZ\xc3\x1b\x84_Ji@,\xa0\
\xa6\xe1x\xcb\xc9r\x89\x94\x13\xd6\x8db\x19y\xce\xe5\
6\x14\x02\xcc\xe4vr\x17\xae\xea\xaa=\xfe\x22\xe7t\
\x03\x84Vn*\xa0\x09@.XU\xc00E\x81Q\
PiF\x15=\x0aj\x01_\xe0\xc7x\xa5\x0cj\xd4\
u\xb99\xa7\x83oJ\xa6\xc9\x00\x19\xd9\xa7>\x0a\xa5\
P\x8c\xe0\x15\xcc\xf1\xa9\xab\xab\x06\x02\xc4\x17\x9c\xc7\x1f\
\x81=\xcd\x11\xe9\xe8\xaa1\x8d!\x97\xa1\xf3\xbb\x9e\xe7\
k1\xd5s\x91\x22WS\x03\xe0e\x9a\xa6\xa6k\xed\
V\x9b\xe6\x89\xb4\xd0\x22\xc4\x98n\x10\xc1\x09\x9bL\x0b\
P\x13\x9a\xca\x1f\xaa\xcf{\x1d\x18\x9a\x86\xd6\xd5A\xb6\
\xebRIi\x84\x08\x00\xa7K5\x81\xb1\x1f\xa3\x91\x8c\
QW\x84\x81\xf6{^G\x9a*\xf5\xe6.T-\x1c\
\x13\xb9\x8cN\x93\xf7\xb1\x98F\xcb8@\xefQ\xa0\x08\
o,*\xba\xcdE\x05D\x90\x8a\xfeB\xdfLc\xb6\
'\x0cH\x89m\xd9\xa9T\x86AC\xe4\x0c\xc3r:\
^\xa7\xd3I\xa4R\xdc\x03\x91\xa1\xeaT\x07\xd5\xe7y\
^\x22\x9e\xd0\x0d\xbd\xebK\x99n\xc7\x93\x91\x06\xcbr\
O\xa9\x0em\xa2\xa9\xd2h\xd4Hx[\xc5\x07\xda\x0c\
'}\x18Sb\x81\xaeG\xb2\x85T\xae\x90\xde\x82&\
\x0aq\xf5\xe2K\xe7H3\xa8zac\x04>\xf2\x85\
\x94$\xf8\xe8\x81@\xfaR:G\xb4\x0c:\xc6\xf3=\
\xcaE+p\x07F\x83\x0b\xe90\xc6P\xae\x93JE\
9\xc8'\xd1&\x02,\xe9N^\xc3\x87\x14.\xa8\x95\
3\x01T\x08\xe1\xb0\xe3\xe5\xb3\x5c-\x0f\x0e\xf3\x8ek\
\xc2\xbb\xcaA\xce\xa4<\xa9RX`x\xa2\x8c\xa2t\
t\xd8|\xf4!e\xa1sz=/\x173\x04rs\
\x81,\xf8q\x03:TC\xbd\x0a\x22\xa5\xb3\x02\xc5G\
\xbfJ-\x94\xa8\xe89\x99w\xa4nQD%\x084\
\xb9\xb5\x12\x15\xe0\x85\xc5\xd0tQy`\xba\xeb\x81l\
)A\xf1\xa2]\x95\xd1\x11Xw\x99\xde\x007\xf2\xef\
\xa1\xad)\x87\x92\xa4z\xbd'\x08\x12eN\x0fk\x9a\
\xca$\xa7r\x19\x95\xe5\x83\x00RS\xfdNG\x86\x8c\
~\x03\x06\xa8(\xda\xeb\xfb\x1d\x8e e\xccT\x8a\x80\
\xcf0u9\xeeI\x1d\xa84\x00\xa2\xba\xdc\x1b\xe8\x83\
\x11\xd0\xc3\xc9\x1c\x14\xd1\xe2\xbcP\x8b\xf3\x11@2:\
\xadf\x1b\xbd\xa7\xab\x16\xadGq\xd6;~,nH\
\x1f\xcb\x08\x89j\xe6\xdbp\xa8=\xfa\x94R9\x18\x8e\
\xb5\xc8\x0e\xaa[\x0a\xe9\xbd\x09\x91M\xa7I\xf7\xd1\x18\
]g\xfa\x93\xb9\x22\x1c\xabt:\xb3\xa0-\x89\x8cS\
\x81H\xb4C\xf7\xd2e\xcc9\xcdv\xdc2\xda\x1d\x87\
\x83\xaa\xa6'\xe2q-\xec\x06\xaa*C\x18D3\xa9\
\xb4\x16\xd5\xa8\x98\xe7v\x9d\xb6\x8b\xb4\x87x\x03\x5c2\
\x22\xbd\x07\x03\xe7z\xd2K4\x8f:\xd1d\xd7\xf7\x00\
6\x083t=nYA\xd7\xb7,\x1d\xe1~\xe1\x0a\
E\xe9L\xb7\xdd\x8aK\x1b9\xd6{\x86\x00\xa2\xefT\
\x99\x91\xc3z\x86}\x87LIE\xc2\x93B\x95%\x9d\
!C\x17\x96\xd5\x93\x02.\x95\x82D\x88\xc3\xe3/|\
w\xeavrc.\x91?<\x04_\x9c\x22\xd7\x84g\
\xcaa\xder\x0f\xf9\x18\xe2:|/\x1d\xc4 \xf0\x9d\
@9\xfc\x8a\x17\xce\x10\xa0\xc7\xe0\x07\x02k\xbe\x8c\xa9\
H\x8b\xbc\xe15\x1c\xdc\xb06`0\x84\xad\xc3\x90u\
epdD#\xa0R\x9a\x12J\x03\xfd&\x02\xc0\x95\
\xdc\x1b`\x82\x1d\x10\x01~\x1864\x12R\x0c\x10c\
\x90\x19\x11\x15d\x04a\xe6Z\x95\xe2\x00R\x04\x12%\
\xe3)\x10\xefv\x1dz_P\x0e\xd4\xb8\x8b\x94Dc\
\xa5\xca^\x08Y\x91\x0dMch\xc0\x8a\xfc\x03|*\
\xc3\x85\xbcxn\xa7\xd3;\x87\xef\x02\x04FA\xf4|\
\x05\xda\xa4G\x1d\xd7a\x0a0\x0c\x13\x99\x00\xf4\xd4\x8d\
\xeb\xe8~\x81y\xd8}\x14%JH\xfaA\xf0 \xf7\
\x936J\x97\xa9\xaa\xd6\x04V\x9e\x5cE\x071\xadx\
2\x03\x8b|H\x17\xcb\x83\xba\xc4\xa0?\xe0X\xa0#\
\x22&\x17\x87rB\x15E\x16\x01P\xd8\xedt\x1dJ\
\x5c\x8dB\xfb`\xa4\xf4\x15\x10a\xfaC\x01t\x83r\
\xb1\xcc\xbd\xe8\x05NR\xb5XD\x0b\x12\xe9\x94i\x99\
@\xb5\x5c\xa95[m\xc3\xb2\x92\xc9$s\x0b\xe2\x0b\
\xbf\xf2\x5c\x97*\x99\x86!5l\xb6\xaa\x95:R\xec\
u\xa0 2\xef\xc9@\xf8\xd2&f2\xee\x0d]\xa2\
[(\x9cY\x8do\x806\xc3%R\xad\x06\x96i\xd8\
\xb6\x81\xd6\x02v\xa8\x0a\xa9'\x0f\xbf\xd1u\x96\x1ci\
\x07\xe0\xe5\xec\x10\x9f\xc0W\x90A\xff\xc8HK\xe9\xf2\
\x86\xf1\x96n\xe4-\xddA\xf7\x05\x8c\x05G\x84\xa2\xf2\
\x15\xf7\x94\xd3e\x1cy\xcb;9\x07\xd8\x86\xe3\xcbg\
\xce\xe1\x08\x1d\x1a\xde8\xfcV>\xf7\x8es,\x1c\x12\
\xf9\xc3=d<z\x87\xa4(y''\x86UD\xb3\
\xca\xed\xa4\xf8P>\xe8\x7f\xa6O:\x83\xb3\xe8s\x9a\
\x10\x22[\xf0\xcd%\x1c\xe1?\xef\xe8y\x1a\xd5\xe9\xf8\
\xf0VC\x86\x9f\x1a\x83\x19z\x10\xe8\xf5\xa6\xba\x1e\xb2\
\xc3\x19\x80\xbbbc\xc8\x9cC\xcf\xf7\xc8\x1eP@\xaf\
\xf9\x11$\xc7G[r7\x9erP\x0a\xe0D\xbaT\
\xe4\xcb\xe7l\x90\xe7w\x81\x08\xe0\xe6j\xbeE*\xa5\
\xdf\xa85dQ\xba3\xec\x1eC\xd7\xf8+]\x84\x12\
\x0a\x95\xb8\xb4\x10m\xc2\x95\x10_N\xa7\xc6r\xb1\x8c\
\xabe\x9b.Xp\x1dC3\xa0\xad\xb4F\xe887\
\x09\x847s\xb2h\xc1\xde\xf4\xc11f'a\x07\xc8\
K\xac\xd7::\x0d\xd1\xed\x04\x8a\x89\xe6\x8f\xfb1\xa5\
\x85\x08r\x82\x9c\x03\x8e\xa9\xbd`D\x00M\xdd\xf9\x1f\
\xde\x9c\xfa\x8a\xf8\xd1\x81\xd2>AU\x0f%\xa2\xbf)\
\x99\xaaB_@\xb9TZ\xd7\x01eq\xa5L\x0bT\
]\xbeC\xa1f3\x99x\x22\xc9L\x05\xf4k\x8d&\
mOf\x13V\xdc\x96J\xa3\x03\xd0\xe8\x00QU\xe1\
Mh\x82z\xad\xd1j\xb4}\xd1\x18\x10\x0a\x19Ni\
\x07}!\x84\x8e\xd1\x13\x80\x85\xbd'\x9aB\x84K\xf4\
\x13sT\x97\xfe\x88',\x8eh\xb1\xd8Jq\xf9E\
6\xe2\x16=Z&\xbdM-a]\xf4\x8a\x8c\xb4\xd4\
\xb6\xe3y\xf2.\x84\x19\xba\x84\xae\xe4^H\x1b\xcd\xd5\
\xb4\x98\xb0\x8dp\xec\xb9=\x1d!\xb5\xa5'\x84|K\
\x11\x02\x9dp\xf0y\xa5\xe3)\x85*\x87\xc7CHr\
j\xf8Y\x9a\x18\x96\xc3Qyr\xb3\xd0<\x02\x08\xdc\
E\x0e\x09\xceE{\x84w\x09-\xb5\xf0L\x0e\xca\xed\
ye\xc0\xa0\x07\xd2T\x06\x00\xd3W\xba]\x04\x1e\xa2\
G\xd9|\x02\xfaJ\xa4#xAQx&\x9f\x0dU\
\xb4\x17\x04T\x91VHs)\x85\x1b\xcal\x10v\x85\
\xf4=\x04\x02\xc0\x01\xbe\x90M\x22\xc5]\xc7\xe7~\xaa\
\x8a\xf2@\x99\x01aa6\x90\x07\xd1\xd6\xdc\x0f\xb5\xcd\
U\x0c\xb4\x8e\xb5\x13VT\x0d\xc1\xed\x02\xf8.T\x88\
\xd1C\x08\xa4\x97\x0185\xa3/Q<\xd0w\xbaT\
\xd4\x02`\x81pDT\x1f\xcd\x1d\xd1\x94\x00\xf2\xcaa\
\x1e\xe0\x8f#\xb1\xa8a\x9a\x9e\xeb5\xdb\xedx<\xae\
\x1b\x1a\xbd\xa2a,\xba^\x97o\xa3Qa\xd5\xba\x06\
.\xa1\xad.T\x9d\xf6\xbb\x1e<\x02\xc0b\xce\xc5\x93\
\xa9j\xab\xd5p:v\xc1L'\x12\xad\xa5\x95V\xc7\
\x15\xc0P\xa5.\xb0\x96\x81\xe3\x7f\x97\x9a\xab\xb1n\xab\
\xc7\xcb\x81\x13\x1a\x81a\x13]\x854\x87}\x89\x8e\xd4\
\x96\x1b\xcda\xd3\xa6\xe34\xc3\x0c\x0cK7,M7\
+\xe5z\x22\x9er\x1c'D\x0fff4?\xd0\x07\
\xd5r\x9dN\xa5\xda\xa0\xdf\xd0\xc0\xd9|\xa1M\x1d,\
\xabV\xa9\xb4ZM\xca4M]3\x0c\xc6\xd2u0\
\xd61\xa9\xd1\x0b\x82\xc1PZ\x19\xa4\xde\x0c\x1c\xe1\xa3\
\x08 \x03\x8cZ\x13H\xf0\x0c\x8a\xb5\x95\xa1\xbe|\x22\
\x11\xcf\xe6\xd2\xd4\x1d\x85\x82\xe8\x87b!\xdd\xa6\xf8\x18\
\xfd\xfc\x11;HPEC\x05s F\x90\xca\x0dP\
P1\xactz\x99\xf7 \x0d1\x0f'\xa2X\xe0#\
\x8a\x9c\xc21\xae\x96\x97\xde\xfb\xf0cx1\xef\x04\xac\
\xf2\x12\xbe\xed}\xec\x9d/\x03\xcb\x15\xa0\x89\xa3\xa7\xae\
\xe4\x98t%H\x8e(\xc8\x95\xcc\x86\xa1l\x01\x18p\
 \x08\x94o\xb9\x1d\xd7\xca\x5c\x19\x96\x08\x8eU\xfc\x1d\
@\x9aoE\x12\xe5~\x8c\x06\xdf\xca\x01:\x84qv\
\x98\xe6\xbc@Su@\xe5\x84\xba\x15U/,Y\xba\
\x8a^\xe2\x06\xf43*\x9c\x92\x05\xebR\x07\xc6\x12\x15\
\x8d\x99)\x1f\xd1\xf5\xd0\x17\xbf\xabS\x13\xf85\x1d\x85\
8\x81G\x94\x8f\x13\xeaf\xee\x09D\xc3\xa6p\x8d<\
0\xcez]\xc9\xb0\xc0ba\xc8\xfc\xa1\x1d\xe8 \x90\
\xdc\xedH-\xbb\xa0S\xd7\x90\x16|\x01\x22\x9c4/\
\xa6\x0bW\x89\xa2\xc5\xd1\xc1b\xffA.\x15\xa7M\xc5\
1%\xedx2S\xaf\xd7\xe1\xcd\xa9T\x0a\xe4\x1aH\
\x92a\xb4\xdam\xc4\xd6TM+\x11\xc7J\xe3\x04a\
5\xd4\x80!\x8b\xc6,\x8eZvk\xb9\x08\x91-\xd5\
\xea\xc3\xe3\xe3\x83\x86\xb5R*7\xeau\x9a*M\x16\
`K=\xa2\xa8^\xc8\xac\x83\xa9*\xfa\x1b]\x16\x9e\
 =\x10vB\xf4\x87O<\xf3\x93\xa7\xf7?;;\
\xdfp\x1c\xe9\xfc\xff\xd2\x07\x8d\xda\xb2v\xfd\xbb\xdf\xf6\
\xf6\x0f\xbc\xfb\xdd@\xbf\xd1h\xc0!bCS\xe7\xf7\
j\xd5\x9au\xe8>\xc1M\xf8\x90w2\xba\xf2%\x13\
T\x08$\xba\x88\xf6\x8b\x80#\x032\xe9\xc9\x9c\x85\x8b\
\x88\x13{\xf2\x80[\x90\xae\x90AEu\x0a\xaeB\x04\
\xf2W FA\xbd\xf1}\xfe\x8d\xe0\xafw\x88\xaf\x00\
\x22}\xd8C\xa4\xa8\x8d\x98\x18\xcb\x94\x04\x15\x03%\x0c\
4\x0f.\x0f\x0b\x09a\x0b\xa4\xc2#a\xdd(*\xbc\
+\x13b\x88E\xca\x93\xc29\xa17\xcbKe\xc4\xe0\
f\x901\xa6#\xe2\x1ed\x96\x16'\x8c\xe8l\xce\x8b\
j\x11U\x17\x83\x84[\x87F\x098\xe3\x9d\x86\x0a\xc2\
\x1d\xc6\xfc+<AGs\xa3r#\xbaZo7\xcc\
\xa4\x0d#\x84\xf9\x86m\x0d\xc1\xc7\x1dD\x0f\x84\x0a\x82\
\xfa\xe0\x89\x92Z\x89\x84r\xf7\x90\xf7\xd2L\xb4\x0dw\
\xc0\xef\xc8M\x9f\xff\xcf\xd7=\x9cKM\xf0J\xc6b\
@_\xa8E4\x0a\x1f5m\x9b\xfb\x028\x1c#\x5c\
\x8dc\xc1\xf5|\xcc/\xa6k3\x9e\xe0d\x98\x00\x9a\
FW\xd1\xa1\xaaa\x184\x13uhY\x96f\xe8\x0c\
\x03\xd3\x00\xa3J\x13\xb0O\xd1\xac\x9aa\xa1u\x8b\xb5\
\x1as\x1a\xf8\xc7g\x81\xe4\xb4\xdb\x9dP\x19\x8b\xe9\x8d\
x\xd8\x89xL\xd3B\x9f\x89\x8ct\xa8\xe8\x10{\xe0\
\x8d\x85\xa9V\x9d\xce?=\xb4\xe7\xabw?0],\
\x89\x1b\xee\x15\xf0\xc0\xa79\xb30\xff\xf3G\x1e\xac7\
j\x9b\xd6\xaceN\x16V54u\x01\x1d\xca\xb3\xb3\
\x00\xe5\xa0\xb3\xd1\x80\xe1\x00\xa3\xe8\x19O\xba\x9a\x99L\
@\x22\x98\x16m\x1d\xea6\x9a\xc8!\x99%!\x952\
\x8f\xc9\x99\xc0\x8eg\xef=\xa7\x09^9z\xdaSF\
N\xca\x0a\xe9m\x88u\x81\x97\x80V\xf0%\xd8\xe4\x8c\
\x1edQUhB\xb9\xa9\xb0;\x0c\x0b\xe9U\xd1\x1d\
1\x84\x0a\xfc\xf1\x22\xe5\xc8C(2\x1fC7-\x97\
\xf4\x9eT\x06\x08\xcb\xcd\x9f\x87\xb8\xfce\x988\x02\x88\
\xf1u\x8b\x9e\x04\xdd\xbc\x93\xa9\x5c$\x01_\x1bX\x12\
\xc8A\xf8tM\xa7Jr\x1b\xb9\x0f3\x1c\xe5\xeb\x08\
=J\x12\x0fY\xdfP\xe1\xbf\x7f\xf2\xcf\x0f\x1e8T\
)U\xe5\x12D\x84\xbe\x10\x97\x88\x88c\xd82\xfa\x8e\
\xa9\x9c\x0e\xa1rrDZJ\xd121\xf0&\x04I\
\x0f)8\xd4\xf1\x92\x88\x92\x96\x22\xdanG\xdc8\xa1\
\xbdOos{\xd1\xa1\x06VQ(\x8a\x22\xfc\xd0U\
\xc8\x94G\xa7\xb8\xdd\xee\x86-[\x8cx\xbcZ\xab!\
\x7ft\x0e>\x0a\x0a\x07\x8f\xa8j>Z\xa6\x85\x9c\x22\
\x0a\xd2A\x02n\xa8\xb9\x81#\xa3\xd9q\xdb\x9eo\xa5\
\xb0\xe1\xb4T*\x8d\x22\xe98\x0eF\xaaX\x88\xban\
\xc7\xe3\xa6m\x89\xdf&4v\xa5\x9b\xc3A\xef\x0d\xcd\
\x1d\xcf\x1d\xfa\xca=\x0f\xcal\xf3\x0a{\xc0\xbe\x1e\xd8\
\xbbg|hx\xe3\x9a\xb5\xf4D\xd8\xd3a\x15\xd1\x13\
<\xa1\xc2\x0e6\x05\xb0\x86(c\xc4\xe0O\x15\xcf\xbf\
pSF\x07n\xd5S\xc6\x1c\xe1\x89\x18\xa3KP|\
L\xb2|+:\x0b4\xd0\xb5\x82H\xceG\x12PF\
2\xa6!\xbcd\xc4x\xa2x\xe4\x88(\x12\x81\xb5t\
z\xe8\xe9\x94\xd2\xc5\x11\x0b-\x96H\x06\xaa\x05\xd1c\
\x22\xc7\xferp\x95\xa2z\x98\xf9)\x5cE\x15i8\
\x1a\x01\x1b\xb2\xc8\x13\x0d\xd6e\xf6\xd444<@\x00\
\x0eXUf\x22E\x98\x01k\x85oa3X|\xdd\
.\x5cY\x1c\xb1\x8c\x89\xcc\xad\x027H\xb5\x16DU\
\x18\x00\x83\x8f\x9d!7\x8e\xe9\xb0\x1a\xde\xc34\x03\xcd\
\x08\x22\xf1n\xd4\x8f\x1a^\xd3\xa9\xb7\xea\xad\x8cm\xab\
~\xac\xdd\x0e\x92\xa3I;\xa3\xfb\x1d'i\x1a\xedj\
Y\x8f\x10.\xc1 \xf3\xa3\xaeca\xf5\xb5;m\x22\
;^\xd7\xa0\xbe\xf8\xb6\xa2\x86\x86~o\xc1\xfe\x8d\x8e\
j\xb7\xe8E\xcd\x8eo\xdc\xb4\xfb\xf7\xff\xd04\xf2\xf1\
X2a\xa5\xd5D6e\x15\xb2\x81\xadw\x94v\xd7\
\x8d\xc6)\xd2S\xeaM\x13;\x07\x97vTKd\xd2\
\x8a\xae\xe4\xf5L2\x99\xc9\x04\xbe\xee6P\xdb\x83g\
\x9eu\xd6\xbb~\xa3\x89-\xd1r\xa4I\xf8.\x98e\
\x92)\xd4p\x87#J\xc4\xb6\x01*0\x8d\xc2\xc2\x5c\
$\xd4\x88\x11fK\xe6\xb2\xc9T\x8ay\xa1\xd3v\x13\
\xa9Lv\xb0_MYN\xc4w\xfc\x0ej\x0d\xf1\xd0\
,;\x9e\xcf\xdb}}~\xdc\xee\x18\xba\x0b\xe4a\xf4\
\x8c~\x10<t|\xfa\x15\x06\xe9_\xa8\xceO\xef\xbd\
\x17\x82\x0e\x1by\xd1\x82\x14]+\x82-\xe2\x09\xc8\xf0\
\xea\xa3\x8aC\xd5\x16H\xc7\x00C\xf9ZJ\x09U\xa4\
H2x\x0d\xb5\xb6\xe8W\x14\xa4L\xc4\xa1(\x8b\xb2\
\xa44\x0a\x13\xf5/ \x06\xee|B@\xf8\x8a\xee\xe6\
!:5\xac\x12\xd8\x0f\xb5\x1e\xfaQ\xf4}X\x01a\
4\x98\xbe\x5c\x82\xe2\xa0\x8c\x9e|\x84B\x81\x0d!\x7f\
Ea\xcb4\x19\xdeTj.G\xb8\x7fXyDB\
\xa97P\xae\x22\x9f4\x83*#\x0a0aN\x92\xd3\
xP\x04\x22\x11\xf8\xf8t\xa4A\xd8}\xbeg X\
\xf2d^\xef\xdd[8D\xd43\x1d\xb7\x84\x99\xae\xea\
\xb0\x02]\x13\xe3Y\x83\xcf\x002\xd7s\xb2\xa9t\xb3\
Q\xc7\x9f\x85\xeciz\x0c\xabM\x8f\x99\x1d\xa7\xa3\xc7\
\xf48\x0e\xb1\x98\xdb\xd0\x91\x16\xc5\xe8F\xacd\xbaI\
\x04\xd3\x8c\xaa\x8d\x8e\x952\xd5v,\x92\xcaT\x91\xb7\
(\xf8\x17\x86\xd3@~|-\xc1d\x15\xf54\x135\
\xe1\x11\xab\xe4\xda\xa5V#\x95\xcajn\xac]i&\
\x06\x0a\xdaJt\xa9\xed\x9b\xa6\xda5c\xc0n\xa5\xed\
\xa5\x12\xd9\xb8\x99\xd4\xbd\xbaf[m\x84Z\xd3\x93v\
\x02\xe6\xd1,W\xe0K\xbam\xc4m\x9b\x0e\xaf\x13\xd6\
\xa3PHR\x10\x10\x0d\x89\xb5;],K\xe4<P\
R\x04\x03;P\xf4\x16J\x85^\x15Vc[Q\xd3\
TR\xc9\xaem\xd1\xc0\xf2\xe2\x12\x01#\x19!%\xfa\
\xd8\x89\x19\xf9\xfbJ}\xdc\xf3\xd8#B!\x02|_\
/<z8\xe6S\x088\xa1\x01`\x10\x15)\x18\x0d\
\xa7T\xfe\x86\x07\xe5s\x8f\x9er\x9c\xab\xb8D\x08\x0c\
\xbaV\xd4\xf8\xf3\x0f\x01]X\x80\x9c\x1dBJ\x0e\x80\
\x94\xe7\x1f\xdc\x06O\x05\x82\xd0\xd3\xe6\xa2\xaf\x99M(\
\x0e6\xc8\x94(\xf7\x0ao*z\x95\xe1\x17w\xad\xc0\
\x9b'\xfdN\xcdyJm\x800\xe0\x0b\xe5G\x0a\x16\
V\x8d\xc0\x84\xd2\x01K\x09%\x85bC\x93\x00_7\
8\xe1\xbe\x9c\xc6\x17\xfc\x137\x12\x82\x82\x09\x9e@|\
\x84G\xc7\x08\xf1\x11\xcaf\x8e\xe6\xeb\xa6\xd3B\xa5\xab\
\xa8\xf9(\x01j\xc4\x12\x22\xae9\x9e\xd3E1\xc6\x8c\
f\xb5\x13\xba\x14\x02\x80\xe3\xb8\xf5@\xd7\xca\x8dr\x22\
a\x96\xeb5\xf4f!\xa6\xa7*NK\x8b\xd6\xf0\xc8\
\xe9\xba\xdbt]5RQ\xa3\xad\xb6\xb3)\x9e\xaf5\
\x16\xbd\xa6\xb22\xb3\xb0\x7f\xff\x8dS\x86\xe1\xc4\xdcv\
\xac\xbb\xe0;\xaea4\x80\x1a6\x86&\xea I\xe0\
:\x1am\xa9\x8a\x84\x7f\x0c#\x9d\x19X\xf1j\x09S\
\xf7\xcc\x14\xd3\x90\x95\xb4N\xd6\xfcD2\x0ban\xb6\
\xdd|\xd2\xc4\x05\xa0%\x13\x80\xd3\x89D\xecL6\xec\
!\xbf\xedy\xb9d\x0a\xe5At\x84\xce\xc6,\xa2Q\
\xcc\xc94\xb8g(\xd3?I+\x85\xbf\x055F\xcf\
\xa3\xcdzL\x83q\xd3\xecDR\xd3\xf08\xe0w\xa9\
-,i8\x8a\xbb]\x98\xcc\xf3c\xfc\x8a\xfc\xd3h\
5A\x04\xf0x\x11\xd9\xb44\x1c\xf7\x905\xa3\xfcP\
\x87\xc0H\xdc\x9bt-\x1e+l\x05a\xae\xf2\x10X\
\xf1\x90\x17\xc0\x02Rx'\x87B\xbe)\xc7E%\xcb\
\x11Q\x8f\xe0(d\x87r\x91\xe8\xda\xde\x93\x99\x13\x04\
\xc29\xe8m\xf9\x02\xfc\x82GQ\xa5\xe2\x14\x97\xc3\xa2\
\x91!\xc4r\x0c{\x9cc\xe2bC\xa1\x12\xd0\x12b\
\x04\xde\xa9\x98\x88\x8f\xfc\x03\xd0\xf8M9\x1b\xc2\xdaq\
]Tf\x7f\x7f\x1fV\xd4\xd2\xcaR\xa5R\xa1 \x91\
4Q\xea\xe1\x03\x81\xc4K\xc2\x00B\x9f(\x81\xb2#\
\x8a\x8d\x8aR\x14\x15\x8d\xa7\x9apM\xee\xe2\xb5;\xc0\
\x92[^\xf8\x86\x8b\x1b\xed\xfa\x9e\x87\xf77\xcb\x8e\xa1\
+\xf8\xda\x1aD\xd1T5\x9d\xcd9\x09Bzn\xb5\
\xd5\x99\x5c=~\xc5o}\xb805\x81\xd0?}\xf7\
\xdd\xff\xf8\xd7\xff+\xad\xc5i\x1e\xa0\xfc\xcb\xab\xafV\
\x8c\xb84J\x8f\xe1\x89\xfd\xfeg\xbf\xd0=\xe9e\x92\
V\xf2\xccmox\xd3\xc5_\xfe\xd8'\x08w\xbc\xf3\
\xf7~\xbb\xef\xbc\xb3\x94\x06\xe1\x18\xb5\xd3\xae\xea\x83}\
\xc8\xd4\xa3_\xf8\xfb\xfd\x0f>b\xa6\xec\xc2\x86\xc9\xdd\
\x7f\xf8\x01\xa5Z\xa4+g\xee|\xe6\xb1\xe7\x9e\xb2\x8b\
\x0b\x8dz\x85\xa0[\xc3\xf1G\xa6\xa6:\x09k\xb9U\
L\xc4\xf30eH\xda\xa6-g.M\xcf$bj\
\xa3V\x81\xfd7\x5c\x5c81\x12<Z\xb4\xa9\xdd1\
\xe2\x09\xb8\xa5\xa1\x13z\x14\x17\xaa\x08:\x0dG\xfa\xa1\
\xe0d\xd3\x84\xe62}\x83\x0b\x09K\x97\xe6$l{\
\x95n\x1el\x12\x15\xf4$$\xf3\x8a\x7f@\x91\x19U\
\x90\x1d\xb6LQHv\xa1\x9d\x82K\x89;0\xd8\xd0\
<\x1a\x07$\xc20\x00b.\xf38\x87\x05i<\xd0\
\xb7\x80\x85\x03r\x81\xc0S8ph\xdbI1aQ\
\xe0\x02@A\xeeB\xf8>\x7f\x1f\xe9\x18\xbe\x97\xe2\x04\
\x97('\xd88\xbc[4\x06\xa7\xf0\x05\xcf\xb0(\xb9\
\x13\x03\xa3\x19\x92\x10\x83\x09 #\xc1\x1c\x82\x00\xca\xec\
\x80\xf7\x18\x1e.\xbec\x1e \x1e\x1c\x97V\x96'&\
\xc6\x01#%\x8f\x8c\x8cr}\xa9R\x09\xc7N\xec]\
\x011\x85\x88\xabM.\x0a\x1b\x84/O\xd4#j\x1a\
\xc3\x89\xcc$\x09s\xe0v\x10\xa7i\xd4N\xa4\xf0\x0f\
\xd4\x1b\x8d\xa9MS\xd5F\xe5\xc1\x87\x9e\x88\x89\x99\x86\
\x8e\xf7\x0c[\xf7\x82\x8ef\xebp\xdb\x8e\xd2\x9d\xdc\xbc\
\xe9\x8f\xae\xf8o?\xfe\xfew\xf6}\xf5\xab\xb8=\xde\
\xf1\xaeK\xfe\xfa+\x7f\x7f\xcd\xa7>\x95n@\xd1]\
%W\xf8\xee\xd7\xbe1\xfb\xcc!\xea\xe9\x18\xea\x1f\xfd\
\xc9\x1f\xdf\xfd\xf5\x7f<\xf9\xc4siUo;\xae\x98\
\xca\xb1\xe8\x8f~|s\xfd\xce\xdbLW]T\xbcM\
g\x9dy\xc9%\xbf\xf9\x83?\xff\xab\xe0\xf8\x5c\xdcL\
\xf5m\xdct\xc1\x07\xde\xf3\xe0w\xbe\xbf\xb08\x9b\x18\
\xc8^t\xde\xdb\xadU\xc33w\xdeF6\xd2\xf2B\
\xb5A\xd7j\x91\xf7\xfe\xc5\x9f\xde\xf8\xd9\xff\xb9\xd8\xa8\
C<\x86\xc7F\xfb/x\xdd\x89o\xfdk\xb6\xd0\x8f\
\x87\x00\xdfn\xadT\x22\x8e\x9d\x88K\xc2\x11\xf3\x0c\x0f\
\xdd\xb4:\x9e\x5c\x0a\x06\xda<:N*\x9d\xb5\x93\xa9\
\xcabQ\xd3$\xf9\x03\x0d\xc1pFM\x82\xd4\x11\x9c\
\x9a\xb9\xb11\xe3\xd8\xc9\xd6b\xa9'\x06R\xc4+\xf9\
A\xfdA\x10\xea\xaf\xf7\xecaQ\xc6\x9dd\x14\x5c\xfc\
\x1eV\x8b\xd0e\xe8\x17\xeda\xd2\x16\xcfH\xe8\xff\xe7\
\x0c\x1e4\x8dK\xc0\x22\x98\xe9\xb1\x83\x17\x8es@\x1e\
\xa8\xd8\xd0\x8d\x18\xd2h\xca\x92\xe0F/6\x0b\xedF\
\x9d\x09\x87\x01I\xf8!\xe4\xb8\x00\x1d/\x01\xee0\x82\
\xc6](G(a]\xd54$H\x16Q\x92\x99\xb4\
f\x9bD>TC\xdft\xc6V;\x95,\x0c\xf4o\
?k\xc7\xb6\x1d\xdb3\xb9\x1c\xaf\xaf\xdey\xde\x8es\
\xce\x9a\x9cZ\xc3s`x\x08\xd7X\xa5R\xa3i\x86\
N \x1a\x86\x83{\x01=\x85\xc9 I\x17\x82'\xd5\
 \x13\xb1\x83Ei&\x02\xa2*D\x19\xec\x04\xf9f\
\xae0\x1c\xb2G\xa8\x08\xbc\xb9\xab\xda\xd1d\xceVb\
\xae\xe3\xd7\x93Y\x0b\xdf\xa0\x17\xb44\xc3\xd7\x0c\xa5\xd1\
i\xe18m\xf9\xfeo\xfc\xd6e?\xf8\xe1\x8f\x1e\xfc\
\xd9\xfd^\xa9U:\xbe\xf8\x0fW\x7f\xd9Le\xa3\x9b\
\xa7\xe6\xb0(u\xf3\xc0\x83{+'\x96\xfdb\xbb\xb6\
R\xdfw\xe4\xc8\xf1J1=<\x14\x98&\xde\x09n\
\xd1\xae7\xb1\x85\xfdj\xab6_,\x9d\x5c\xdc<<\
q\xc9\xaf\xff\xe6\x0f\xbe\xf4\x95\xa7\x9e}v\xa6Y_\
\x0c\xbc\x0b\xde\xfb;7~\xe9\xcb\x07\x1fz\xbc\xfd\xdc\
\xc9\xb9\x87\x9e\xda\xff\xd3\x9f\xe5\xce8\xa3hD\xdb\x85\
d|r4\x9a\x8eO\x9f<~\xdf\xcf\x7f\xf6\xae\xf7\
\xbe\xaf\xe6z\x0b\x95\xaab'\x94\xb6Se\x1cM\xbb\
0\xb6*\xd9\xdf\x9f\x1f\x1d\x89\xc5\xe3Q+\x9e\xce\x17\
p\xa4`\xbc\x88\x07\x87\x88\x8f-\x1e@\x86\x1a\xe7]\
~``b\xf5\x14\x0e?\xc6\x95#\x0c(C\x10\xd5\
\x8d\xfc\xe0\xb0\x9eH\xe9\xc9\xd4\xf0\x9a5\x1d:D\xd5\
~\x09\xa4\xdf\xf6\xf9;\x8e\xb6\x00C\xe0\xb6\x8e\xfc\xe8\
\xa3\xab\xe5\x8c\xd5\x97\x7fs_I\xe2<A\xb0\xb4\xe7\
\x9a\xb7q\xe4\xa3w\x94\xc2\x8f\xa7^\xe6n\xbe\xf4\xf4\
\xb2N\x15R\xdbw\xfd\xef\xbd\xf8\xc5\xee\xcf\xdd\xbco\
\x89\xc2\x8f\x5c?\xf5\xfc\xc1\xedW\x5c\xbfo),\xe5\
\xc5\xdb\xbdx>\xefD\xe1\x12u:u\x8c\x06\xf2\xbe\
\x870@\xdb\x83\xae\xe86\xe6%Qs\x02\x079\xca\
\xa4\x0a\xec^P\xcb\xc2j\xb9\x08:\x1a\xdeKD%\
d+\x94\x83\xfe\x16_*8\x09\xef&7\x0aK\x17\
\xbd\x1c\xe2\x1cW\xa9\xe8F\x09d\x0a\xc9\xe6Z\xccV\
\xce2,\xc3\xe9\xd0\x8d\xb8\x15\xe0\x1e\xee\xc4\xe4\xc4\xba\
\x0d\xeb\x87G\x86\xfe\xf9\x9b\xdfd\xd2\xdcu\xf1\x1b@\
h\xff\xe0@!\x9f'\x12\xb1\xbc\xb4\xfc\xba\xd7\xbfn\
iy\xe9\xe0\xe1C\xc3\xc3\x83^\xe0\xb7\x9a$l\x04\
\x07\x0e\x1c@-w:\x0e\xd2\x02\xbeE\x88t\x0d3\
\x91\xa6\xa80\xe6n\xb7\xd3vp\xb0\x10=\xeb(\xb1\
\x8e\xa6{\xaaY\xeb\xf8\xe4\xe0\xe1\xb5\xe6\xd6d-\xf0\
 G\xb3\xe6U\x92\x99x\xe3H\xed-o}\xd3\xe6\
\xa9\xadZ\x84\x8a\x99N\xcc\xb3l\xfdMo\xbax~\
\xaa\xf2\xf0\x93\x8f\xe8\x96=?\xbf\x984\xe3\xb1\xb6k\
\xc5\xb3\xa5v\xe3\x81\x07\x1e\xf9\xd8_\xfdUw\xa1|\
\xcf\xcf\xef\xb9\xe1\x1f\xfey\xd87\xfcz\xcb\xc9h\x1f\
\xfb\xb3O\xf6\x9b\xc9\x1f\xddw\x9f\xdat\xecf\x9dY\
\x10\xe5\xe1:\xb8\x12\xbb\xe9\xc1\xfe+\xfe\xd7\xff\xb3\xf7\
_\xae\xbf\xf1/\xfe\xe7\xc1\xc6\xf2G\xae\xfb\x1bjO\
\xc4\x5c\xb1\xa2\x8b\xf3\xb3\x89\x96\x13\xf7\x94T\xd7\xd8\x7f\
\xff\xc3\x1b\x7f\xf7W\xcd\x0dc[\xb7n\xb4\x07\xd7*\
jJQ\x83\x1f\xdfz\xc7\xf6\xc1\xfe\x0f~\xe6\xaf\xff\
\xf1\x0b\x7f\xd7\xf2\x83Z\xa5\xde&\xa7S\xd3\xadl\xc2\
L\xc7[\xf5z\xb3\xde@[1\xc5\x19Q\xd5\xc1\xd5\
\xc2\xb0\xa8\x9a\x89\xdfZ\x85_0\x19\xe2\xcd7\xfa\x06\
\x87J\xcb\xa5\xd2\xd2\x0a\x9d\xc5\xb0be2\x9b$\x92\
\x09\xc5 F\x85x\xe7-\xb2\xf3j/\x8f\xcb\xec\xba\
\xfeo?\xbac\xfe\xea\xcb\xdex\xe5\xfew\xdf\x7f\xe7\
\xa7\xaf\xbc\xe6=W\xbfu\xe2\xfa\xcf\xbf\xcb\xbc\xe5#\
;.\xb9u\xe3\xf5\xb7^\x7f\xf9\xa7?\xff\xa1\x9b\xae\
}\xff9W\x1f=$(P\x94\xf7\xdd<w\xcd\xd0\
\xb7>tC\xef\x93\xbc\xee\xfe\xee\x17?\xba\xe3\xe8'\
w\xac\xbea\xd7\x9d{>\xff\xf1\xeb\xaf\xfb\xc6ew\
r\xf4\xeb\xfb\xbe\xfb\xee\xec\xfd_\xfd\xd0e\x7ft\xdd\
\xde\xde\xc9\x1f\xbe\xe3\xce\xcf\xed8\xfa\x8d\xf7\xef\xf8\xc0\
u\xca\xef]\x7f\xfd\x97\xaf\xfa\xee\xe7\xae\xde!\x8bg\
N\x7f\xa06%o\x84?\xf2\x10\x15+qG\xc1!\
\xb8\x15m.\x1aY@\xc8G\xd1\xa8\x92G\x06\x10#\
\xc84\xc7\xf9\x8e#\xfc\x0d\xf5\xb6\xb0\x084\x81\x9c\xdc\
sq\x88i'z\x983\x9f\x7f\x88 \x85\xecZ\xa4\
A\x04B\xa6\x07R\xa2C\xf6 \xa1\x01\xbcR\xe2\x84\
\x11V\xad\x9a\xf8Y\x93\x8e\xdb\x19\x1e\x1b\xd9\xb4eS\
2\x95<t\xfc0b\xb8\xebM\x17\xd1\xefPl\xf4\
\x0d\xae_\xa6Q\xec\x80\xd9\x85y\xee:>>\xe1z\
m\xaa\x0a\x1f(\x97*X\x82\xd4,L\x04\xc53\x1d\
\x15D3\xb4\xe2K\x14\xe0\xe2\xe2u1\xf6q$\xeb\
&\x96`\x8dD\xf4\x96\x93@b\x98\x7f\xc9\xa2t\x1d\
\xda#\xeft\xad\xee\xc7j\xb5\xe6\xab_}~\xb3\xd2\
\xbd\xf7\x8e\xfbcA\xab\xe3\x04-\xc5\x19\xde\xf0\xba'\
\xf7<~p\xef\xf4b\xbd\x88\x81\x15\xf6\x93j'\xac\
\x06\xd1a]\x9b\x5c\xbf\xf1'\xff\xdf\x8fn\xfe\xc1\x0f\
>\xf4'W|\xe2/\xfe\xc7\xdf]\xf9\x09\x03\x22\x9f\
4\xc7\xc6F\xfe\xfb\xfb?\xb8*\xa1\xa11\x90\xb4Z\
\x83\x88\x89\x97\xcc\x15j\x9dr\xcc\xd2\x95ljq\xfe\
D\xe7\xe4\x89D\xa3~\xdb\xdf\x5cslaV\x1b\xeb\
\xbf\xfc\xb3\x9f\x22\x1e\x9d\xae9\xd1R-65\xeaC\
\xdd\x0dm~\xf6dui\xae?u\xb0\x85\xcf\xc4o\
\x9d\xb1a\xdd\x0f~\xf0\xc37\xc7\xf4\x0f\x5c\xf9g\x8f\
>\xf0p\xb2o\x80\xfc\xe9\x18!\x1e\xfc\xd9\x84\xa5t\
\x0d\xc3\xdc\xaf\xd5\xa1\xd7X\xc7\xae\xd2d\x08\xc9\xb0\xc6\
\x9f-\x0d\xac\xd7k\xf5Z\xb1TJ%2\x10\x92\xe2\
R\x91Q\xa6s\x10\xec\x08!\xf2v\x9bx\x05\xf1\xaa\
\xc2`?\x01z<\xf6/\x0c\xe7\xa9\xbf\xe7\x99\xed;\
\xaf\xfb\xd4\x957\x80\xda\xbf\xbas\xff\x9f^nf\x94\
K\xc7\x94\xfd\xdf\xbf\xf6\x92/\x81\xc6\xbd\xd7\xed\xbd\xea\
\xd2\x8d\x19E9\xfa\x02\xac\x95]_\xff\xe8\xae\xf6-\
\x97|\xe4\xe8\xa9\x22\x94\xf7\x5c\xbest\xefu\xab?\
#\x17\xdc\xb4\xe7\x93\x9f\xdb\xb8[Q\xee\x9c\xfa\xfcU\
\xef\x1e\xba\xffS;.\xfa\x9bSg\xee\xba\xfe\x83\xbb\
\x94{\xae\x14X\xf3\xf8\xc6e\xd7\xbdq\xcf%\x19T\
\xffi2\x12\xeaO\xd0\xf5\x22\xf2\xc0!\xaa\x8e\xf3E\
\x97\xa3lC\xdc\xa1\x88\x81\xa3hY\xf0*\x0f\x91o\
)4<\xc4W\xbd\x13\xc4\x11\x8e9&Nn\xbaE\
\xf4:\x17A]\x04\xdcr&\xb0\x97\x07\xa8\x05X@\
\x997\xf2\x1eF@\x0e;\xf4\x03\xaeMz\x91\xaa\xa2\
!\xf2\x85\xfc\xc8\xe8\xc8\xf8\xe4\xaaL!\x1bO\xd9x\
\x00\x12\xe9\x04\x0e*\xf2\x5c.|\xe3.\x17G\xaf\x1a\
s:8(\xb8\x8dR\xaeVI\x9f\xa02(c,\
E\xa9_\xd0u\x5c\x1cp\xda\xf8\xf8\xf8\xc8\xe8\xa8\xae\
\x1bT\x83SC\xfa\x01\x87\x16\xc7KX\x93\x08 &\
\x06\x87G\x04\x9f}\xdd\x0f\xda\x84\xf4\xd2\x99\x80,\x07\
RD\x88}F\xa3q\xd3\xc4\xa0\xd0bF\xa7\xdd-\
\x17\xeb\x9f\xbd\xeas\x8f=\xf2\xc4#\x0f\xed\xdd\xbb\xe7\
\xa9}\xcf\x1c\xc4\x7f\xb1tr\xa1\xb1\x5cF\x0b>\xf9\
\xf8\x13\xef\xb8\xe4\x9d\xb8\x17+\xedV-\xf0&\xb6m\
\x19\x9e\x9a\xd8s\xd7\x03C\xdd\xf8W\xaf\xbeV\x1f\x1b\
\x19;\xe7\x8cf\xb4\xdb\xaeV\x93\xd9\xdc\x8esw0\
]H0H\xc7\xa7\xd1 ,_j\xd52#\x03\xef\
\xff\xc8\x87\x1e\xb9\xf5\x87\x07\x16\x8e:j\x1b\xc85f\
grN\xb7\xfa\xdc\x11\x92MWM\x8d\x974\xb7\x96\
\xd7\x9fm-^\xf0+oX|f\x9f]ne\x8b\
-c\xbet\xe6\xaa\x898\xae\x8d\xe1\xfc\xe0\xc0\xd0\x1d\
w\xdcY:9s\xf6\x85\xbb\x98\xf5\x02\xa4\xd6\xb0\x5c\
\x02\x05\xd0B\x12\xeb\xf293\x99d\xc5\x04\x8c\xd0\xc4\
\x04Fmd\xd2\xaa\xa93\x82\x8cF\xa1\xaf\x9f\xae \
\xe4N\xdeR\x22\x95f\xe8\xc3A#\x8f\xb4\xcd\xa83\
\xe9\x11\x15\xc0\xe4\xa0\xcfY\xa3\x10\x0e\xfe\xe9/\x9f\xb9\
d\xebEW\xde&Gv\x7f\xf3\xd2\xed\xf5\xfbo\xf8\
\x92r\xc3\x07v\xee\xb8\xf4j94\xf5\xd1O\xbcq\
h\xefm\x9f\x91\xf7\xbd\xc7\xd4UW\xbdk\xe8\xfe/\
^r\xcb\x0b\x07\xe4o\xc14\xeb\xa5\xb9SG\xa0\xfe\
\x8a\xb2\xfa\xe3\xbb\xb7\xd7K\xab?u\x04\x8c\x95\x1e\xb9\
\x06\xac+\xca\xa5\xdb\xa7\xe6\xef\xffFXrx\xf2\xd5\
\x97\xee\xd8\xf9\x81_\x805\x87\xc5P\xc3&\x0eO\x90\
\x17\xda\x03~\xa1\x1d\xe0\x8eo\xc5\xbc\xeb\xe1Q\x00)\
AZ9H$\x0c\xbb34\x10y\x91\x0bD\xb1\x8b\
\x9e\xe6[)\x0fP\x00\x9c\xf0\x93t\x0f\x0a\x98\x13B\
\xed\xdd\xc35e\xc9\x11\x18K\xc8CP\xa0b\xce\xe1\
b\x89\x06\xf1$\xddke3\xe9B\x7f\x81p8\xd1\
\xff\xe5\xf2R\xb5Z\x05\x99\xad\x96C\x94\xd9\xe9\xb4\xd3\
\xa94\xa6\xa3\xd4\xc7\xf7\xca\xb5\xaam\x99\x9e\x8a\x1e\x91\
$F^\x9d\x16\x81\x06\xfc\x0f\x0a>\x5cT\x0e\xb2\xc3\
\x13\xa0Cz\x04\xce\xd0\xa3\xf0\xee\x92l\xdf%\xb6\x83\
P\x91\xff!\xd3S\xc3i\xc73i\xbc\xc4,*i\
u|=*\xbc\x1c\xcb\x89P\x07\xb9\x94\x86\x9eyb\
\xef\x93^G\xc5\xc5o\xc5\xb5\xf1,,\x00\x00 \x00\
IDATL\xc2\xee\x18\xb4);\xee\xb9\x80'Y\
\xa9\x97n\xfa\xe1\xadk&&?\xf1\xd9\xcf<\xfe\xe8\
#M\xaf}\xcekw^\xff\xd5\xafw*\x15\xbc\xdc\
6\xbc\x94u8\xdd\xb6\xa2G\xacn\xe4\xdbW\x7f\xe1\
\xbd\xef}\xef\xadq\xeb\xa1\xbb\xee]\x15Ds\x99B\
K\xd3\x00\xd3e\xef\xfb\x03#\x91\x9e^\x9c?\xef\xd7\
\x7f5m\xc6\xbcZ\xa3qr\xfe\xe8\x9e\xa7'c\x99\
\xbf\xfb\xc3?\xfe\x93\xcf\xfd\xf5\xc1\xd5Sdq\x0c\xf6\
\xe5\xf3\xa3k\xef\xbe\xf5\xfbJ\xab\x1a\xf5\xd4f,P\
S\xfa\xc0\xe0\x9a\xd8\x01*\xeaj\x1d\xf7\xf6\x9f\xdc\xfc\
\xceKs\x91d\xda6@t@\xda\x07\xc9\x82\xc4\x81\
\xec\xb8f\x90\xc7U\xaa2Rf\xdcf\x8c\xe0$\x0c\
\x18\xc8&\x22\xdfn;\x04\x9f\xf0N\xf6\x8d\x0c\xe1b\
ZY\x5c`Z\xd6p110\xf8U\xc8\xe7\xc7\xb8\
\xc7md\x98]\xa7%C\xfd\xcb\x1e\xab?v\xc7\xf5\
\xef\xb6\xee\xff\xf8\x87Bu\xda;c\xf7\xd7n\xbaj\
\xe7\xc9\xebOW\xcf\x1f\xfd\xc7\xcb\xb7\x1f\xban\xd3\x17\
~\xb1\x88\xa7\xcb\xa5\xcc\xae\xdd\x1f[}\xf5]\xbb\xbf\
\xfb\xc1\x9d\x99\xfa\x9d\xfb\x14\xe5\xf2\xed\x1b\x15\xe5\x81\xef\
}\xe0\xa2+\xebW\x1d\xf9\xde\xe5W\xfd\xed\x87n\x99\
^=\xe4\xcd\xdd\xf2/\xbfx\xed\xcb>\xd1. \x08\
\x88\x05\x9e<yO>>\xb0\x0b\xb1\x09x\x80p\xe8\
\xbc\x10\xc7\xb00\x0d\x92Y\x89T\x10U\x94p \xe0\
\xe5\xcb\xde\x13\xcc\xca\x14\x0fx\xb8\x02\xcf\x05, \x0c\
q\xf3\x06\x02#7\x11\xef\x19V >\x17\xc1\xba\x04\
\x17\xd1\x1d\x06\x8b=8\x1f\x09I\xa5\x93\x9b6\xaf\xcf\
\xf7g\xfa\x87\xb2\x13kG\xd3yV\x22\xb9\xa9L|\
||U.\x9b'\x9a2}d\xba^\xaae\xecT\
\xbb\xde \x99\x94\xfev\xdaM\xdc\x83\x80\x0cBA\xaa\
\x90\xd3n1q\x125%\xcbIq\x95\xb6\x18w\x9d\
\xc5\x85e\x14s\x8b\xe3\xba684HB0i \
\x12\xa0\x92\x84.<\x86\x04\x5c\x84\x80Q\x01&\x043\
\x93jQ\xfdD\x924)\xb2'b\xba\xd5\x0c\x94\x1a\
\xa9A\xb6~\xcf\xcf\x1f=\xf2\xdc\x82\xcewv6p\
c\x80\x05\xef6\xf2\x13\x8d&5\x83j\x16\x08\xd6]\
\xfb\xc5\x7f\xf8\xf8\xff\xf8\xf4r\xb5\xfa\xec\x93O\xfd\xf9\
\xfb\xff\xe0\xd8\x03\x8f\xe8,\xd0\x22\x1d\xdfw\xdb\x07\x0e\
a7\xc4\xba\x1e\x1ch\xfa\x89\xa7\xbf\xfe\xe9\xcfn\xdd\
\xbec\xcbyg\x13\xa9\xd7\x1a,-I\xaf\xdf\xb0\xb9\
\xbeP>\xfe\xc0\x9e\xcd\xc3\xc3\xe9t\xce%w\xc3\x8e\
\x0f\x8e\x0c\x10\xf3\xb6\xfd\xf6\x1a\xcd\xfe\xe2\xe5\x1fv\xca\
\xf5\x0d\xeb\xb7\xb4\x8a\xcd[\xbe\xf07\xc9\xcab2\x83\
\xba\xf5\xeaN}Ei\xc4G\xfa\xcd\xc0\x1a\x1c\xce\xc6\
\xad\xe8\xc4P\xe1\x89\x07\xef^|\xe6\xd1\x8c\xcd`\xf9\
\x11\xcb\x88$\xb3m\xcdp\x199+\x81\xe3O\x18#\
\x96\x04\x81N\xbf\x83;\x1f3\xd1Na5\x12{U\
\x8c\x84\xad\xa7\xed\xd4`^K\x98\x12\x06F\xc71\x82\
\xae\xaf\xd3;\x81\x8a\x05MJ\xe2\xbf\xe7\xf4\x03\xd6{\
>\xbbi\xcf\xc7w\x9e\xc6\x1cv\x7fm\xffw/\xf3\
\xae\xbfd\xeb\xfb_T\xcfo\xfb\xee\xe5\x17\x94n\xf9\
\xd4\x95G_\x02\xc7\xdb\xae\xbc\xf6\xa6\xd2\xce\xcf\x1d\x09\
\xee\x11\x03\xb4}\xe8\xfe\x1b\x94K7\x0e*\xfbo\xda\
y\xe5\xb7\x8e*7]v\xe7!eh\xe2\x1d\xca\xda\
\xa1\xcc\xf3\xaa\xfd\x94=Z\xba\xe3\x8a\x97\x94E\xa5\x01\
3\x03\xdcS\xb8\xa2\x90\x85Y\x03RN\x14%\x1bj\
\xde\xdeE\x02N\x09\x99s\xbeh^\x0e\xf2\xb6'\x19\
=\xf1\x00\x1cr\x15\xa8\x0d/\xe0<9#|PT\
\xef\x8d\xe0^.\x0b\x99\x8a\xa0\xfdym\x1d\x1e\x8e\x14\
\x11\xdal*\x9f\xcfC$\xc0(g2\x03\x0e\x0c\x0c\
\x80\xfe\xe9\xe9\x13\x1c\x5cZZ*\x95V\xe0;\xeb6\
`$S\xa6\xb8\x09Q\xad\xadV\xbd\xd9lB\x1f\x99\
T\xdan\x8b\xc3\x04\xd3\xa8\xe6\xe2\xe2\xa2a\x1a\xe8f\
\xe0:08 \xf3\x0eI\xa3\x92G.b\x8c7\x06\
\xa2M\x92\x11\xf5a\xb6E\x00\xfa\xfa\xfa\xda\x0e\xa8\x8e\
\xc6XZEj?\x934yEQ\xdd\xed\xb4\x9e\xdc\
\xfb\x14\xc1\xd3T\x22\x8d\x02K$\x93m\xf8z\x8c\x99\
Z)$\xd2\xf5C+9\x1b\xcf\x89\x17\xb7\xe0m\xed\
Gn\xbf\xc7\xa9U\x0aZRe\x81\xa1\x0b\xb5Q#\
n\xe4o\xfe\xf23\x84'\xe3\xb6d\x833M\xc0s\
\xef\xf8\xa7\xaf\xb5\x9b\xf5\xbet\xe6\xee\xd9\xe3k\xcdX\
c\xdf\x93\xb7<r\xaf\x9dI,\x15\x97\xfb\xb2YD\
\x97\x04rMq3\xba\x92 dY\xad\x9c\x99O?\
y\xe3\xbf>y\xf3\xad~\xcc\x18K\x18i?\x9a\xce\
\x0d\xac,\xcc\x12\x00\xf2\x16\xca\xd9\xb1\xb1\xf2r55\
\x92\x98\x98H\xd4;\xddb\xb5\xb1\xb00oH*+\
1\xfc\x08\x99\x80\x18S\x01\x96\xb4e\x90\xeaW-\xb3\
^0J\xc0\xbd\xb8R\x82\x01&\xac\x04\x81\x7f\xdc\xbb\
\xcc]\xb8M1N\x88\xba\xdb\x89D\x80y-#,\
N\x7f\x06B\x9c\x80^\x80\xd6VbFo4O\x7f\
\xfd\xbf\x85\xb5\xb2\xebk\x9f\xdd\x9d\xbd\xe7\x93\x97\xdct\
\xfa\xd5\xbd\xf7G\xaf\xfe\xd5I!\x19SW\xdd\xbf\xf7\
\xf2\xfb\xbf\x0c{9\xddqr\xe9PF)-\x7fO\
\xd9\x7fy9\x91\x1d\x92+\xae\xbe({\xb5r\xc5\x1d\
\xa5\xbf\xcd\xee\xfdR\xaf\x84\xd3_\xc5\x93\xfc\x22\xcf\xee\
A\xb0\x07\x5c`'\x10|\xe1\x19\xa2A\xae\x0c9\x89\
\x84\xe0\x84+\xcbT\xcf#\xfc \xaf\xf2F\xfe\xc0\x9e\
y\xc8\x1b1\x07{\xaf\xbc\x91\xb05KH\x04\x93`\
\x0b6\xe2\xf5\xf7\x17\x0a}\x05\x8aeV \xf2G\x1e\
N\x22\x19G\x82\xfa\xfa\x0b\x03\x83\x83\xd9L\xb6\xd0\xd7\
G\xbe\x0e\xae\xd8b\xb1\x089\x99\x9e\x9e\x0e\xdd\x91b\
\x03P<\xd2\xe4\xe0Cq\xc8\xb8\xa64J\x15\x86]\
\xad\xd7J\xe5\x12\xcb\xa0\x18\x95Z\xbd\xca\x5c242\
L\xec\x86\xd0\x14\x16'\x0eDQZ\x98\xfc\xa9$f\
(yE(-*\x9d\x8c'\xc4\x01i\x19$\x94\xd6\
\xba^;\xaa\x10\x8b653\xa3\xc7\xd3q\xd6/\x91\
Bg\xd3\x09\x92o\x84/\x8c\x5c\x1a\x1c,\xbaR\xaa\
Ts\xf9\x02\x8a\x9fD$&\x16V\x0f\xfa.\xaaA\
e\x19\xae\xd3\x81_i\x0d\xc7E\x86\x08\x07b\xc9)\
0x\xd3\xb4\xd2)\x96:*q\xa3\x7f\xf5h#\xe2\
.4JMD\xd8R\x8d\x5c\xb2\x1d\xf1s#\xfdx\
\xf0q?\xaai\xabn\xc7\x96le:\xea\xd4SZ\
EqWM\xadf\x82\xca&\xec\xb6\xd3 \xbbt\x05\
W\x8c\xacR\xc1d\xb5q\xd5\xd1\xe6z\xb5\xc6\x94k\
Yv.\x9b\x01\xa2\xc41\xddVCe\x15\xb3\xef`\
\xbc\xe2\xfb4R\x09-n\x11\xe6E%\x80]@L\
\x8b\x18\x12\xe2\x188F\x19\x15\x5c\xa2\x8c\x04\x1dK\xcc\
\x86V0y\xd33\xc0\x9b>wXy[C}\x90\
n\x98:\x1dA\xbc\x17X\x7fz\xd3\xfd/\xd3\xd6\x97\
\xb4\xaf\xfb\x05m\xcd\x99\x9f\xbe\xea\xb2\xa9\xfd\xd7}\xe0\
E\x96\xbc\xfd\x8aO\x5c~\xf6\xa9\xf2V\xef\xfa\xfdk\
\xee\xb8\xeb\xa3\x1b\x1f\xb9\xea\xfd\xc2Un\xb8\xffP{\
\xf5y_\xdb\xad\xac\xbe\xf4\x9b\x9f\xdc\x95\xd9{\xcb\xe7\
\x14\xe5K\xb7\xec\xa9o\x7f\xdf\x9d\x9f\xd8\xce\xf7g\xef\
\xfe\xc4\xdb6e\x96\xe7\xf6\x9c*\xe0\x857=d\xbe\
\xc8\xb3{J\x1a\xd5\x06\xafE\xbf\x86\x16\xda\x0b\xe7\x0a\
\xef\x08\xb1.\x8a9tT\x0b\xc5\x96\xf7\x9cI\x17\xf4\
\xe4AfvA-\xbd!\x8c&\x84\xb0L\x02t\xa6\
0\xe90\xec\xc2\xb7\xf4\x17H\x11\xab\x0e\x92M\xa2\x85\
\xa1&R\xcc\xc9\xc9\xe1\xd1\x91|!\xcbU\xf8\xfe\xc4\
\xe3f[\x94\x8eY\x83F\xe1c\xadV\xa3\xe0\x8d\x1b\
7\x10\x9c\xc1d\x0fo\x154[\xc4z;H\x11j\
\x1e\xf8\xb6\xc9\xa8g\xb5\x0c\xe1\x95&\xde\x8e \x95I\
\x9eu\xce\xd9\xe0\xf9\xe4\xc9\x19\xa8$\xb5\x90e\x9b\x9e\
G8\x83\x0a\x81dj\x9b\xcb\xe5(\x0d)Dm\x01\
\xf9\xa6\xd7\x22\x95\xcfw\x9c\x02+\x9708I81\
\x92\xd5\xea2\x01~\x8b\xe4z\x85%!\xb8\xea\xf0\xa3\
8\xf5\xbaRr\xdb\xa8:'\xd2\xf1\x9dNv\xa8\xcf\
i\xd7\x9a\x15\xdfL\xe3\x95(t\xf1\xf3\xe0\x837\xb4\
z\xabf\xe5\xd2\xe4\xfd\x91O\x84/\x11\xbb.i\xc1\
\x88\xdcj\xa5\xbcm\xd7\xce\x03\xfb\x9eY\x98\x9d\x19H\
\x17\xc8\xbeO\xe7\xd2m\xa7m\xf5\xe92\x99\xc5\x02\xad\
\xebt\xa9z\xcb!\x11\x05\xf1\x86\xa1\xac\x1a[S]\
^\xf0:J)\xe2\x9a:KR\xe2\xcc\x1e\x9eI\xf8\
?\xb2\xdc\xa9+\xd5h\xd6J\xe2\xf2\xd7m\x1b\xdb\xc4\
\xe9\xb2\xde\xac\x83i\xed:MC/\x90'\x85\xed\xc7\
*u\x09%\xe0\xcd#\xf3\x8c\xfa1\x82\x12x\x86H\
\xabd\x182\x9at\x11\xfd\xc0\xd8\xe1\x87\xe5[<\x00\
\x0c'\x8a\x04c\xa3Q#j\xcd\xec&\xd1\x80\xd3\x1e\
\x97\x7f\xedOweLe7D\x02\xe4\xf1x\xf6\xba\
\xc8=;\xdf\xb7\x01Q\xb9\xfc\xe6\xe0\xf2\xf0P\xf9\xce\
\x8fd/\xfa\xc2\xfb\xae\xf9\xfd\xeds7^r\xe5\xf3\
\x8e?\xbe\xb9\xfc\xaa\x8f_\xb5\xe3\x81\xa3\xd7\xbe\x03\x13\
\x10v\xf1\xf9]fy\xff\x8dW\xee\xfa\xedk\x8f\x86\
\x97}\xe6\xf7>\xb9\xf3\xb6\xabn\x0e\xde\xa7\xd4\x8f\xde\
\xf2\xa9\xb7\x86\x17^\xfd\xfe\x8f\xef\xb8\xf9\xd3W\xed\x09\
\xae\xe2\x94\xf2\xc9\xbd7|\xfat\xd7ax\x19\x00C\
[\x9d\x1e]\xa7e\x82Q\xf2\x84$\x1b\xa3\xd7f\x14\
ah\xed\xc9K\xef2Z*N@T6\x9f\xa53\
8\x9f4\x1b9M\x80\x0e\x19\x00\xdf\x18\x85\xa2\xf0\x85\
\xb9\x08\xf6!\x0d!\xcc\x03\x8cr<\x156\x0e\xbbV\
\x9b>-\x95\x8b\xae\xebdr\xe9\xd1\xb1\x91d\x0a\xbb\
\xdcf\x11\x14\x86\x1d\xd9\xf7pb\xb4kq\x05e]\
!\xcd\x93{\x81\xc8\xed;\xb6\xa1\x93*\xd5\x0aE\x22\
\x00(\xc6f\x03\xea\xe1\x88\x13\x06\xbf\x9e\xeb\x93\x95\xc1\
\x90\x90\xf2\x03\x89\x9c\x9c\x9a<\xf3\x8c3p\xdd\xce\x94\
\xe7\x998<\xf2\x1d$\xb5\x99\x98\x9f\xd4\x19\x02#F\
A$Bp\x0eO\x8b\x95H\xa0\xbd\x10\x0f\x91i\x94\
Y,VE\xe4\x02\x8d\xc0\x0c\x07a X\xc3h6\
\x89<5\xd9D\xc1\x1c\xcae\xa8A*\x9b\xa9zl\
\x1b\xe0\x0f\x8d\x0e_\xf0\xda\x9d\xcc\x19\x18\x8b~\xa7\x95\
\xb4\xad\xb8e\x96K+dO\xc6\x93\xb6fD\x1b\x8d\
\x8a\xdbi*>\xf8\x96@\xeb\xfc\xfe\xc3\xc1ru\xd8\
\xca,\x04\xfa|\xa9y\xcek\xb6\x0c\x0e\xf5[\x96Q\
\xa9V\xd3Ysee!\x99N\xaf,\xaf\xa4\xac\x84\
S\xa9\xcd/.\xe4\x87\x07#\x09R\xb5\x0d\xaf5\xbe\
R_H\xb8\xce\x93\xfb\xf7[#\xa9D.\xed\xb6[\
\xf5\xe9i\x91\xc5\x06\x8b\xbd;F\x9a\x85[>\x09\xd6\
b\xb7b}8mS\xc3ha\xa8h\x18\xb99\xe2\
\xa8f\xd1\x0dc\xaf\x9b&\xe4\x1a\x8d\x8d\xc3\x04\xaf\xa5\
\xf8\x1cCk\x09O+\x7f1VHy\x85\xa4Ij\
8\xeb'\x10J_\xf6\x87\xf0\x1cq\xf8\x9e\xf6\xb8\xf6\
\xa2\xbekO\xfb\xf8\xfc\xdb\xc8\x07^~\xec\xba\xb7\x0e\
\x9df[\xca\xf7\xd7\xbeu\xe8\xd4\xb5!\xbbx\xc9E\
\x87\xae~\xeb\xea\x17\x15|\xef\xcb\xa3\x7f\x7f\xd9\xa6\xbf\
\xbf\xec%'\xbe\xe4#\x90\x93\xd0\xdc\xa9\xa3|\x06\x8a\
\xe1\x8b\xbc2\xec\xa1\xf2\x15},\xa1\xef\x90\xb6\x80i\
N\xe9qnDYf6\x8c\x0b\x91\x10\x8a\x91\x17\x01\
4\xca=L\xe9\xe3L9\x82=)O)\x8e#\x5c\
\x94\xcdf\x83l\x00o\x16\x9e\x97J\xc0@\xaa\xb5J\
&\x9f\x84\x87H\x8eR\xe8\xfa\x80\xe90N8FJ\
\xc5\x12\xd8\xc5>\x84\x82g\xd2iq\xed)\x01\xb8d\
\xd0\xf0I\xf3U\x8b-\x0a(9\x88\x883$\x16\x83\
u\xb0s\xc1\xa6\xad\xeb7n\xde\x88F\xeb\xe0U\xc1\
\xbed\x16@\x5cPG>\xfb\x1cD\xd3\xd942\xc3\
@S[\x94|\x86t\xcdl\x8a\xea\xb1\xd6\x94#\xa9\
l\xce#\xec\x8a\xddi\xb0\xa8Ne\xf5\x92e\xdb,\
8`\x22\xc1\xa9\xc8-\xd0\x08\xb1\x88~\xfb\xbf=P\
](\xeaP^U\x9f?x\xe4\xfag\x9e\xe988\
\x8cI\xe1\x03<\xb2A\x01R\x0e\xcf\x86\x83\x10\xf7\xc0\
\x90n\xd6\xca9\xa4\xd7\xd2\x9dF#\x1d\xf1\xdb\xcd\xda\
\xad\xb3\x07)4\x1etn\xff\xfe\xb7d\xddd\xd0\xcd\
d\xd2\xcdNy|r\xb4\xd9h[\xaaU\x9c[f\
Y\xb6\x9e\xb0\x0e>\x17M\x0c\xe7m;it\xb5C\
\x8bG\xadJ9\x93\xcd\xf9\x0d\x87\xcdC\xf6\xdf\xff`\
GU\x06\x08\xd3\x1bT\xb9mC\x93\x0c\xddg^d\
\xcb\x0e\xd6\x18\x0b\xd3aY\xa0F$\xc2i\x10\xb1\xa9\
3\xb0\xb0B\x19\x0f\xf23\x0d!\x1f\x0c\x1e\x1d\x81'\
\x1f?$K\x16\x18\x00\x08\x09k\x1aX\x04.v\x7f\
\x18U\xc3\x9aDc\xb1\x02\xd7\x97\x9c\xedW\xfc\x83\x85\
\xb9\xfei\xbb20;K\x8a\x1dF\xa5\x04\xed\xe4\x0d\
\x0f\xd1\xe2\xa2\xcb{\xc8F[\xcbG\xd4\xb3\xfc\x13\xb5\
\x0d3\x91\x8f\xa1\x9e\x96\xd4:\x11\x004\xaaH\x86<\
8\x8b\x07o\xc2l\xbc\x98\xcc\xb9\xe94\x10\x01\xb2b\
\x91\x92[g\xb1\xcaI\x94'\x93%\x94\x00rB)\
\xd0\x15\x14!\x19\x98\xf0\x84\x16\xd74\xdb\x83\x83\x83x\
`\xc5\x9a!H\x14\x01\xc4n\x13\xc8J\xde%\xa9l\
\xcc\x992\x00\x02[_A\xbf\xf6\x0f\xe4\xb6\x9f\xbd\x03\
\xf5O~>B\x81\xfc`\x1ar\xad\xf8@\xc4\x14\xc0\
\xe8d\xed\xb4Y\xad\xd6\x06\x06\xfa\x89ef\x0b\xf9\x93\
\xa5e\xf2\xafQM\xdc\x80\xd2$[\x065\xaf\x89\x1d\
\x88c@\xb7\x0cr\x9bk\xadz\xcc\xf3X;\x98\xb4\
\x8cd:\xb12W\x22\x03\x15\x17u\xdbiZ\xe85\
BN\xb4V\x12O\xf1kwQo(u\xc0\x8d\xf6\
c\xb1%+\x14\xfbs\x05\xa7^\xed6[\xf98\xde\
\xbf\xa6n\x91\xf7\xd2du\x9b\xef;\xc4.Y\xc9\x9b\
M%\xa0=\x99\x0csN\x19\xf5Ln|r \x01\
6\x8b\x95\x15\xcd2k\x8d`\xb0\xaf\x903\x07\xab\x04\
L\xe9z_\xe94[H\xdch*\xbd\x5c]\xe9V\
J\xbenuX*\x06=I&\xd9\xc7\x81\xc0\xb8\x1e\
g\xef\x08M!\x13\x80~\xf1\x10\xadz\xad\x5c\xa1\x03\
\x12\x09ReC\xeb\x80\xb5\x14\xacl\x93%\xad\x0c\xab\
8\xa9\x10~\xba\x91)\x97^\x92|5\xf2\xdd\xc3\xf1\
F\xea\x18%\xf6\xe4\xc1\xad\x04\xe2\x1b\xad\x7f\xd7\xf7'\
\xe3\xfd_\xfaH\xd8q\xb0\x8b\x0eB\x04\x9f\x071\xc8\
\x06\x82\xb4\x8a\xb6\xd0\x17\xe2\x98\xef![6I\x81$\
K}\x818\x9d\xc2\xc8\x85\x0d\xa6\x97\xd0\xad|\x94\x0c\
\x13\x16\x85\x8a\xec\xcb\xbc\x17\xce}\x82gyp\x84W\
16\xd5\x18\xda\x1au[.\x97\xb9\x05se\x5c\xec\
\x18\xd2\xb0\xba\xc0\x1dV-\x92\x11\xe6I\x93\xff\x845\
\xd6jK*\x02\x96\xe5\xc0\xc0P\xafJP\xed\x1a>\
\xec8\xbej\xbc\xae~\xa3!\x04C\xcafn\x90\x85\
=\xd2\x12F\x06\xa9l4\x1bXVl\xd8\xd2l\xb7\
\x84^\xf3]\xb8\xa8\x9b4|j*\x02\x1dS'W\
\xaf\xc6 b\xd2g\x91\x5c$\xcev\x07\x1e{m\xe0\
<\xc1\xd7\xd2\x89\xf8\xb6it\x08Uv\xdaC\x99\x84\
x~\x806+\x14\x15ehx\x14\xde\xe3\xb6\x9cJ\
\x83eS\xce;/}\xa7e\xea\xff\xf4\x8d\xaf\xbd\xe3\
\xdd\xefd\xca\xf9\xeew\xfe\xf5\xb7\xde\xf3^\x1a\xfd/\
\xdf\xfc\xe77\xee\xbap\xfd\xfa\xb5\x07\x0f\xec\x7fb\xcf\
\xc3\xef\xfd\xed\x0f\xfe\xf3W\xbf\xf2\x87\x7f\xf6\xb1\x13O\
?y\xeb\xcd?\xfa\x83?\xfbc\xf2R\xbf\xf2\xe5k\
\xde\xf6+\xbf\x96I%\xbf}\xc3\xf5\xe7\xbc\xea\xd5\xf7\
\xdds\xf7\x7f\xbb\xfc\x8a\xef}\xfdZV6l\xd8\xb1\
\xe3\x99\x133\xeb\xce\xdep\xfc\xf0\xf1U\xc1\xf8Y\xdb\
\xcf0s\xa9\xbd\xf7>\x9c\x1c\x1fx\xfdE;\x8e\xfd\
\xf4\x8e\x89\xe1a\x85\xac&r\xac\xd5Hu_\x11\xf7\
\xa9\xc7rL*,\xe9\x8b\x00\x9a!\xd0\xect<`\
UM2\x83\xf1\x17\xf1\xd9D\x89\xdc\xad\x00k\x01#\
\x07W\x88\xa8&\xc9Y\x0dU\x15\x12\x88:\x0bG)\
\xc44\xfekVi\x90F!\xe6%\x91KY\x10\xc9\
9h15\xf2\xda\x1d\xe7\xdcz\xdf\xdd\xdc\xe1\x95\xf9\
\xb8\xf0\xdcW\x03l \xf7\x22\xb2\x05\xac\xa8g\xf2\xfa\
q\xf1\x00a\x00\xc2H\xf2\x82\x12\x13-,\x0d\xa1\xb5\
 \x03\xfc\x84\xe4B\x0e\x00,9\x01\x93G\xdc\xde@\
\x91#R\x92`:\x14\x99\xde\x11\xb9\x13\xec-\x94\x0c\
\x8e\xa0\x1b\xf0.\xb1\x84\xb4\x5c)e2)rB\xb8\
\x02\xce\x0d\x04q2a8E\x03\x0d\xaa\x03t\xc8\x1b\
\xee\xb1\x9d\xa5\xa5e\xce\x07\xe8\xa0:\xb4 Q\xaf\xf8\
\xca\xb9U\xcf\x1d\xa9@3h\x10v\xfc\xcc\xec\x8c\xff\
H\xe7\xa27\xbc\x1ew\x0aD\xbdQ\x17\x0f\x0a\x95&\
\xdd%\x9b\xcd \xb3\xc8\x07v'w\x22,\xe3t\x1a\
n\xc9M%G\xa8>)\xf6\xf0O|\x1fXJ\xec\
\x8f\x118m\x84\x07K\x10:\x83\xe3\xccN\xc5\xe3\xaa\
\xc6L\x11W\xf5\x8e\xe37\xaa\xedf\xd7\xa9E=\x96\
\x82\xef|\xd3\x85w<|/L:5\xd2\xf7\xf8\xa1\
g\x99J\xa6\xb6mI\x8d\x0d\xde\xf6\xe0\xbd;\xcf;\
\xe7\xa7\xf7\xdd\xf6\xd3\x07~\xaee\xe3\xf7?t\xcfc\
\x0f\xdc\xbbm\xc7\x19\xcb\x0b\xf5\xef\xdc\xf8\xedUc\x1b\
K\xcb\xd8\x9f\xa8\xc2t$\xb0\xdf\xf9\x8e\xf7(V_\
\xacm\xc6\xfd\xf4\xe1\xfds\x87\x17\x96Wm\xce)v\
\xf3\xc0SOM\x8c8\xd5g\x9ej5\xbb\xdaH\xa1\
\xd4m7-\xf5\xae\xbd\x0f\xaf\xdd\xb0q~a)\x93\
\xcb\xf4\x8d\x0d\x93\x9e\xca\x8eb\xa2&X\x5c#rL\
L\xdd\xd0\xed\x84n%q\xb8\xbb\xe5%=\xa2\x1a\xc9\
D.\x97ea;\x1c\x03\x01`V\xb2\x0c\x9b8\x85\
\xb8\xa8\xe1BX\xf3\xa11\x83\x1a`\xdf\x06\xd6\x91\x8b\
.\xc2\xb4\xd4H\x01h\xd0c\xcc\xb4\x0c\x84i\x9b\xbb\
/\xdc\xf5JF\xf6\xaeW\xed\x04`\xa2rOI\x1e\
1\x0fY\xef\x0a+#\xf7\x8e\x14e\xb6\xef\xb1b1\
\x83\xad\x0b$\xf5\x80\xa8\x9c\x1c\xc7\x16$\x1ae\xe05\
\xa0\xdd=+\x1b\xbb\x84E(lF\x11Np@O\
\x16\xed\xc9,\x06!\xc5\x03*\xdf\xa1\x07T6g\xd1\
]am\xf4,q\x11\x9b5i\xa8\x0b8\xe9\xd4\xfa\
)|W\xd4F2L\xdd\x88\xe7\x10\xdc\x88Uk\x0d\
&\xf5Pe\xb0!\x0bZ\x83)R\xa9\xd5Z\x95*\
\xf3\x7f\x83q\x09#\xf7,\x08\xc0_\xc1.\x05x\x94\
\xd9\x96\x0cW\xabKP\xa1\xbf?\xb7e\xf3\xe6Z\xb5\
Y.\xb1\xe2\xb3\xc5R\x81(~dfS#\x88g\
\xec\x15\x9c\xe2\x8ab\xc7\xb9\xb0M\xf0QQ\x8a\xbf\xf2\
\x96WM\xe4S]\xbf\x1c\x8d\xbbV\x8e\xc2\xec\x88\xab\
\xc6c\xa9J\xd5a\xcdB5\xaa!^\x81A\x02~\
\x9c\xc8\x0b\xc1\x19\xcfR\xc5\xd2\x8c%\xf0U\xea\x8az\
\xcb\x0f\x7f|\xf8\xd9C\xe7\x9f\xf3\xea\xd7\xec8\xb7[\
w\x92\x81\x91\xf0\xb4n\xa5\xc3>L,\x0b\x98\x9d]\
\x84\xe2o\xdb\xbe\x83D\x95\xc95\xab\x7f\xed\xd7~u\
iy1;\xda\xff\xea];\x9b\x9d\xea\xaa\xd1\xec\xca\
\xc2A\xc5[NX\xee\xdd\xf7\xdd\xa2\xa4\x02?\xa9/\
;\x0eYv\xbf\xf9+o\x9f\xcc\x0f\xac\x1d\x1eM&\
\xec\xdcp_4c\xb5\xe2\xc1\xb4\xb3T[X\x18Y\
?\xa9\xa5l\x9c\xd4,#\xcb\xc5\x12z\xc3RS\xe3\
A:\xdd\xa4_b$x\xf30\xd9-G\x92\x9et\
\xcdm\x16c\xc9\xa8k\xf81+j$\xcdn\xc2\xac\
\x99\xea<\xeb Y,O\xaavK'\x13\x97=\x09\
\xdc\xb8Q&P\xda\xf5\x0d\xb7\x1b\x17-\xa12]\x12\
\xec\x15\x0fK\xe8p\xc2\xc2p\xd5(\x9c\xfe-\x17\xed\
\xfa\xc8\xef\xbf\x9f%i\xa7\x90\xf3\x0ay\xc3d\xf4\xc7\
\x97\xfd\xee\xaf^\xf8\x06\xe1\xd5\xa8\xa7\x1do\xfe\xb3^\
\xcd\xf4\xa5B\xa8t%E\x09\xa3\x1e\xcc\x87Y\x18B\
\xb9\xe0b=\xca\x8cx\x93%\xc7\x09\x5c\x22\x13Y\xa8\
3\x01%\x17\xa2*DM\x8b\x89)\x0a\x1b\x15/\xa9\
\xaa\x12\xc9\x12\x0f`\xcf\xc5\xc8\x1b\x10\xca\x97\xe8\x03\xf6\
\x1fD\xd5\x93\xc7q\xf1\xc5\x17AJ\x1b\x0d\x02.\xc4\
Y\xa2\x8elU\xc8\x12\x14\x17\xc5\x5c*\x96\xf3\xf9>\
\xe6\x89\xf9\xb9\x05\x14/\x09\xa8\xb0nl2\x92\x1e\xa0\
\x83\xa8Fj\xc2T\x80j\xc7\xeb\x82f\x85\x1cB\xdc\
s\xf9\xec\xea\xc9\x89z\xbd1;\xb7\xb0\xbcT\xc4\xdd\
G]\x0c\x13N\x8f\x1d\x11ab@\xd4V\x8d\x8eB\
\x8bH\xf6\x1c\x1c\xcc}\xf8\xa3o\x99^P\xbe\xf9/\
\xffv\xec\xf8\xd1Bnph`\xbcQ\x97]!\xa1\
\xa6\x1d\xaf>\x96\xef/.\xcf\x0f\x0ddM\x8d}E\
\xbcF\xb9\x08is\xc2\xdd^<\x07<\xa0\xd6\xa2\xf5\
z\x99\x09\xc3\x90\x89\x0d\x87\x1eI.>\x8e\x1b\x1b\x81\
\xf4\x5c\xfc\x10\x90b\xcc\xc7\x84\x1e\xb3Y\x07\xd6l@\
\x97\x97\xddR&\x1d\xef\xb2\xedG\xb5\xa4)~2n\
\xb2g#n\xbcb\xa9<\xd4\x1fg\xca\xc4\x07\x87\xf0\
\xb0\x5c\x0cE\x83=\x1eU<\xb6\x15\xc1\xa0(\xf4\xad\
N\xb3\x14,a\xb2SL\xbd\xd9P\xedx\xff\xf8d\
\xd3\x0dX[Pm\xb5\x93\xa9\xcc\xd8\xe4\x94\x91H1\
Kab\xc3\xf1\xd8\x82\x03W\x16\xce\xfav\xb1\xa8\x12\
\x8c\xad\xd4\xbb\x86\xda\xd4c\x83\x93S\xc1b\xadzt\
.Ro\xe3\x88\x0f\x0a\xc9 \xcb\xba\x22\xd5\xeaD\xaa\
3\x8b\xa2o \xfa\xa9\xb8\x9a\xe9c5h\xadXm\
\xd7\x00=\xc4;Z\x18,\xb0\x12\x82\x04\xcc\x7f\xf8\xa7\
\x1b\xfe\xf5\x96\x1f=}\xf0YL\xf6\xffrd\xc3\xad\
\xb7\xaf\xdf\xf8\xae\x8bw\xff\xee;\xde\x05\x83\x90I\x88\
\x85F\xa7\xaa%>\x0d\xf1\xe8\x81;\x09\xa6\xf3\x9e\xd1\
\x95O 5t#\xc8\xf9 \x1b\xda\x8aE\x22\x7fi\
l\xe8*\x01\xa1\xcc\x82\x02f9\x81\xd3\xc3\xd3@\xa9\
\x18l\xbdI\x81\xbe\x12\xe1\x08\x9f8\xa1\x98\xfa\xb1\xd7\
\xd7\xad[\x03\xdb\x863t\xeb>d\x035@\x8a\x19\
9\xa8\xa0\xb6^\xab\xe1\xf7\x80o\x90\x1dj\x92\xdf\x13\
\xa6\xa1\xf2\x8a\xfd.\x89!\xc4E\xc4\xa1M~33\
\x85\x88\xc7\xc8\xc8\xf0\xd1\xa3G\xb9\xff\xd9\xe7\x9c\x8d\x89\
\xf0\xdc\xc1C\xb5Z]\xbcXL3b;F\xb3\xb9\
\xdc\xc8\xc8\xe0\xe1CGZ\xed\x06\x9e\xe0x21\xbf\
x\x92\xe4\xa8\xa5\xe5\xd2\xdf\x7f\xe5\x9e\xa8\x99\xa4&\x89\
\xb8\xe9\xbb(\xbef>\x97h6j\x86\xe6\x11\xc3\xbc\
\xe0u\x1b\xee\xba\xe3\xd8\x1f~\xe8|SS\xdaMe\
y\xbeV^.\x16\x97V~r\xcb\xbf\xe5S9\xad\
\x1b#\xef3M\x9a\x86I\xec2Z.\x97Xn\xc6\
\xdc=0RX\x9a>\x92\xeb\xcf6\x1b\x0d\xba:9\
\xd2\xdfn\xd4Q\x85\x03\xabF+\x8d\xfah\xb6\xcfb\
\xa1R\x94<\x006*m\xe3>I\xd9i\xfc\xf1}\
\xf9\x011~d#\xa8$\xf9+\x90]\x1a\xc9\xec\x08\
\xccP\x124\xdd\x99+\xdaF\x22\xd6\xea\xae\x1e\x9ax\
\xe8\xc9\xc7\xfb\xfb\xd2\xa4\xe0j\xe9\xc4\xda\xd1U-\x8b\
m\x22\x07\xc8\xef\xf3\xd0\x0d\xe5\x12\x8e\x123n\xb6\xda\
M\xc8\x9e\xef\x94)-\xd2a\xb7H\xc2\xec\x8c\x95;\
s\xf49\xa7\xd4\xb4\x83h\x22\xa1y\x8d\x8em\xb2\x07\
CWC\xe5\xb3y\x14++\xe0\xd6(=\x8b\xcd}\
d\x81\x12\x16\x86\x0c+Np\x8d\x95\x96\x88J\xac\xd3\
n\xbe\xedu\x17_t\xd6k\x17V\x96\x07\xf3\x03\x14\
\x8b\x83\x8b\xd9\x1a\x0f!\x93a\xadZk\xa3\x13dS\
\x17S\xe6\xcc\x8e\x1fN\xf1\xe2\x8bb\xaag\xc5\x06$\
\x07W\x0b\xc12&\x03|\x00\x0c&{\xc8\xc1x\xe3\
i\x1bG0\xd6\x17\xd0\xc4\xde\xa3\xed\x7f\xf9\x97\x7fy\
\xe9e\x97\xaeY3e\xb3!\x1b\x137\x0b\xfb\xc1\x1e\
v\x98,\x8ar\xc3|{\x93\x9d\xeb\xe6\x16f\x07\xfa\
\xfa \x1dB\xa4C\x18\x0a\xfb\xa5\xd2\xbd\x07\x13\x99\x00\
\x05U\xcb\x8bd|\xc8\xb7\xa0D\xcc'P\xdc\x83\xac\
(c\xb12\x011\x03\xc6\xa9ht\xb0/y\xdb\x92\
\x01+\xe8\xa6\x90\x10\xe5bn\x8b\xbb\x8fSCX3\
`t*C$\x8a\x1fP\xc6\xa2\xe4\xa6\x1aF\x9e\x06\
,\xb0\x5cdv\x9em\x0eY\xdd\x01|Ym\x8d\x87\
5\x8c\x9ch\xe0\x9b\xed\x90(\x8aa\xa6$\xba\xa6\x8b\
\xb7\x9a@\x88\xd7aE\x01\x1b\x0b\xa1\x9b\xf3\xb9\x02G\
0\x8d\xf0\xad\x13\x83\xc4\xe7-\xacG%AH\xd6\x95\
\xc1}\x985J\xa5b\xa5R\xc4\x8bG\xc7\xd1\xa2\x03\
\x07\x9f\x83v#\x92i\x92\x92\x06\x86\x9bdA\x19z\
\x22a\x112\xc2\xb5\xad\x91m\x94 >\xbf\xf4\xae\xdf\
\xf8\xb5M\x9b\xadR\xa5\x7fzn6O\xba\x9c\xa6\x0f\
\xadJ\x16\xfa\x93_\xff\xea=\x1f\xfc\xf0\x1f\xfd\xcb?\
|}\xd5\xea\xe1u[W\xb1\xc9^2ez`\xaa\
\xd3\xc6\xf3@w\x11/\x0c\x823\xf1\x9f#\xae\x98\xb3\
\xe9t\x8a\xfe\x84'4\xebu\x22@\xa9H\x8d\xf4p\
L6\x13\xf7K\xa3\x0e\x81#j\x09q\xc3\x08\x97\x08\
\xa9j`\xb1\x13\xc4\xc4\xdb\x8c\x90\xc7m\xb3\xd3n0\
\xa8xK\xdc\xa0M\x98\x91\xf1A\x87\x0f&\x92\xf3\xcb\
\xc5M\xab7T\xc8G'\xdbcl\x13hb\xe22\
\xc8\x06S\xaa#\xab'\xc9\xae\xa9\x17\x17H\x9b\x83\xa5\
a\x05\xb9\x8a'\x13\x00\x9a\xc6\xe9\xcc\x9d\x98\xebO\xe6\
\x01.b\xa6[\x16\xdej\xb7\xdd\xa6\x82\x9d:\x169\
\xf9^a\x0e\x09Y\x03,\x8c\x0e\xc8\x17\xa43i\x10\
\xd5a\xa7\x1e\x82G\xbeD\x11\x9a\x0e\x1cq\xa4o0\
d\x8c\x06\x13\x8ed\x98\xa9\x11\x02f\xe5J=\xc28\
G\xd5v\x0b\xa9\xc0!\xc1\x22\x12Q\x90h4\xe1\xf7\
\xccC\x0c\xa2\x12\x95\xbd3\xc5QAo\x092H{\
\xa8\xd7\xabl\xaf\x22\x06?\x8c\xdf\xf7\x16\x97\x96\x0a\x85\
\x1c\x8eQ\xc9\xe2\x97\xa6\x81\x09O\xf6\x04\x92^eU\
\x10\xfe\xcc^\x0ev0\x5c\xe8\x13C8\xf4\xd6\x8b\x07\
\x03h\x9e\x8el\xa9\x8b,\xad\xa5\x1a\xd0R\x12\x1cD\
\xf5b+\xca\x11(\x84\xa8p\x16\x83\xc9\xc1\xf0\xbf0\
\x0f\xf0F\x81\xbd\xec(\x95\x84)\x04\x02\xd4\xd0\x0a\xc1\
8\x0fA|(\x13\xf2\x81\x00\xa0L\x09\x04q\xc2=\
3_\xb5\xf3l\xd34 \x1eKK+\x87\x8f\x1cc\
\xd3#\xbc|D^\xa4\xb1b\xd4 \x1e\xa4:\x91=\
O\xba\x05k\xc6h\x9c\x88\x13dH\xf8\xbd\x1a\x81\xff\
\xf5\x93\x0e2\xd8\x8f\x86X\x5c\x5c\xae\xd4\xcapJ\x02\
\x1cX\xfd\xf8C\xa8\xc4\xc4\xea\xc9\xc3G\x8et<B\
?\xb2\x12}hh\x90l\x0a\x22\x95\x12F\xc3@L\
\x10\x15\xc2!\xd8!\x8eO/#{\xc8\x83\x12\xb4\xaf\
\xb8\xe2-\x04\xe6o\xf9\xd1\xc3~\xe0\xbef\xe7\xb9g\
\x9ea\x91(q\xf1\xee\xd7\xdd\xfe\xd3;G\xc6^O\
?\xb0Ld\xcf\xd3O\xbc\xed\x9d\xbf20\x10\xdf|\
\xee\xa6\xf1\xa1\xa1-[7jq\x14\x82T\x19\x8d\xf2\
\xd8#\x0fm;s\xdbc{\x1e\x1d\x19\x19'\xc3\x7f\
b\xcd\x9a\x87\xee\x7f \x96Ja~\x0c\x8f\x8cX\xa6\
y\xec\xd8\xf1v\xa7\xda\xdfW8z\xe8\xf0\xd8\xc8\x88\
W\xab\x0fMNr\xe1\xfe\x03\xfb7n\xdd\xf2\xec\xbe\
gr\xd9,\xf1J\xcc\xdbj\xbd\xb9v\xedZ\xb2\xd0\
W\x8e\x1f]=>>\xb74\x1f\xb1\xd5\xc2\xe8(\xce\
i\xa6\xcbtT\xf7\x1fxdp\xf3\xab\x06\xa3\xc6#\
\xf7\xdc\xb7ed#\x83\xc4\x90/\xcd\xcf\x0c\x11\xcae\
\x15[\x94p\x81\xd5m\xb0MT\x10\xb1P\x93X\xde\
.\xd7\x92\x0f3Lh\x1e\xd3\xb0\x5c\xa2Kcz\x02\
\xac\xf8-\xdc,A\xbb\xc9\xfe\x0e\xb2\xf1\x1f\xec\x8d\xd1\
e7\x0c|*\xe1\xf8\xcb\xf6\xc7\xf8\xbc\xd9I\x13\x97\
\x1f\xeeX\x10\x19*q\x9a\xc5\x06\x83\xa4gq\x1dZ\
\xb5\xbbR\xae\xe0{\xb4I7\xf0p\x09`\xa7\xc2I\
e\xc6\x97\xce!\xae-\xd3<\xc8\x15\xd3\x1f\x0f\x93\x0c\
+\xe6\x96`\x99\xf2\x11\x9eh<.\xc9\xb48\x18\x18\
\xea}\xfb\xf6m\xd9\xb4y\xe3\xfa\x0d\xec\x85\x22nt\
\xce\x14\xef\x82C\xd8\x8fd:V\x88\x00_\xc9\x9b\x16\
$\x8b{\x1e\x80\xca~i\x84\x06Pg\xdc\xf6\xd4\x1e\
QY\xa3\x8f\xc9\x0b\xf2\x0dD$$!\xb3\x07\x90@\
M\x8a7P\x00-\x0eha\xd8\xbc\xf6\xdeSi`\
J\xd5\xe4;)\x9e\x03\xf2\x90\xdb\x84\xe4\x06#\x92\xee\
\xe6\x04\xe8\xafi\x83\xe3:\x01H\xb2\x1a\xd6\xac\x99\xcc\
\xe6\xb2\xec\xffR\xab5\xaa\xa8\xd9:kJ\xb8\x9a\xb9\
\xcfKg2\xdc\x19|K\xe4\x05?SX \xba\x90\
\xb2\x11ST5\x8eWHx\xa1/\xb7y\xf3zB\
\x158\x07\xf1v\xaf^=I\x15V\xca+\x9c\x86\x96\
\x1f\x1a\x1e\x86\x86\xa0t\xe9Dz\x0c]\xc2}Q\x8d\
\x08\x1e\xf5$\x18\x84\xeb\x879\x8a\xaf6l\xda\x08o\
!@\xb1\xbc\xbcHSfg\x1b\xc5\x95\xf6\xf2\xf2\x0a\
]\xbci\xd3\xc6F3\xba\x7f\xdf\xcc\xf2R\xbbR\xe9\
LO\xcf\xaf[7\xc2L\xfb\xe8\xe3\x0f\xed8{\x8b\
a\xc7&V\x8f\xdfq\xd7\x9dg\xbdf\xab\x8c\x19\x02\
\x1e\xf3\xff\xf6\x8b\x9f\x7f\xfb\xbb~\xfd\x99\x83\xfbv\xbc\
\xea\x9c\xff\xfd\x9d\xefV\x9b\xf5\xa7\x9e~\xaaX)3\
\xf6\x0c\xe3\x89\x99\x99\xa1\xd1\x91\xbdO?\xb9\xf1\xcc\x1d\
\x89\x5c_\xad\xdd\x9d[\xa9\x8e\xaf\xdbH\x9e\xe8\xe1\xe9\
9\xe2\xf8\xb9\xc1\x91\xba\xd3.V\xabG\xa6\xa7\xb7\xec\
\xd8\xb1\xb0\xb2R\xaa\xd5\xee\xf8\xd9]\x17^|\xf1\xdd\
\xf7\xdf\xff\x9d\x1f\xfexzf\xe5\xd5\xafz-\xbb*\
t=\xb5\xb6\x02\xcfa\x99K\x1f\x9a\xd5\xa9;\xb33\
\x87\x87\x0b\x19-\xe8<\xf1\xe0\xcfkK'\x8b\xd3\x87\
\xca3G\x9c\xd2\x92\xe2\xb5Z]'\xd3_\xc0\xed\xe5\
\xb6\x9b\x09<1hAT+\x86x\x93eo,\x93\
3\xd8\x91A|[\xdd(\xca\x85\xf8\x94\xc6\x8au\x96\
\x9c\xb1$\xbe\xca\x5c\x22;\x87\x81\x03\x89\xa8%\x92\x80\
\xba\xcev\x92d\x9fxJ\x22\xc1\x8awq\xa10+\
\x82\x19\x22\x12\xb8\x92\xaa\x95*n\x03\xec\xd8\xe7\xe7u\
\xb4\x1b~d`\x22\xdbZ\xb0\xd8\x81lv\x99\xd2\xe9\
~\x8a\x15\x17\xad\x04\xe7|<R,n \xbc\x95J\
\xa6\xd97\x9e\xc8\x1a1\xa3\xe9\x13\xd3c\xa3\xabr\xe9\
,\x96E\xb3Z\x0f\xb3\xf8ap\x116\x5cE\x05#\
\x14<Q\x81\x0c(e\x92\xce\x09\xa6I\x7f\x83\xf2Q\
\xa8@\xf1\x14\xb2#m\xa6\xd4\x94(U\xa5\x8b\x02\x0b\
A \x08\xa6\x00j/\x8a\x1a\xe1\x10\xfeAI\x02b\
)Q\xc0\xcf\xbd\x84\x81\x84\x0fY\xd6/F\x1d\x0f\xf0\
\x845\x1dP\x14\x13\xb2142822T\xa9\x94\
7o\xd9\xbc\x16g\x88m\xcd\xcc\xcd\xce/,\x82l\
4t\xa8\xa4#\x9c91912:\xdc\xdf\xdf\xbf\
R,\xc3\xf0P\xaeH97\x22L\x83\xaa\x06\xd6,\
y\xd1\x8c\xd8\x19gn\x1d[5\x0c\xc4\xd9\x98t\x88\
\x15b\xbe77\xbf\x80G\x1c\xa3\x8a\x00{\x92M\x08\
\x94h\xb1\x5cF\xf4Y\x1d\xccf\x0bl\x02S\xad\x96\
i\x0c\x9e>\xf8}&\x97b\x98\xd8\xf1\xf3\x8cm[\
1!\x18\xadF\x8d<\x90\x0aN\x9dt2\x85O\x07\
w\x22tnai\xe9\xe9g\x9e=v\xd4y\xf2\x89\
\x99\x93\xd3\x15\xf6\xaf\xdb\xbau\xfc\xd6\x9f\xdc\xfd\xe6\xb7\
\xecJ\xa7\xf5j\x9d]\x0a\xd8J)}\xe4\xc8\xb1\x91\
U\x83\x087#\x85D}\xfb\xdb7\x8e\x8c\x8c~\xff\
G?\x8aZ\xf6\xc0\xd0\xf0\xae7\xbea\xef\xde\xc7\xc9\
\xa1]\xbbnm\xb9R\xfc\xf1-7y]wzz\
fbb\x92\xcdvW\x8a\xa5G\x1e\xdb\xb3j|\x9c\
\xe4\xad\x9f\xfd\xec\xae\xb1\xb1\x91=\x8f>Q-7\x89\
,M\xadYO\xad\x98\xe7\xd0\xfd7~\xe7\x07\xeb\xd6\
o\x01yG\xf7\x1dx\xe3\x85\x17A\x15\xd1\xe8{\xf6\
>\xbeq\xeb\xe6\xa8\xa1\x92\xe1\xd876P;\xb6\xbf\
0T8\xbe\xf7\xc1\xbc\x15U\xdae\xf6\xfb\xc9&\x8c\
\x84IB\x00\x13\x15A+R\x11\xeal0\xe3\xd4j\
\xfc\x00\x02\x1b\xfdTW\x8a\x90+\x92L\xc8\xa7qY\
\x99\xc3\xe6A$I\xb0\x99D\xa1\x1f\x1b\x14Xs\xeb\
&\xf6%\x9e\x1dLW\xb8 I\x07p;\x99\x99I\
\x85\xe7\x80\x0e\xd0Y\xd9N:\x01X\xc0\x82\x07d,\
e\x12\x9b\x8csd\x1e\x0fA\x07\x80\x80\xb9\xc1F\x84\
l\xce#\xda\x8d\xe2@\x98\x00\x9a\x19\x0d\xa5\xce\xcc\xd2\
\xe5\x97\x18\x92\xa0\xd3P\x8dF\xad\xc1\xacKE\xe0;\
\xff\xf4\x8d\x7f\x1e\x1d\x1a\xce\xb1\xa5\xbcO\xc2=nu\
\x17J\x00\xac \xf4=\xb6\xcc\xdd\xd1}p\x12\x9cu\
\x90h\x0cm\xbe\x0e\x15\xb8L\xf2\xa7|#\x91\xf1\xf8\
:v\xb0d^\x90\x89\x9fj\xf2\x0c\xe1\x8c\xad\x06x\
\xc5j\x0c\xfd\x1erL\x882S\x81`[T\xb2h\
\xf6\xf0\xe8\xa9\xe3\xb4\x15\xb1\xe4#\x8c\x07\x0a\xd5i\xaf\
Y3\x99\xcfe\xca\xc5\x95\xd1\x91a8\x1as\xc2\x81\
\x83G\x1cv\x8fdv\x0aWC\x22\xb5)Q\x0aB\
\x12\xd8\x12\xbc\xd1\x90\xf5Z\x5c\xcb#\x9dNr\x12\xd5\
\xe06\x08\xcd\xf0\xc8\xe0\xf00\xe1\xe4z\x22i\x1e8\
\xf0\xec\xd0\xd0\xf0\x89\xe3\xb3\xcc1mFA\xe4\xbf\x9b\
L\xa6Y\xdf\x15\xca2\xceZ\x0f%E7\x92g\xc4\
\x82\x03t\x06\x09\xa1B<\x00\x00 \x00IDAT\
\xf5g\xd9\xce\xf1\x13'P\xdb\xdb\xb6oC\x0c\x0e\xec\
?\xe46%\x9b\xb9V_\xde\xb1}\x9b\xa1Y\xcbK\
e\xe0>0\xd8W\xae,\xb7\xea\x06.\x9aUc\xfd\
\xf5\xdaB,\xd6|\xfdkw\xec|M_\xa3\xa6\xa4\
\xd3\xec\xf1\xa9\xb8\x0d\xe5\xe6[\xfem\xdb\xf6-k\xd7\
\x8d\xc8*\x0e\x8f\x05\x13M\xd9s\x0c\x06d(\x1d\x98\
d\xabe\xb3\x94\x10t5Y\x80\xcb\x84\x13\xb1\x12v\
M~\x97\x825\xbe$\xf5\xa1\xdbH|r`\x8c\xec\
\xe9$a\xf9\xae\xc5\xfa,\xe4\x99\xdd\xff\x99\xf1\xa4\xc9\
\xa4\xf5\xb2W%\x87\x5c'aBd\x1d\xf60\x9b_\
\x5c\xc4\x0c\xc6\xbb\xectZD\xad \x91\x89C\xd3\xf3\
3'\x9a\xf52;\xfa\x12J\x87\xb0\xc5S\x09\x5c+\
\x8eK\xa2N\x8a\xb0+4\xb8\xc5J\xfev;\x19\xd5\
\xdb\xd5&~\x18v\x87b\x1ed\xffu\xb1\x98TC\
\x01 \xc9L2\xdf\x8f\xa1\xdej\xb3\x5c\x8c\xdcI$\
\xa8\x83^\x80r\xa0\x99I8'\x16\x09\xdc\xc17y\
\x80\xba\xc9\xaf\x7f\xb4\xf0\x0ab\x09\xa4R\xd8\xdcP\xfa\
\x0e\xca\x98\x8d\xd5\xf8\xba\x87 \x86\x0fUma^Z\
\x98\x15\x8c\xa1\x10\x1f\x9e\x04`\xc9\x8b\xc4\xb8D9\x82\
\xc5d:\x8eM\xa2\xfa\x08\x9d_m6p\xae_s\
\xcd58\xc7.}\xe7o\xac\x1b_M\xf6V\xab^\
e\xf5\x15\xca\x92\xad\x8c`\x93(C\xe6a1\x09\xc5\
\x19\xcd\x1a{V\xda\xe3\xf5`\xc5\x10\x0a\x1b%CJ\
\x04\xfe\xc9\x17\x1eXH\xe4r \x1f,\x22\x12\xb2\x8b\
\xec\x08\x03\x95\xa0+|\x02Z\xc0\x05\xe0U\x10&\x87\
^@\xb6\x90'\x8eK)\xbdo\x9f\xd7\xder\x88y\
\xbf\x8bZ\x8d\xc8\x9a\x0e2$\xa5\xb1xs\xa10\xa4\
m\x10\xdc\x925_\x11T\xb5d\xde\xf5\xf5\xe5a\xd4\
\x92\xae\xd7\xa8\xb2\xc3hH\xc5%\xad\x8c21C$\
\xa1\x82\xa4?\xdf\x87\xaa\xf2z\xf0\xe0A\xa2\xef\x03\x03\
\xf9B\x1fK\xcb@\xf6ID\x92)\x82\xc6PiF\
\x11+\x9e\xf6\xd1\x13\xa4l\xe0%\x04\x1eP~\xe6\x13\
\x14\xc6\x96\xad\x9b\xc9+$\x05\x0f:\xc4se\xa5\x88\
\x80B\xdf`8\xfd}\x033\xb3s\xeb\xd6nNf\
\xf5F{q~\xb1\x96\xc0\xbd\x18Y\xc4jt\xbbD\
\xc2Qc\xf6\x0f\xbew\xdfM\xdf\x0f\xd2q{aa\
n8o\xe5\x92\x18$\xc1\xed'\x7f\xf6\x18\xdb\xd5$\
m\x89iT*\xd4Z\x03\xa1\xc4G\xbb\x1e\xbe:\x12\
\xf4\x92\x96\x8e\xb7\x0e\x19\x87\xdf\xa3\xa9l#\xc0'\x00\
\xc5\x04\xd9\x98F\xcc+\xa0\x96\x84*v\x11f;\xd7\
\x98\xa9\xd3y\xd4\x8a\xa8'\x81*\x84 \x9b\xcfK\xd0\
\xc4\x8c\x1f\x9b[\x00C\xadf+\x05\x9a\xe0\x9a\x00\xc7\
\xed\xb0\xa9\x08I\xd8\xcf\xb5\xea\xa9\x04\x09\xb30\x89h\
\xb1\xd2\xcc\x0d\xf6!\x03\x8d\x06Y1}\xd1\xa6\x13%\
\xdc\xe2\xb6\xd1BD\xed\x19\xf5*\x19\x8b\xa6\xee\xa0\xe9\
P-d\xc0u}\xeci\x8ck\x05fB\x9e\x02\xf8\
\x82a\x03;5\x8a\x94f\xf3\x19t\x1d\x1b\xca#\x83\
\xa4:@\x8fY\xa7J\xe67H&1\x87\x9f\xb8!\
\xb2K\x95xBI\xd8NM\xe6q\x19\xfc\x90\xff\xa2\
Ue\xb7M\xd4).\x01I\xc3\x14\x1b\x01g\x83L\
\xffBc\x98\xfc\xf58\xb1\x0e\xf1\x0fC\xe2\xb1\x04\x98\
\xeeI\xb1(\x16\xcbL\xddh=\xce\x85\x97r\x0b\x5c\
:\xb2\xc4\x0e\xad\x0c\xfd\x12\xeb_F\x15\xd1\x8d\xb0\xad\
\x06\xc5\xf4\xa8\x04\xd8B\xec\xa8\x01\xf6\xf7\x0bl$\xb2\
}{\xff\x1f\x5c\xfe\x9e\xfb\x1e\xba\xaf\xd6l\xe7\xfa\x87\
\x018\x02%\x1b}\x99\x04%\xd4J\xbbj\x845\x90\
\xd9(\xac,\x13\x0c\xf1\x5cR\xbfh\x86\x88&1\x18\
\xa1\xe8P\x9ep:bZ\x80d+\x91l>\x97\x22\
W\x84\x5c\xbb&\xf64\xf1`\xbf\x04ydy\x96\xa8\
-\xb9\x98M\xfc\xfb\x07\xfa\x18&\x09wa45Z\
\x92\x9d#=\xcdh\x22\xe8\x88\x90\x82\xe6\x00\x94X+\
\xec\xfe\xb1T*B\xc7\x99\x91+\xa5\x1aI\xacL\xd6\
\x9aa/\xae\xac\x80\x14\xa8\x22\xd7Y\xb6V\xab\x97X\
\x08&y\x0e]t\xb6\x89\x5c\xb3\xe2\xa9Z]x\xfb\
\xdbw\x0f\x0d\xf5Q\xe1F\xbd\x86M\xc6\x0f\x01\xb1)\
\x02]\xc4\x80\xb1i\x8c\xe4\x85\x0f\xf4\xe3\xb7Z)-\
\xe2\xe8\xe0\xd7\x85\xc4~\x8d\x06x\x0c\xc5\x87\x18e[\
G\xe8U`\x8b\xfe\x89\x9a\xe4T(Z2U`C\
\x91V\xb5m\xc7\xf4\x93\x87\x8fv*\xb5\x84d$u\
\xf1\xaf\xb0vM6\xaa\xf7@\xa1\x9aK\x1a\x09=`\
O\x07;\xe2\xc7\xa3\x8a\x1dt\xe2\x81\x17W\xfcx\xa4\
\x9b\x8a\x05Iv5\x0f\xdc\xa8\xd2\xc9$\xd1\x00\x1a\x0b\
\x8dS\x96(Ir\x06\x93b\x1fh\x09\x9cmL\xc7\
\x9dz>\xaeX,N\xf2\xdb\xe9\x84\x09\xd3`u\x82\
\x1etF\xf3\xa9\xd2\xcc\xb1d\xd4\xd3#..\x9aV\
\xb7E\xceDnt\x08\x17$\x0e\xedv\xad\xca/N\
--\xce\x191\xb6\x0a\x94i{ei\xc5u\xba\xd9\
t\x9f\xdf\x0e\xac\x98%\x9b\x87\xeb\x16\xd67\xabP\xb5\
x\x9a]\x0e\xab\xf5\x06Z\x0c'\x02\xab\x8f\xd9\xfd\x82\
\xb8\x0f\xdb\xfd)]\xb3V\xee8M\x14-\x5c\x82}\
\x5ca_.\xea\x13_2$\x99\x86\xf2\x8b\x13\xa8y\
\x8c\x17\xf0\x87\xe1!\x16\x8e\xb0\x05\x8cQ~\xcbA\xac\
:,\x0d\x97\x1f\x0fq\x0d\xf0\x11\xfa\xde\x84\xa2\x13\xcc\
\xa3u\x12\xbd\xe7\x02\xd4f\x84\xcd\xb3\x152\xd2\xee\xbd\
\xe3\xf6\xd5\xc3C\x18\xff\xd0N89[\x12\x08\xa7G\
A\xa1H\x81\x16\x11S~d\x82\x00\x05\xbbVI\xfc\
\x08\xc6\xa3GXB\x01Q\x92\xb5|0\x8a\xe0Ed\
\x0ffS\xfb\x9e\xd9\x8f\xf1>1>\xe2\xb9\xcd\xfe\xfe\
l>\x9bD\x87\xe6\xd3\xe9:Qd4\x9f\xc8!\x1a\
Y2\xc5\xe0\xfb\xd8\xa9b\x1e\x90\xc4+\xf5\x03\xd54\
\x82\xe9A\xb8<\x83\xcb\x939\x8c\x19\x13D\xe2\x98C\
\xec\xc2\xabc\x84cp\xe4\x81x8^\xaf8@\x87\
J\xc6\xbdu\xf2\xe44\xbem\x01\x10\xab]\xc4U'\
N\x22\xc0-\xbc]d)\xa4p\xd20a\xf3 \x0c\
\x8eDe \xeb3\xf3s\xa4x\x22\xbb\xf4\xc0y\xe7\
\x9dKn~\xa5\xba\x92DG*]\x80\xc1]\xe8A\
\xdfk\xae\x1a\x1f\x5c\xb7~\xed\xd2\xe2\xe2\xcc\xcc\x0c\x89\
\x84\x98=+\x98\x8a+\xc5*\xe6a8\xe7V\xca%\
\xda\x8c~\xaa\xd6\xaaK\xcb\xcb(\x08&\x0a\xbcx\x18\
\xa9\xe8\x12h\x062\x86a\xce\x86;\xacUC\xd1\xa2\
\x1b\xfa\xfb\xfa\xd0\x22b\x14A\x1f}v8c\xe9M\
\x82\x05\xbc\xc8\xbf\xc3\xce\xfd\xad\x06\xc3\x81_\x98uX\
\xbc\x86\xdbaw\xd12\x01?\x84\x05:d\x14\xc2\xa4\
\x048\x9dl|\x00\xa8\xd8\x13\x85\xdcQY\xe9C\xce\
\x16\xbbU`\xad\xa3\x82$\xe3T\xfc\x1e\xac\xe8\x97\xd9\
\x12\xe6\xc6TFP\x88\xb5\x5cQ\x5c{\xa5\x95:n\
`\x1c\xdd\xc9D\xba/\xd7$\x8ak\x1a\x89B\x01\xd7\
\x07\x18`\xbd\xe6\xe2\xfc\x02}\x16\xda\xf0\xe6\xca\xe22\
\xd3E\xdcN2\xf8\xa4r\xa3&\xa1\x18,\x01\xd6\xe2\
)+\x93c\x05\x1c?\xf4\xc5\xac,IDx\xd9\xb3\
\x19\xdbJ@\xf2\xd0\xd4s\xb3\x8bdXb\xbapg\
q\x86D<\x22\xc7\xd0k\x18\xa9l\xda%\xd49\x9c\
\x95\xc3\xedJ\xc8\xd8Ag\x85\xea\x09\x9eCg\xa0\xfa\
\xe4A#\x09\xd0\xc9\xdc\x1f>!7 \xe6\xc8\xe1\xc3\
\xdf\xfb\xdew\xbf\xf7\xed\x1b\x97\x97\x966\xaf_\x8f\xfb\
\xf0\xc4\x91#-\xf1-T\xb2\xe9\xd4\xb6mg\x10\xc5\
#\x8d\x079\x81\xe1\x82B4=\xe1pY\x83m\xa8\
\xb2\xf7\x02UE/\x02\x18\xbe\x0fC(r'\xe4\xea\
\x94\xce\xce\xdb\x83\xf8s\xd1\xf9\xff\xfb[_\x1f\x1bN\
\xaf\x9b\x1c:y\xf49\xb7^\x9f\x1c\x19\xdby\xc1\xb9\
,\xe5\xda\xb0n\xfd\xec\xec\x9c\xa81\xb6\x01q\xd9\xa1\
\x99\xdd\x0e<\x10,K\xaf\xc4\x97)\xe4\x1do>\x9a\
\x96\x13B\x13S\xf6\x0f\x91\xdb\x84yN\xd0&P\x0e\
n\xc0\xa8\xc8\x00\xdc\x81\xb1\x95\x01\xc2F&\xed\x81\x0d\
J\xa5\xee\x8c,\xd9\xcd\x9a$\xd0\xb3\xa3\x00 \x96Y\
\x8b\xa9\x87\xd7\x90\xf10e\xd0\x00\x92@D\x968\x82\
\xca\xe7\x1cX!\xdd76:\xc0\x0e^\xfc\xce\x09\xd1\
\xb7\xf3\xcf?o|b\x0c\xbaB6H\xe8f6\x87\
\x86\xfa3\xfc2\x10\xc8\x9e\x9d\x85\xe3\xe2m,W*\
\x99l\x16\xb6C\x9d\xe9\x9a\xa9\xb5k\xfb\x07\xfa\xa9\x09\
\xa2\x88\xdf\x86\xb5<\xa0\x99\x9cA\xc0\xc4\x82\x03\x12'\
\x18\x10\xa4\x8cE+x\xaepQ\xe72)\xd2d}\
r\xca\xd1\x1c\xf8\xd75\xb1qYK\x9f\x97\x85gm\
C\xa62\x8f\xb4\x17\xdbf\xb9\x10\x12\x8a\x84\xe1\xf2\xa7\
\xf9\xa8C\x99CA-\x86<o\x80\xbc\x982\xbaj\
\xa7%\x11\x9c\x11\xc2\xd1\x80\x15E\xa0\x9c\x0d\x15\xf8\x96\
\x0c\x0fnLt\x89\xd4Gfjv\x85'k\x1c\x01\
\x83\xbc\xa0\xde\xaa\xc5\x15\xa4\x9e\x8c\xc7T>\xcb\xce>\
\x04 \xfb\x86\x07[\x10\x91\x0e\x0b\x14\x0c\xb8G\xb3\xda\
L'\xd2\xec\x0aQ-\x95\xd9x$\x11\x97\xf5\xa0t\
(\xb3&\x86\x80\x89\x1d\x93+$ry~\xbb\xa7\xda\
\xc0_\x8d:H\xc2f\x99'Xe#\xe6u\xc3!\
AEF\x0e\xbbI\xe2\xeeQf3\x98q\x9c]-\
\xf9U\x07\x96\x00\xc3\x18\x19h\xb1\xd0\xf8\x0f~1Z\
\xc4\xd7\xd1\x9bx\xe91\xf1\x8e\x85\x8e\x02IR\x11C\
/D\x07\xcd\x94UW\xe2\xb6\xda~\xe6\xb6B>_\
YZbv\xee\xcfd\x7fv\xdb\xedP\x162\x13Q\
yl\xfaE\xcf\xb3\x94[\xbc\x15Bb0<\xc4\xdf\
(q\x19\xd6\xf5\xa1\xdbB\x15\x09\xa0\x00C\xe8\xb9\x90\
\xb5\xdebk\x0a\x5c\xc2G$\x92q\x5c\xf5\xae\x9f\xdd\
w\xc1\xf9\xaf9zd?\xbb\xd1\x0e\x14\x06\xef|\xec\
\xe1fq\xf1\xe9\x03\xf7e\x07\xfaKe\x9c\xcd\x9an\
\xe7\x91\xba\x84M\xa2\x85K\xcbY\xd15/\x8b\x03d\
\xc5\x1cAx\xee\x8cX\xc1\xe2i\x22\xcd`\x9cX\xc4\
\x22h\x0eY/\x82\x0a\x0f\xa6\x82\xa8\x04\x08\x17\xba\x14\
@Q\x0f\x96\x0c3!p!\xc6\x16A;\x04\x92\x91\
\xe3'\xe3B\xcd\x81\xe3\x05\xfbU\xe4\x01}%\xee\x1e\
\xe9'\xe9>\xbe\xc0\xef\x92\xc9\xa69\x19G\xc7\xc6M\
\x1b\x9dfq\xe6\xe4\x116\xe2y\xe3\xc5\x17\x12\xc49\
1=\x87\xb2\xe6\x871\x82*\xc6\x8d\xb2j\xd5\xb9\xfb\
\x9f}\x16w2\xbeX\xd8\x115\xdcz\xc6V\xa6\x03\
\xbc\x8e\xa8N+n\xaeY\xbb\x06K\x03\xc2#I\xde\
\xac|\xe1\x87\xbcp\x91\xb1\xdaJv\x92\x8f\xb0\xe6J\
\x02\x1d\x88\x15=k\xe8l\xbe\x9a\xb3\x13\xadjK\xce\
\x91\x15=\x0e?\xfd\x13\xcfd\xa5\xb6*;\x02g\xdd\
R\x87u\x87x\x1a\x0d2pl\x04\xd4\x85Z\xc9\x0f\
61W\xca\x1aebt\xa2\xb1d*\x12\x1dD\xf6\
\x0bNI\xf6\xa2\xc2\xcf\xeb\x03 S\xb5\x88\xce1\x01\
2~\x88.\xcb\x05\xb8\x9a\x05\x982\x1f\x8aO^G\
IBKQl\x18\x91\x90\x17\xe2L\xa4\x99\x96k\x15\
~\x91\xd1\xb4\x13\xa5\xb9YC3\xe912+\xf1\x04\
\xb1%\x10\x969\xbe\x0b\xacNt\x0a\x98f\x1aD=\
\xb1\xec\x91\xf5\x8f\x0a\xd1_%\x0a\xacYy\x17\x8fg\
\x98p\x19J\xe4\x09\x07\x1f?\x864\xb7\xb0\x08~\xe8\
n\xc0*+s\xd0\x9a8\x91\x08m\xb2K`\x93|\
L\x9cW\x12\x84\xe6\x1f\x0f\xbe\xa5\x07\xa0\xbf2\x87\x87\
\x16?\x16\x1b\xc9V4Y\xf2ee\xd8\x04\xa0\xa2\xc4\
\xf9\xcd\x09\xd6\xcc\x13\x0f\xc1\xe9\x11\x8dn\xd9\xbc\xe9\xdc\
M\x9bn\xff\xc9O\xfe\xdf\x9b~\x8c\xb40\x04\xe8\xb2\
\x81|.\xceMM2\x96\xd0\x13\x92\x85\x8a\xc1'F\
\x13\xaa\x1a7\x1f\xa1\x19&\x0bI?\xe7\xb6\xe2]\x90\
\xfb{\x81\xc4\x81\x00\xe2\xe0\xda\x0b\xc2\x99A\xd9\xb4\xf1\
\xdcL>\xd7\xd7?\x80\x83g\xcb\x963\x1f}\xe41\
VU\xcd\xce\x9e8~\xe2\xb9vm\xe1\xe8sO\xc5\
!iA\xd070H\x9a\x9c\x08\x8ee\x8dL\xac\x86\
t1\x0d\xe3\xea\x09U\xa9py\x00J\x1b\xc1\xb4h\
Y\xe8\x0e1V\x99J\xc4\x12%|\x84\x9fL\xc4\x8b\
\xdeaJ\xa5\xe9,\x98\x91I\x9a\x80.F\x97'\xda\
\xdf4\xce}\xd5\xd9\x03C\x03\xec@\xcd\x09\xf4\x09\xe7\
\xd0m\xe8T\xd1\x16\xa6\x04f\x01\x01\x12BN\xecj\
\x5c.\x85\xdc\xc9\xd9\xe9Z\xb5\x88:|\xc3E\xaf\xde\
\xbau\xfd\xc4\xf8*\xd0s\xe8\xd0!2\xfb\x96\x96\x17\
\x9a\xcd\x06=y\xee\xab\xcee\x11\x03<\x04\x8e\x9eL\
&\xf0\xa8\xc0\xa0\xb6l\xd9|\xfc\xd81\xe2\xea\xcc9\
\xeb7\xb2R\xc1\x9d>y\x92\x8e'\x9f\x9bP%\x16\
\x18u\xee\xeb\xcf\xd7\x09\xd4\xb1\xbc-\xdc\x10\x0c\x91\xa5\
o\xc5\xc4\xef\xb0e\x03>M\x16\xdd4q)\xa63\
I$\x9b\x9dq\x0a\xfd\xfd\x088\x1c7\x13g\x1b\xf6\
\x18\xa4_\xda\xa7\x11;\x90\x95\x90X\xf4bak\xfc\
\x22'\xde\x08R\xf1\x92\xa9\x5c6\x9d\xcb=\xfd\xec\xb3\
G\x8f\x9d\xa87Z\x0f=\xbagt|<t\xc6\xf9\
\xec\x97\x80R'F\x88\xaf\x00\x99'B\x82L\x86J\
Ah\x0f\x98f\xa6\xa0S\x19\xf8d:\x09\xfd\xc0\x88\
\xe6\xf7a\xfb\x06\x07\x11@8\x0d3t]\xdc\xc0\x11\
\x83\xdf\xe3\x89\xa8\xcb\x8b\xc2\xaf\x98\x11q\x88\xe9&\x9b\
nzl\x01\x9f\x1d\x1c12\x05\xe8\x05!\xb2\xae\x94\
\xcd&+\x09b\xe3\xc0\x95\xe7\xec\xfc\xd2\xf2JI\xf6\
laUD>\xcb\xd2\xa7|\x7f\x9e=\x0d\xf1\xc9\xc8\
\xa2\xffpC%\xe8\x016}\x0f\xab\x00+$Th\
<6\x85\x90\xd9\x18<\x22Q\x00\x82!\x97\x9f&\x11\
g\x1aZ\x10U\x0a\xc6i\x16\xda\x0a\x0d);\xea3\
c\xd7\x97\x16o\xfc\xd6\x0d\xe7\xee\xd8\x01\x03\xcde2\
\xeb6\xac#^q\xfb\x9dw\x9c\xb9m+\xa6*\xfa\
\x1d\x08S\x06\x97\x11J\xa4g\xc04q\x7f&o\x06\
D\xee\xc5\xba\xd8&\x0a\x07A\x02\xf0\xdd\xd8\xf0\xba\x0b\
\x18K\x1eF:[\xae\xd7\xd98\xc9\x0fp\x0c+\xa3\
\xab\xa60\x01\xed\xb4\xf1\x96_\xbbx\xd3\xc4\xe0\xbe=\
\x0fa\xddBw`\x14k\xd6\xae-3\x08>\xaa\xb0\
#K\xcb\x22\xa4\xa4&\xf1\x107\x1d\x1c\x08\xd0\x1dX\
#{S\xd0\x8b\xa2\x91qgb\xc6\xe1\xd9\x83:3\
\xae\xbc\xc74\x01\xebT(\x04+2\x02m\x86o\xc8\
\xc2a\x9a\x0b\xcaQ\x93\xb9\xbe<D\x93\x1cW\x8e\x00\
;\x89;\xe2@\x10?*Z\xab\xc75!\x82\xacx\
/\xce/\xcey.\xbfE\xa4\xd7\x1b\x95\x13\xc7\x0e\xb3\
'\xea\xbe}O?w\xe8\xc0\xb9\xe7\x9e\xcd\xfa\x06L\
C\x8c\xd6\xf5\x1b\xd6\xa3\xf5\xa92\x1c\x03\xed\xb6fj\
\x0a\xc5\xccV;h\xeb\xc5\xa5\x05\x09\xf9\xb2Y:k\
~\xa3\x91r\xa5L\x9a!JQ\xf8gD\xc1y\x92\
\xb0\x0d\xa6ZF\x0e\xed\xce+\xba\x971c\x1a\x05\xa1\
\x18\xfb\xc4\xfc\xe8}\x1d\xeb\x8c\xd5\x998\x1f\xa2\x0a\xbb\
\x0d\x12\xa5\xcb\xe52l\xec\x8e\x91\xc9W\xa9\x14\xde=\
H\xad\xdaqZ\xe9d\x12\xa1\xc6V ^\x85\xf3i\
dr\xcd\xb1#\xc7\x1fx\xf0\xe1\xe5\xe5\xf2\xc1\x83\x87\
\xef\xb8\xfd\xae\x03G\x0e\xe7\x06\x07\xce<k\x07I3\
(l`\xcdX\xc2g\xa1\xfe\xd09\x98\x194\x0cU\
M\x229\x8e0\xe4\x0b\x1d\x81s)]\xc8\xc5\xac8\
\x969\xcc\x18\xaeB\x07\xf1tIvr\x5c\x8cq\x18\
\xd0\xd2\xe2\x12\xf57\xcd8\xe1q+\x99j\xb9]\xcd\
J\xe5\x06\x86c\x16\xfb\xe7\x934B[ \x87\x94m\
\x12\x12\xa7\x9b\xc1\x07q.\x948Z/\x91N\xa2A\
X\xd4\x87\x9b\x0f\xf1\x96\x1d\xe6Y\x9f\xc1\x22k\xd1\x88\
\xe8:@\x05\xb0\xe4\x85\xaaJ\xf6\x08\x1a\x90yU\xcc\
\x00\xbe\x0c\xc9\x87 \x1c\xb4I\xecCP\xcdex\xdb\
\x18k\x89\x18\xcakie\xe5\xde\xbb\xef\xb9\xe5\xfb\xdf\
;c\xcb\x16\x96\xba\xae]\xb7nbrr`hp\
vqa\xd7\xc5o\xe4\x12\xe6\x0a\xf4\x1a$\x84\xd9\x0c\
%\xc1\xbdq\xf9q\xb1\xf0^\xa62\xa7Y\x22_y\
\xa9\xb48\xb7PZ.\xb6\x1b\xac\x9d\xedH\x8c\xb0\xf7\
 \xcb1B\x9e@WW\xf8\xfd\xce \xd2\xf0\x9a\x10\
f\xb3\xe0\xef\x9b\x9em\x1c=\xf8\x9b\x97\xfe6\x93\xf4\
\xa3{\x9f\xac\x94W\xd6L\x8c\xa4\xc9\xe2\xc1:%\x93\
\xa1\xd3\xc4\xacaq+r\x82\xe7\x92\x99\x15\xcbA\xa0\
\x07\x0c\xa5\xa9,?\xc5\xdc\x93u\x90 \x02\x88\xb0^\
\x05\xcd@\x8bi%\x19\x14(4&5F\x08\xab\x85\
\x88/\x94K\x5c\x9e]\x7f\xdf\xfe\xfd2\x05\xb3\xcc\x16\
\x17\x8fd\xc1\xcb?V@\x88\x0c`g\xcb\x8c\x06i\
\xa5i<0)\x22\xa8\xc6\x1d\x1b63;\xda\xb6I\
\x18l\xb0\xbf\x9f\xfe\xa6\x1f\xe1\x0e###\x5c[.\
\x91\xd9\x87\xdb\x08\xaf\x97\xba0\xbf\x88\xd9\x8a-\xfe\xec\
\xb3\x07\xa0\xf5\x0c\x06x\xe1\xd6\x8b\xcb\xcb,\x06\xaf7\
\x1d\xb1nA\xbb\x1aKeR\xd0e\xec\x98\x0a\xca\x8f\
\x1a\xb3\xb5\xa4\x98\xc2\xe0\x9b\x8c\x1aQ\xdc\xcb0\xf5\xdc\
*R\xf3\xb1\xd2g\x17N\xee\xd8~\x06\xaa*\xd7\x97\
\xeb4*\x12&\xc1\x0eT\xd9\xfa\x91=\x1eH\xf3s\
\x06\x0b\xc3\xedz\xcd\xd4\xe2\xec\xc7O2P_~\xa8\
\xbe\x5c=~l\xe6\xa9'\xf7\x9f8r\x0c#s8\
?:\xbeum<\xc7\x96#Q\xa2\x8b\xe4\xe0\xd29\
\xcc<\xd5j\x05~,\x16\x07\xfe\x0a\x12H\x22\x91\x13\
\xd3\xc7\xe1\xed\x18Ni\x8c<\x08o2I\x82\x01\xbe\
\xd5l6\x0fM\x87\xbcsa\xa9X\xc5\xeef\x140\
\xc6\xd0\xa2\xf4\x05FC*[\x00\xd6\x8an\xf7\x8dN\
\xd0DG\x14\x19\xb4\x04\x85ML\x07G\x9el\xc6\x80\
\x08\xc1\xc8pG\xe2\xb4\x8e'l\xb2\xcd0\x16\xa1M\
LMh\x04\xc8\x0c]&\xf6\x1c4\x13@\xa3\xb9C\
\x86)C\x13ZJ\x1c\x91\x14'\xf0(\xf0f\x14\x84\
\x9e\x08\xfd\xe0\x13\xe73{K,]\xbc',oc\
\xc1\xa8\xf8\xc4\xca\x15\xd4\xc6\x1f}\xf4\xc3\x03\x93k:\
\xcb\xcb\xcc\xf0\xa5j\x05\xefsa\x0c\xd93\x18\x1d&\
sJ\xe1\x8d\xcf\x8f\x15B\xd5\xd1\x92\xa8m\xe1\xa70\
\x062\xd5Z\xe5b\x89`\x02\x98\xe0\xacV\xad\x89\x05\
\x22[\x9e\xf6\x1e\xd89\xc0\x8f\xab$\x0d&\xe8\xf2k\
\x81$\x11X\x89\xd1x\x94\x10\xdb\x86\xc7\xf6<t\xf2\
\xf0\xfe\xe5\x93G_\xb5\xed\x8c\xd9}\x0f\x9du\xfe\x1b\
\x8e/7\xba\xac;\xb7\x93\xec\x85N\xf5\x99^S\xbc\
\xaf\xd5\xa9\x03\x80E?\x8b\xbd\xec\xb1\xf5G\xb8\xcb\x87\
L\x16\xc2\xc2Ii\xe1\x1bB\xb5\x98n\x90E\x5c\x22\
\x95R\x89\xb5\xfe8\x94A\x0e\xca\x82\x05b\x88\x87\x86\
\xb8\x84\x06\x01S7\xddA\xce\x1eU\x92\x85\xa60\x13\
\xe6>q\xae\xc3\xfc\xc4\xb9.\xe3\xaa\xdb[6NM\
\x8c\x0f6\xca\xcd\xa7\x9fz\xf6\x8c3\xb6\xad\xac,=\
\xfc\xd0\xc3\x84i\xc91\xdf\xb2e\xcd\xd1\xa3\xc7q\x02\
\xa0\x8d\xd9\xe9\x81rp\xd4\x9c\xff\xdam\x8f>v\x80\
\xf4',;\xc8\xc6 \xa1\x1f\xd6\xca\xb6\xc9$\x89\xa4\
Xs\xc0\xbd=\x05\x82\xc1$H.\x0b\xc4\x16\xe7\xb1\
\xb0s<\x8f\xa0I\xd2\x12\x84\x5c\xb4\x02\x17?f\xa9\
\xd1ds\xab\xa5\xb9%\x0cGT\x18?\xb3\x08\xef\xc7\
9\xc0V\x91t>z\x02\x15\xc6O\x18\x08\xb7v\x22\
}\xf9Q\xb7\xd1dB{\xfc\xe0\x13\x8f\xce\xeeAm\
?\xf3\xd43\xb6\x99\xe0\xd7\xcf\xfb\xf2}\xe7\x9e}n\
a\xf3\xd8\xb6\xdd\x17\xfa\x95\xb2\xc2\xfe?(\x82X\x84\
_\x0d\x05\xcdq\xc3D\x90\x92q\x1b\x8fG\xabV%\
\xc1 \x9eaW\x06\x8b~d\xb2\xe3\xa7xY\x16\x9a\
O\xf7\xe1\x97$\x9f\x8c\xf4\xda\x95\xa5e\xb2\x8a\xc4\x89\
\xe4\xf9\xe9T\x0ac\x19\xa39\x9f\xeb'o\x8f\xe9\xd5\
.\x8c\xb40}I\x09\xe8\xb2\xec\x1f\x19\xa5'\xd9\x1f\
S6cA\xcd\xc8\xbc\x0a\x9b%\x86\xad\x9bH)T\
\xa7I\x98\x89_*k\xd4\xf0Xs9\x9dI'\x08\
\xe7\xa4S\xd0\x82\xf0if%\x99\xce\xc4Y\x06\x80a\
\x09\x02f\xf41\xff8\x14\xaaj8\xb0\xd8\xc7\xfc\xa4\
7\xcb\xe7\x08\xf3\xca\xc2J\x895<\xf3\xf4\xd3\x0f=\
\xf0\xc0\xef\xfe\xce\xef\xc43\x89\xb9\xe9\xe3\xd4\x96\xdf+\
\xd3\x93\x09(\x03\xf4\x95f\x0a\xb3\x0d\x0b\x92\xc4#\xe4\
V\x5cF\x00X\x94\x1a\xa5S\x02\xdf\x8at\x01A\xbe\
\x96\xb8\xbd\xf8\xafb\x83\xeb.\xe8!{\xfd\xe4\x99\x10\
\x16\x828\xeci\x88\xf3\x94\xc4\x0d~\x95PUS~\
7^\xed(\xd9\xfe\xa1\xa9\xd5\xab3\x96\xba<}\x90\
\xf4\xe4jq\xe9\xae\xdb~\xda\xaaW\x0a\xf9\xc2\xf1\x99\
\x99\xe1\xe1!\x0af\x06\x97\x9c/\xe6\xdd^\xbc\x88\xdb\
*\x82WP\x00\x8d\x86\x0e\xa2\x17\xb1<\xd8z\x81-\
\xce\xa8\x0e\x0b\xf3ju\xd9\xba<\x97\xcf!\x0bt\x94\
\x18\x04T04\xac\xd0\xfe\x18J\xbcBo`\xf54\
B\x04\x17\xd3\x18\xbeF\xdf\x88\x1f\x90\xbc\x1d\xf2qb\
\xd5\xca\xca\xe4\xea\xb1l&N\x94\x832\x18\xa1\x85\xc5\
%\xd4\xf3\xd9\xe7\x9c\xcb\x0f\x13\xce\xcd.\x10\xc8\x87\x00\
\xe2\x96\xe6\xa6X\xa8\x08\xd5\xec\xdc2\xbe$2\x98\xd9\
p\x87`81-\xfc\x7fl\xdf\x81+\x00+\x096\
*2\x8e\x1b\x8f\xa8\xa1O\xfcR\xcd\xa4\xb3t\xa3P\
!l>\xba\x14\xff=}\x85G?\xa2\xcc\xce\x9e\x5c\
5\xc6:r\xb3\xbf/\x07\xd7'\x92\x0a{\xe47\x98\
\xf1O\xa3\xc60\x0dsl\xaa`\xdb\x99B\xff\xfeG\
\x1f\x7f\xea\xd1\xc7\xbb\x9d\xee\xf4\xf1\x13\x95R\xf9\x99\xa7\
\xf7\xcf\xcd\xcco\xd9\xb8\x85\x04\xe8Mk7m\x98Z\
?\xd27r\xf7\x13\x0f\xa7r\xec89\xb0\xb8\xb0@\
m\xc9t\xabU+\x927\xe4\xb2\xc2\x8d\x86+\x95b\
qaf:\xc3\xe6!j\x0c\xa7*]\x80w\xad\xda\
l\xd1\x13LDx\xa6\x00\x0d\xde\xccv\xa3m\x92U\
\x00\x87\x8b\xc6H\xe8\xb3\xb1-R\x192\xa3\xccD\xda\
\xb0\xd3-Gi8\xfc\xda\x93B\x0ei\xe0\x92\xf1\xca\
l\xc7\x9aw\xe1\x14\xa8jp\xc2\xecO\xb6\x02\x13Y\
6\xc7f\x93\x04\x970F\xb0S!\xd8\x96\xd3r\xd9\
u\x85\xfc6\x10,\xc8\x01X\xa8qjC\xc7 \x10\
\x82b~\x5c(\xd4\xd9\xa82\xb0.\xb6\xa5\xfc\x13\xa7\
\x8fd\xfc\x01H\x06S\xa0\xcf\xebs\xfb\xf7\xa3\xdav\
\xbf\xf9\xcd\xb8qV\x1a5\xd2d\x09\x97@p\x81\x0b\
\xe4\x1d\x07\x08O~\xf5\x0a\xae/f\x1b7\x11g\x11\
\xf1O\x89\xd4`c\xa0\x0c\x11~\x0f\xe7W\x83\xdf\xf6\
\xc1q\xca\xe9\xcc\xb8\xfc4\x90\x15\x1bZ\xffZ\x01\xbf\
\xa2l\xdat\x06\x98g\xfa\x84B\x84\x0cXR\x05\x98\
I\x80\x17?U\xc1\x0a\x0bB \xc3\x13k\xfaV\xad\
\xc6\xf2?|\xec8.\x8dfei\xe6\xf0\xb3,\x9c\
J\xe1\x09\x8c\x89&\xa6\xf2t\x1f-EP\xe9#\x9c\
\xf8\xb4\x05\xd6\xc1\xe4\x03\xef\x07\xd0\xec\xbe\x00\x1b!\xf5\
\x0a\x16\xa8\xf0\xa3}\xb4U\x84\x0cg#\xf2O\xcd\xe9\
\xcc\x84`\xcbd\x9f\x17l5q|Q\x025\x14D\
Q,\x1f\x84\x0c\x08I\xcf\xa6\xd3\xe2O\xf2;\x85l\
\xd2iUg\xa6\x8f\x13Td\xb5\x18|\x97P\xdf\xe4\
\xd4$\x895\xc7OL\xf3\xeb\x9aL\x9b\xec\xb1\x8dP\
\x95\x8a\x8b~\xb7\x85\x11\xcb~![\xb6n\x91\xf8Q\
\x0b_$\x14\xd9\xa1\xe6\xdc\x84\x9a\x86\x9d\xc1\xac\xc6\x82\
\x19fH~\xf6Q6A\xa6\xb3\x18[\xa44\x11\xc7\
\xb7\xc0\xe62\xf8kE]0-\x81\x19\xf6\xee\xc1\xaa\
\x00\x7f\xcc\xd2\xd0\xb3l\x1a\x8d\x00\x1f\xed\x98Z$\x97\
\xd0\xfb\xd2\xf1\xe6\xc2\xfc\x91\xbd\x8f\xaf\xcc.f\xe2\xd9\
\xa5\xd9\x95\xa5\xc5\x95\xa7\x1f}\xa2\xb9\x5cf\x8b_\x04\
~\xc3\xd6\xcd\xe7\xefz=]\x0d'\x18\x19\x1b\x84g\
9^'\xd5\x97et\x99\x8e\xd8\xca\x07\xc8\x12\x9e\x18\
\xe8/T\x16\xd8px\xc6b\xa7\x05\x5c\x06lKE\
\xe7P1:\x0e(\xd0\xcf\xccP\xba^\x5c\x02\xd6-\
q\xf0\xaa\x04\xcb\xb3\xf5\xb6\xa320\x85\x02\xfb)\xab\
VR5\xf9-]\xa3\xed\xb2\x93\x16\x13\x1e\xaa\x8f%\
\xc9\x12\x81E\xe7\xd1\xa7\x88\xa2\xe8\x0eS%*\x97 \
\xbb\x06?\xbc\x16\x95\x04@2p\x08\xd8\xf03\x09\xc2\
.D+\x93V\x8a\xde\xe2\x01vy0\x87I\xbf\x89\
zF\x11\xa1\xa3x+\xe8\xe5\x89\xb4p\x803\x11T\
\x0a\x17\xe3N(\x09o{[vu\xb7l\xddJ\xfd\
\xd1\x861\xc2\xd5R\x18\xf2\x01\x80\xf1Z\xcb\xaa6\xd1\
k\xbc\xc7\xc3KcM5b\xe1\x12\xc1\xfd\x00j$\
\xf8\x83K\x8eq\x80%\xc2\xfd\xc1\x95(rV\x9f\xa4\
t;k\xc7\x86B\x9dM\x15\xce;\xff<\x8f]\xeb\
\x90\x0cJ\xb0\xe2\x19\xf9Ea\xb6\xaa\xa0^-BT\
\x0c$\x83\xdf\x84\x8d\xb1KW\xdf\xf0\xd4\xc6\xcd\x1b6\
\xacc{\xbbn\xb3\xe2\x95\x16\x9dZ)\x93H\xce\xcd\
\xcd\x0d\x0f\x8f2]\xf4\x22\xa8\xb28\x14\xbaC=\xc9\
\xa10tf\x19\xfa\x0dO\x05\x1e8\xc2\x91\x88\x0c\xa4\
\x03@ ba\xd3\x99\xc7%\x91\x18\xfeJch7\
\xfdG\xf8\x0d\xb3\x95\x0ef?\x06jE\x92\xaa\x10\x15\
\xbc;\xa8NT8\x0e&\x85]\x07\x88\xf4\xb5\xc7\x86\
\x07\xd6\xaf\x9fB\x95\x03k\xb6\xf8\xb0\x1361z\x92\
+\x16\x97V\xe4\x17\x10\x99\x8a\xd4X\xb5^$\x8d\x83\
 \x03?\x0a0>1\x02\xc9YZ&\x9c\xc9\x84`\
\x92I\x82Ra\xeecV\x00\xd3\xb0SFT&\xb6\
\x08\xe2\x8a\xb1gr'\xf1gG\x05\x88$\x9f\x90\xa0\
\x82\xdb\x10\xf0\xd0\xa9\x0c\x1b\x92\xcc\x08\x93 \x90I\xc1\
\x1b\x99r\xf8\x9d1\xb6XH\x8c\x0d\xf6\xa9\xb0\x99\xb9\
\xd9#O>}\xf2\xb9\xa3^\xc3o\xb3\xc1S;X\
\x22\x5cR\xae\xb3o\x10\xde\xe85\xeb\xa6X_<\xb8\
z\x8c\xdf\xbb\xc1\x0e\xa1!'\xa6\x8fNn\x9er\xfe\
\x0fQ\xef\x01\x1d\xe9y\x9di\x02\xa8B\x15*\xe7\x8c\
B\xce@\xa3\xd9\x89\xec\xc4\xd0L\x12IQT\xe0X\
CI\x0e\x1a\xc9i\xec\xdd\xb3;\xde\xb3\xe33\xe3\xdd\
\xd9\x9d9\xab\xf1\xce\x8c\xbd\x96-\xafe9\xae,\xd9\
\x8a\xb4D\x8a\x14\x93\x98\xbb\xd9\xb9\x81n\xe4\x8cB\xa1\
r\xce\xb9\xf6\xb9\xd5\xe2\x10\x04\xd1@\xa1P\xf5\xff\xdf\
w\xbf\x1b\xde\xfb\xde{\x81\xcazU\xb5\x12\x1c\x8c\x8e\
\x17\xa6%\xe2\xa8'v\x02x\x00\xdc`\x07y\xa4\xb3\
\xbdP;:IV\x85\x9eJc\x852\x12\x0c\xa32\
\x00\xa4\x19uJ\x9e\x0c\x8b\xa9\xa6\xe9\xb5\x98KC\xb1\
\xda\xd0\x9b\x1d\xe8\x93j\xbd\xbb EC\x92\xaf\xe7\xa6\
\x89\x83\xb9MA\x18D\x85@\x1eQh\xa9\xce\xd7\xf7\
\xd1\x05\x97\xfd\x02\xdb\xc7\x17B\xac9(\xbc5\xdb#\
\x92\x84\xe4\xa2W;\x82+\xba\x895\xe3'\x91jq\
Pd[\xf0xE\xb89\x02\x9c\x1f8\x1d\xa25\xf8\
O\xe4\x9eU\xedx\x17|\xcf\x89 ?\x8d\xd8\xf3\x1a\
lQ\xc7\x16w\xc0\x02~\x14\x0b\x0eD\x0a2&\x19\
\x1f`D\xc9/J\x94\x0b\x8e\x06!\x80[\x97\x093\
\x92#\xe3\xbc\xf4\xa8A\xfa\xf1\xa4\xd8\x0e\xa5\xba[\x8b\
\x89t\x9a\x15\xde\xf1\xfb\xe5\x9d\xba\xbaIm0\x8d\x9d\
6\x13\x84\x9b\xe8B^\x9c[\xef@\xb7\xbd6\x93\xce\
i3\xc2T \xf1&\xd7\x08\xdd\xb4\xd9\xea\xed\xd39\
|\x836\xb3\xe5\xd8\xf8\xc8\xed\x85\x05\x92#\x97/\xbe\
\x8fo\xd6\xef\xf32SU\x9c*f\x16\x81\xe4\x92\xf1\
\xc7\xba\xd1d\xd5f#4A\xf3\x89;F4\xa9\xec\
\xa1\xe7i\x952\x02\x05+\xaem\xf5P\x1d\xc2\x94\x0c\
\xacU\x1d\x10\x02\x1bZ\x16\xafN\x09\x1ac2\x1a\xfa\
\xfb}DQ\xf8\x0fb\x5c{\x1azm\xdf\xe0@?\
\x99<\x90-\x22\xe3\xa3G\xe7\x06\x07\xdc\xac\xacp\xde\
;g\x91\xc1bd\x06P\x1b\xa4SXe(8\xa5\
2\xa8H\xf7\xf8\xf8\xd0C\x0f\xce/\xdc\xba\x030B\
\xc2\xd5b\xa1w\x99\x92\xd4\x0cu\xb2\xe4\x8aI\xafP\
\xcd\xce\x16\xa1Q\xd0^\xf2U\x1aU\x88F\xe4\x8aY\
jV]n\xaaO\xe6\x89\x8b\xa0K\x0aQ\xf6\x97s\
\x83O\xc5*\xa3Mi|\x8a\xa6\xe7\x0a]f#m\
b\x03\xab;\x95TIQ\xa3\xc1\x9f\xb2\x98\xa9\xc6\xc2\
\xa9B\x9e\xb2\xe2\xf2@\x7f?n\xc6\xf0\xd8\xa8\xa3\xdf\
3{\xe2\x1e\xf2\x22\x88\x11\xf4\xffH<<1?e\
pZ\xaa=t\xea\xaew\xc6<\xd7\x01\xd1z\xd4=\
\xc1\xbd\xbd\x16\xb8\x8dp\xe8\xf1\xee4\xf0\x13\xd0\x9bv\
\xbb\xa7R\xa6\xeb\x95\x89\xf8%\x14\x8a\xca\xec\x10\x9bK\
\xab7\xeb}~(\x1c}\x06\x13\x885$>\x18N\
F\xa3\xf5\xd7~\xe5\xcb\xf3\xf3\xc7\x0c:\x13\xae4\xb0\
 F\x15=\x81\xe5A\x07\xf1\x09\x0a\xc9\x1b\xc1\x89\xa2\
[\x15\xfa\x9d\x9b.\x09\x81Gz\xb6!t\xc8\xe8\xdd\
\xa2A\x1eGX\xb9s\xd6W\x946\x0b \xde\x19\x1f\
r\xc8\xf9`\xb1\xd8\x0b\x14\x87\xc8.\xbf#\xc4\x97\x0d\
\x97o\x10v\x96\xaec\x83\xe5g\x1e\xe5'\xf1d:\
\x1f\x9d\xfc\x07/\xca\x7frtp\xaf%\xb0\xe2\xb7\xf8\
\xa2\xfc\x11\xaf\xc2\x8f\x1d\xabB\xf0N\xe4\x82^\xe1+\
NB\x17S\x85\x88\xec\x19a\xd1&\xd3\xa2\xe7:\x05\
\xba\xf1}\xe8\x8d<p\xfe$\x1e2)\x5c\x104#\
\xe7\x15%]-\xe1F\xd0O\x8b\x00\xbfQ\x81Q#\
\x9cF9tp2dV\xa2\xa6\xd9\xab\xb1\xe0X\x17\
R\xc5l&\x11\x0aL\x0d\xf9\xab\xf9\x0c=\xaf\xf3\x05\
\x88x\xb4\xfc\x22Y\xa5\x16\xf7\x1f\x02j\x93B\x0cD\
\x88\xcaE\xfc\x16\x9c!\xa5\xc1\xac\x17\xd5\xc8'\xba\xa0\
VrX1\xbf\x06\xa0a \x1c\x949\xb2\xc8\x19\xc3\
N\xba]\x0e\x0a+\xf6\xf7v\x89\x9f0\xb5\x14Mq\
]\xe0\xe3t\xa2\xa9\x95\x0b\x5c\xa4\xc5l\x18\xf0{\x09\
\x0a\x91H\xba\xe9\xd1\xbb\x0bB\x15\xaa\xa1\x9f\xe6\xd9j\
\x0d\xdd\xfe\xe1\x80\xb3\xa6\x14\x8e\xd0A\xcd\xe5\xb4\x02\xe8\
\x1at\x1a/\xecH\xa3\x83I\x88\xf0Hm6;\xd5\
\x1c8Hl/\x91\x00{#\x88$\xca[<{\xb1\
\x1d\xa8j\x84\x98ug\xc9\xb9\x17\x96\x1d\xb5\xcd\xe9\xc7\
/\x15\xd1\xe7\x06;M<\xc8\xd7\x10\x14\xd0\xf0\x91\xa4\
\x0fZC\xdf\xdd*\xa5\x98\x98P\xcb\x853\xf1\x83d\
>^\xec@\x7fjJ%`\x81\x94\x8a%HJn\
:\x9a\xcdLA\x9eNe\xd3H\x07\x7fJce\xd7\
\x80\xbb\xd7\x85\xcb\xde\xb4:\xec\x00M\xc8\x0b\xc6\x01\xd7\
5\x1c\xd8W\xd2\x04\x0bm\xd1\x0bW\xac\x87\xa9\x90\xb4\
\x5c\x00\xcf5\x9b\xe1\x1e\x96\xe1\xbe\xaaTz\x9b\xcd\xdd\
\xa6A\x0e\xcc$\x81\xab\xf57n/]\xbb\xb107\
{\x0f}\xc6q\xa6_|\xe1e\x8b\xd9628\x02\
\xb8\x81\xf9&\x8b\x88\xe5\xc1\x06\x81\xab\x0a\xe5\x87|\x0f\
@5\xca\x82\xf6\xf7\xd5\x12\x95\x5c\x92\xe5\x93\xa9=\xe2\
\x7f\x8b>\x17\x91\x13\x01\xee8\x18\xb2\x1a|\xca\x17\x5c\
\x0c\xf9\x85\x08:\xd2\xf1\x0b\xc9\x14\xb8\x1a\xb9ECv\
d\x9ae\x94\xdf\xca/yHLnGw\xf0\x1d\x22\
\xc1\xf2\xcacB\x0bAu\x00\xa9I?kN\x0f2\
M2\x0f\x03\xce\xf7\xd8h.\x1b\xdb\xc1\xd5`)\xf1\
M\xd8\x80:Q\x7f\xb1L\xfe\x0fC+\xf3\x89\x09\x04\
\xfa\xb4\x90c\xc5=\xf2N< '\xaf\xab\xeb\xc1s\
'q\x9dq[1\xc4\xc87\x8e\x0d\xfb\x0b\xa5\xccJ\
1\xaaV\x9bNg %\x91j\xc3!\xc2m\xc5\x8e\
\xe0~\x12KwU\x0a#f\xb5\xcbj.%\xa3\xc9\
\xc3=\x8d\xf46\xc8\xd1\xc1\xc8l\xb5\x81\xc569V\
\xb4B\x04>d\xb9\x80\xcc\xf1\x5c\xdb-\x5cD\xfcm\
(A(|\xda6\xb7\x0a\x85\xb9\xb11\x87\xd1D\xaf\
\x1a\xc6\xdeR\x5c(\x01ww{|d\x98e\xf2y\
<\xdc8]\xf0\x90r2\xd5N\xbb\x19\x9ferl\
\x84\xc6\x94\xa4\x088\x8a\xc8=j\x8c\xeeGE\x9a\xfc\
U\x9a\xc9$\xdd\xe2\x0b\x90\xd5p>\xd3\x99\x0c4\x15\
\x81\x1aI\x027\xe0\xe9W\xcf\x9f\xb9\x87\xd0\x02\xf3\xbd\
\xb6\xb6\xc5oE\xeei[\x0c\x82\xde\x81\xd2\x08\xc0h\
\xa2\x09\xe7V\x00t.\x17\xa9a\xf9Q^\x841\x04\
\xaa\xdc1?\x89\xd5\x928\x84\x8d`\x93\xd9\x1dn\x90\
\x1fy\xa6\x91\x0e\xf65\xdaa\x13\xaa\x9a\x81vZ\xd9\
\x18\xbeB)S\x00\xa9\xaa\xe7iN\xac(d\x99\x85\
\x94\xf2z\x5c\xd4\xda\x82\xbc\x91\x18\xbd\xdb\xa2\xdb\xe3\xf7\
CP\xd9\xd9\xdeZ__5[\x81\x8d4\xdd\xadr\
\xa3\x05\xb0\xc3L\xfb\xb6\xc6b\xa1\x11C6\x9d\xc8'\
\xa3Zq\x87\xd8;\x92\x8c\x06\x14\x1a\xdfQ1\xc9}\
\xe0\xfe\xa9z\xa9{\xb6\x13D\x91b\xa0\xf8\x8d\x89\x8e\
d\x0a\xae\xdc\xb8\x89R\xeb\xf7\x0e\xd9\xcc\xce\x1bWn\
<\xfa\xf0c\xc8\xc1\x18\xc8Z\xb5\x06g\xf0\xdb\xdf\xfe\
\xd6\xf1\xe3\xc7\xd1\xa2X!\xb4\xa3H\x0f\x06\x11\x04\x88\
\x18\xa1\xab\x89\x18A\x0f\xe5\x99\x9c\x81\x0e\x86\xdb\x11:\
\xfc^\xd1\xd1\xb2:r\xe6EX\xe5\x03\xf9\xb9\xfb\xcd\
/\x1e\xe7\x0f\x90a\x89\x82\x84E\x8c\xdd\xe3\x1bL\x19\
k\xd8\x11kT\xad8\x05\xfc\x88\x17'\xce\x8b\xa8\x0f\
\xc9Y\xb3\xef\xbc6/\xdd\xb9\x18`>Q1\x1dN\
\xb8h\xf8\xbby.\xdeL\xf0\x04\x98\x90X\x222*\
\xa4f\x08,\xd9<5`<I\xb6*\x1a\x94\xab\xf9\
H\xb2\xcf\xdfw\x1c\x87\x92H\x00@\x826\x87\xf0\x05\
2\xb2\xb6b\x00\x00 \x00IDAT\xf1\x19A\x0f\
\x80f8\xfd:\x93\x85\x8c1\xe2\x83\xd7\x89\x80\x12\xfb\
c\x93a\xb5\xdb\xf1\x11\x8d\xdakW/g\xa2\x87\xf9\
x\x94\x0c\xf3\xf0\xf0\x10\xae\x16,d\x8d\xbe\xaf\x0eo\
\x13\xca&,<\x81d\xb8\x85\xb6Q\xaf)1\xca\xad\
V\xf2;L\xe3C>\x02\xa2\x0b\x17\xee\xd7\xe8\x8d\x18\
\x90:\xdd\xa9t\xa6X\xba\x88\xe9\xd1\xebp;i*\
\xa7\x80\xda\x91\xc9\xa4`\xcc#QV\x8b\xd1\xef\xf3\x8c\
\x8d\xf6\xa3\xb5\x88i\xc6\xc6F0\x8bD\x8d\x18>H\
\x8fH\xb3\x10\xd9\xbb\x88\x8d\xe8z\xce;\xf6\x00\x97\x82\
!\x92\x14\xc28LN\x0eMO\x0e\xe1\xd4\x17\x0b\xe5\
\xdd\x9d\x1dh\xb4\x98\x14_\xff\x00e\xc4&\xee\xab\x90\
\xbf\xab\xa7\xe1q\x01\xba RPYp\xc6\xd0\xd6x\
7\xe86T\x00.8.\x07\x0b\x88|\xb3\x15\xec\x0a\
\x1b\xc6R\x18\x0c\xc4\xc4@\x90m\xbc\x0b\xa6\xdf\xf0I\
Pa3k\x95\x8d\x0c\x9c\x0d\xb6\x8b\xeaZxf\xc0\
\x8708\xe0i1\xe7\x00\x11\xd4\x9a,\xe1t\x96\xbe\
\xab\x0a\x0d\x8e\xc3 \xe8\x0d\xa4Z\xc8\xa8 L\x85l\
\x12\xb8\x94\xb3C\x87\x10A\xd1HL\xd0.2\x9d\x84\
J\xc7{\x22\xcc\xd2\x12F\xa5\xd6[l\x00\xfe\x98Q\
\xac>\xb6F\xd1kD\xa6\xb1\x92\x14\xd72i\x89#\
\x88\x95.\xe4\x8b\xf3G\x8e~\xed\x8f\xbe\xf6\xd8\x85G\
\x0f\x03\x07\x0e\xb3\xf5\x95\x9f\xbet\xe1\x81\xfbI\xb6\xfc\
\xd1\x7f\xfb/\xc40l\x16\xccJ4%2-1>\
:\x00_Tp[Q\xa4\xf86H\xb6\xa0\xae\xdc-\
2\x8b/\x81\xc8\x88\x0cK\x18(2*q\xa0\x84\x1a\
H\xac(\xf0\xbbj\x9b\xd5\xc1\x05fr\xacp(h\
\xa4(C\xeaDE\xb0\x85\x22\xee\x22\xc4\x1d\x11\x97\x97\
D^\xef\x1a\x83\xbbt\xa0\xbb\xc7\x05L\x01\x1b\xd5\xa9\
'\x90\x18]l\x02\xef\x83\xdf\xc2ku\xce\x0bE@\
T\xd9\xe8i\x07^\xa3NT\x0bW\x98_\xd2\xf0\x11\
\xcf\x06 \x85%\x02\xe5Vx\xc8\xaew>\xbe\xf8\xb9\
\xcf\x88\x1d\x10\xfc\x18\x1a\x13\xd7-\xe4\x0d\xa9y\xab\x94\
\x03\xc1P\x9af\x8a&\xa3x\xe1` \x1a\xb5\xc3n\
\xa2\xf6\x08\xe6\x12\xfd\xfc\x09\xd8\xf0{&F\x86\x97\x16\
n\x8e\x8d\x0c\x1f\x04\x03\xf7\x9e>\xb9\xbb\xbf\xed\xf6\xd8\
H\xeb\x96\x0b\x99\xe9\xc91:!\x15r\x194v!\
\x97\x1a\xf0\xba\xa8{&/\x13O\xc7\x0dv\x0b\x99\x0f\
x<\xeb{\xbbp\x8e\x02\xd1(\xae\x00\xc6\xda\xa4\xd7\
\x04\x0f\x83\xa8a2\xde\xf8\xd9\x5c\x09\xd6\xc3\xcd\x88\xc7\
>u\x87X\x85\xb4Q{\xd8m\x06\x9f\xee\xea>\x08\
\x86\x0a\x85\x0a\xc6\x84%\x06\xf2C\xc7pC(T\xce\
\x83\xf8\x84\xed\xfa\xdc\xdc\x94\xdf\xc7t\xf1.\x1a9\x00\
n\xa0A \xf9\xcd\x1f=\xce\xae\x01n%\x12\x094\
\xb4\xec$\xb3\x0f\xf1X\x8d\x98\xf8\x16Q\xaedm\xbb\
\xbb0/\xac'\xdfs\xc2\x09\x8f\xe4ih\x19\x09x\
\x88\xe2p\xc7\xd9c\xf08&\x15\xd1\xa0\x81\xf3V\xc3\
\x913\xe0\x1d\x13\xc2\xd1\xe2\x03\x1b\x0fH\x89\x9d\x82c\
\xa3R\xf8\xbc\x1e\xe0)\xb6\x9f\x84\xf7\xe5\x85;'\x1f\
\xbc\x10\xca\x14.<\xfed*\x95\x8bR\xe4\x18\x8e\x1d\
\xb9\xe7Xh\x7f\xaf^.\xd35\x18\xd1@\x85\x91\x82\
g\xd2p.\x95\xa1\xb3\x16\xae\xab\xb0\xee5z\x8c4\
\x0d\xeb\x11\xe2B\x95\xc2\xf3:\xd1\x1f\xf0\x81\xd6\xe4\x84\
\xc5\x8b\x8d\x87U\x88\xcd\xfc\xeaW\xbf\x0a\xb6h7[\
\xd6n/\x9d\xb9\xf7\xb4\xcdd\xbe~\xe92I\x9d\xc9\
\xd1a\xaf\xd3\x11>\x0c:\xed0\xbb\x8cG\xe7\x8fh\
\xadVL\x1f\x91\x1e`\x87\xf4#\x86\xc8\xc1:J\x00\
\x88>\x95\xd4\x86\xc8\xa9\xd0>\xee\x22\xc7\xb2P\xfc'\
XHG\xd7\x22\x8b\xac\x12\xeb-\xcf\xec\xc4\x1d$\x01\
\xf0\x09X\x13V;\x12\x8d\x92'\xe7O\xe4\xb7\x1d\xb8\
\xe4\xae7\x22~ugyEjE\xf9\x8b\xff\x8d\x22\
\x17\x15\xce+s\xac9\x09h\x16\xbe\x11\x91\x16\x87\xb6\
c'\xe4R\xb86xg\xb9tVZO\x14)#\
\xec\xd6\xd9\x8cd\xb2\x1a\x90\xb9\xf0\x93Xk(nh\
3\xb2\xeb\x1d\xc1\xa6\x03\x9cfuu\x8d\x80\x0f\x8b\x8c\
gN\xae\x81\xe7\x81\x07\xa1\x90X\x05\xa87<f\xd0\
\xaai?\x17\x09\x87\xa0\xd8\x8b\xd0KA\xb5rs{\
\xe7\xf00\xb4\xbb\xb5\xe9u9\xf7\xf7\xb6\x0b\xa0%m\
\x1e\xa7\x04H\xf5\xf43O\xbb\x1d\x96\xb1Q/\xf1\x07\
\xc3\x1a\x115\xc2\xee\xd1\x81~3\xb45\xa4\x04o\xaf\
\xd5B\x82\xb7\xb76a\xcc\xf1\xfa\xea\x9e\x96\x96\xa8\x9a\
X\xaeVC*\xb8O\x16\x80\xebE\xc4\xd0\x22\xb80\
\x06\xbd>\x91\xc8\x01y\x90''\xcb\x03\xce\x02\x8b\xb5\
X\x06\xb6!\xf7\x0e\xd5\x0e\xd7\x83i\xeb\xe2\xc3\xb1\x8e\
\x12n\xf6v\x19\x8c\x9a\xb1Q\x0f\xa0\x98`\x07\xa2c\
\xba\xf7v\xf7GF'0^\xd1X*K~\x0ep\
\x06\xd0\xb1\xdd\xe4\xd8P~\xc1\xa9\x06\xbd\xc5\xcb\xe4\xc6\
\xd92A\x1a;j\x05U\xcd'J\x5c4\x8d\x18b\
\xba\xeb\x08\xba\xca\xb6\xb1\xd8\x08/Lj\xb3IO\xe0\
k4\xea\xa0w\x93\x0c`C\xb8\x05\xb0\x85\x8e\x83\xa7\
\xeaL\xd2\x81\x8c\xaa\x8f\xc4s\x89b\xd939]\xe6\
\xb64F\x02z8\xc5&\x93e?\x18:<8\xa4\
\xe3\xd9\xe6\xc66\x96gdr\xa6\x0d\xd1\xb4\xd9M\xdd\
=\x5ci&$Q\x90\xd3\xa5$\xda\xd6V\x9b\xbd$\
\xdatf\xbb\x91\x12\x18\x05S\x09\xfa\xa8,\x13h\xb7\
WA\xafI\x96a\x94\x18\xd9\xeb\xbds\xfdz9\x9d\
\xd9\xda\xd8<2;{\xe3\xca\x95\xef\x7f\xe7\xdb\xf33\
\xd3\xfe#\xf3\x7f\xf2\x9f\xfe\xe3\xf9\xb3\xa7\x09\xbb\xfa\x07\
\x06\xbe\xfd\xd7\x7f\x1d\x8dF\xa7\x8e\x1de7\x85\x13%\
d\x0f\xa4\x85\xbb\xc2g\x90\xdbd\xcdX\x7f\xc4\x18a\
\xe5\x1d\xc4\xa1\xc0\xf5eQD\x9e\xef\x0a\xb4D\x90\x22\
\xa3\x1d\x9f\x04u_!\xbdEZW\xa7\x85hI\xb7\
A!\x0e\x89\x82\x97?\xc1\xde\xca\x1f\xdf=\x0d\xac$\
b\xcb\xf7\xf2\x06\xc2\xbdF|%\xbf\x88r\x16Z\x88\
 \x1b\xc8\xb2<\x19\xe1\xe69\x94\xf4\x97+\x85lN\
\x9c\x10\xa0\x079\x07@\xc6\xb0wzA!y\xdd\xbb\
\x09<\x22 \x9c\x8e\x8f${f\xec\x08<!\xf2\xa8\
<\x19\x9a\x91\x9c\xff\x0eM\x94\xe2H\x97Q\xe34\xf6\
\xf9\x5c6\xe0\x11\x10\x1f8b\x94\x5c\xe0]\xb2\xa0<\
\xc9h\xb1\x0c\x0c\x0c\x1e\xec\xed\xc3H\xc6\xd7\x1f\x1f\x1f\
9qr\xfe\xb9\xe7>\x1d\x08l\x9e8u/&\x0e\
\xd2\x02~0\xdd!\xc9\xf5\x8c\x0c\xfa9\x1b@\xa4,\
T.]\xc8\xc5S\xc5d\xda\xae\xd1\xe8`{\xe7\x92\
k\x1f\xbcS\x8b\x06\xc6FG\x1bj\x1d><\x1dA\
\x11m\x89\x1b\x14=(lJ\xb6pP\x99K\x8a.\
\x07\xd4cU8\xb4\xf8\x81\xd8*\x96\x04\x15\x83\x11\x17\
Y\x144Q\xec')\x06\xa0\xb7~\x9f\x8b\xbd\xe1\xb2\
\x85g\xd8j\xe1\x87\xc03\x06\xab\x87\xa0\x1aO\xa6\xb5\
:\x12\x8d\xa0\x1f\xcc\x19R\x02x\xb3\xb8\xe5R\x11'\
\x1da\xc5}'^!\x1b\x89\x87\x22\xc2,\xb1\x0d\x00\
\xbcl3\xbb+\x1a\xa8\x8d\xb6\x16\xfcG\x96_2j\
\xc2\x10\xa7\xb0\x05\x90\x15\x9e7\x91\x19i'!\xc1b\
\xd7\x0a9\x18\xfad\x1a0\xce\x1b\x1b{\x90Ik\xbd\
jX\x82\x03\x93\xb3\xe0\xc8@{5\x9a\xc8\xd7\xea\x9b\
;\xbb\xf43 \xab=19\xf3\xc0C\x0fo\x06C\
 X\x0az\xa10>,O\x8a\x89\xd4\x9f\x86\xc6!\
J\x95\xc9bc\xc8\x98zaicim[o\xb6\
1\x00\x0f[\x03\xc2\x0d\xdc\xc9\x9d\x929\x85U\xbfy\
\xe7\x0e\xadf\x97o\xde\xbax\xe9\xfd\x1f\xfd\xe0\x07\xab\
\xb7oc\x8e\x17o\xdcx\xe7\xc5\x17\xe3\xd1\x08:\xe0\
\xe1\x87/\xfc\x97\xaf\xfe_\xdc\xef\x85G\x1e\xe1o\xe1\
\xda\xd2~\x0eu,\xb7\x887 tHac\x8b#\
\xc1'\xd2\xccm\xcb\xbd\x8b\xa4a\xa5\xb9k\x91\xe5\x8e\
yD\xa4E\xb6\xf9\x07e\x84X\x02|1H(\x9d\
\xc2\xc5\xda\xdc\xdc\x00\xb7\x15\xf7\x86\x13!.\x9cx\xe7\
\x1f\xbe\xd0]oDV\x97\xdf\x8a\x9c\xb2k\xe2\x17\x09\
P\x80\xd5\xe0\x8d:\xa6\xa3\xf3V\xb2\x87-`\x08\x8a\
\xae\x90\x7f\xec\xa5`\xf6R\xe4\x8f\x94\x97r\x89T:\
\x9a\x00\xd1LE#T~R\xcb\xfc\x91d[\xf5L\
j\xf5\x87C\xb0\xfb\xf6\x87\x87\x87q\x928j\xdc\x0f\
>\x88\xaaU\xa9\x15s\xc4\xfe\xc8:L|0HP\
\x05p\x12\xb3\xc5F\x1a,\xb0\xb7\xeb\xb0Y\x0b\xe9\xc4\
\xb3\xcf|\xc2\xa8\xeb\x0b\x04v~\xf4\xfc\xf7\x8e\xdds\
\xe4\x91\x0b\x17\xae^\xbf9\xe0\xf1\xd2 \x98<0H\
\x05\x12\xc7\xc5\x16\xf3\xb9t<v\xb0\xba\xad\xebR:\
u:\xbf\xc9p\xe3\xf5\x97^\xfa\xfbo\xdcz\xfd\xa5\
bp?\x7fxP\xefQ\xf5\xcf\x9f\x923.\xde\x9b\
\x04\xa0\xf8\xb2\xdc\x07\xa4\xca@ H[3\xb48\xf9\
#\xc1\x95\xd8\x04\xb0d\x08\xcf*\x9cEa\x80\x11\xfc\
\x89\x16@\x0d*\xbaI\xbb\xc3\x9f.\xf0\x07\xa5\x82\xcb\
n\x87\x1a\x05\xdaEk\x1e\xf6_\xa77\x11jBi\
\xc1\xa9$\xe0`\xc1\xc9\x8b\xba\x9cf)\xbd\xeeXI\
D\x9c\x17\x22\xf0\xa0\x82\x0bw\x1bu\x0er\x80\xf6E\
\x84Y\x13X\x95\x88\xbc\xa8\x95\x8e.\xe1J\x81\x16\xc0\
\xe2\xd9u\x14!\xdf\xb0\xfe\xc8\x0a\x06\xc4b4\x99)\
\x98#S\x0e\xb6Tl$b\xd4):\x8cvW\xaa\
T>z\xea>\x22\x18\xfaydb\x09\xcagxE\
\x8b\xdd\x0a\x1fkxtllj\xc2=5\x09\xd1\xc5\
50\xf2\xc2\x8b\xaf\xfe\xf9\x9f\xfd\x05\x88\xb4\xb2W\xf3\
\xb7\xdf\xfa\xc7\xd9\xf9\xe3f\xbb{c{\x1fDo`\
tlf\xfe\xa8\xd5\xe6\x00\x15\x10b+\xb3\x94$\xa8\
\xaa\x10]\xfd\xa7\xff\xed\x7f\xdf\xb8\xb3t\xf5\xbd\x8b\x99\
xrhd\x08/frt\xf4\xc8\xf4\xb4\xd3b5\
iu\xc0\xee\xcb\x0b\xb76\x96n\xf3\xbe\xe9d\xe6S\
\xbf\xfcE\xf6\x95\x22\x0c\x1d\xe82\xea\x01w\xae\x93\x91\
\xc1\x8f\xe26\x11Gt(\xca\x81\x85\xe9\xa8]\x94\xba\
\xa4*\x11:\x9e\xd0\xf9\xe0\x11\xd1\xee\xa2TE\xbd\x02\
)\xf6\x8a\xc05\x1a\xcb\xcbK\xc0M.\x97\x83%\x12\
\x0f\x87\xdfb\x04y*R\x8aS(\xa2,b\xcd\x8f\
\x22\xd3B]\xe7\x13--\x8f\xc8\xeb\xf3\x8e\x22\xfc\xf2\
\x1f\xce\x19\xa7\x91\xe2*\xd0lR2\x10\x91\xe9F\x0b\
2\xd0\xac\x94C{\xdb\xa8\xbaz\xa9\x02\xf5\x8c\xe1\x9a\
\xb80\xf0,\xbbO<\xf5\xef:\x07\xaf\xeb\xa9\xb3\x0f\
 \xb4\xc4a\x9c|\x93Ig\xb3\x83\xcaU\x8d\x16\x15\
\x135Hg\x10\xc7\x13\x80k;d|Rr|\x8f\
\x06\x84\x1f\x87\xbe\xe3b\xa0\xf1\x1a\xba\x1a?\xfc\xfb\xbf\
\xde[\xb9\xddM\x1f\xe9tz\x7fw\xf7w~\xe7w\
\x1ez\xf2\xf1\xe7_\xf8\xf1\xb3_\xf8b\xb6\xdd\x93\x22\
(\xd2\xdb\x0f\x0e\xa3k\x8b\x0b\xad|\xae\x12\x0c\x963\
x\xde]\xadbz\xcakt\xaa\x1b\xd7\xaf_\xcb\xb4\
Te\x95\xf5\x8b\xff\xfe?\xef\xc2\xd3\xech_\x229\
l\x22\xc2\x8d\xa2 \xc5\x83\x03G.U\xd6AT\x07\
\xb9\xf4\xbb\x9a\x94E#B\xc5\xca\x11M\x11E\x12\x98\
#d\xd2\xa2\x12\xfe\x0013P\x17\x8e_:\x9d\x80\
:\xc2Q\x00\xf1\xcd\x82\xf3\x15JP\x10Xl\xd4\x0f\
|%v\x88C\xcbi!\xb8Fa#&b{\x89\
\xde\xc4Y\x17\xb3'~\x0c\xba\x19\xda8\xe7\xa0)\xd0\
\x01\x11+\xcbO\x1eY\xde\x92\x88\x87g\xb3\xb92\xbd\
\x9awo\xb8\xfb\xc1\xb3\x9b^\x9dYQ\xacm^\xb9\
\xb5r\xedv#O^Z5\xd0?\x90\x97Nz\x1a\
\xc2B\x08\xfe\x08\xe4\xdbo\xbfaw\x99\x1c\x0e\xd3\xcc\
\xdc\xc4~(\xa0'\x7f\xa6l\x1e;1\xff\xe2\x8b/\
\xc5\xe3\xb9\xb9#\xc7\xe9\xfb3>96<\xea/\x14\
\xd3\xf4>\xe3\xae\x047\x95.\x1fHa\x93\xbc9\xb1\
2\x84\x0f.\x80\xd4\x0f5\xc5\xb4\xdc{\xe7\xb5W\xdf\
{\xe3Mj\xdc\xcb\x85\xa2\xd7\xef\xf2\xf5{\xb0\xe04\
.0\xe0\x9d'\x13\x91\xc0n\x9b\xe2\xdcj\xe9\x89\xcf\
|.Ph\xec%\xa2\xbe\xd9\xa9O\x7f\xe9\xd7\x0a\xe2\
m\x03\x0cHg]|\xb7\x8eS+\x91\xa2\xe8[\x8e\
\xbahPr5\x94\xea\x81\x1dc*?\xfcO4\xb6\
\x08\x11\xbfGNy\x06\xc88\xdf\x05\x03\x01\x87\xdd!\
\xab\xd2\xf9\xe8\xfc\x9a\x0a\x09\xc1IYKv\x8b\x7f\xb8\
\x05\xf9\xc3\x8e\xc6\x96\x9e\xc8r4D\xb0E\x7f\xf3\x96\
\xd8\x0ea^I\xea\x8f3\x80)\xad\x01\xf2\x17+D\
\xc7\xd4\x1b\x97\x92\xc9f\xa9Hh\x0e\xb7\x96nU\xe8\
9\xb8.0h W\xda\xed\xc6\x8ft\xf6\x853g\
q\x041;@\xb1\x90\x84(\x91\x22\xb9z\x18\x0c\xf2\
\xc6\x14\x17a\x99x\x0f\xdeN`\x87\x1e\xa9\xa0&O\
\x80\xbf.\xa4\xb0z\x03\xeb@\x10M\xe71\x0c\xf8\xe6\
\xdaZ:\x16\x83<q\xe7\xda\xf5p\x22u\xe1\xc2\xc3\
\x91hdk/\xe8\x1b\x18\xa52\x8b\xbfs[lC\
>\xaf}br\xf2\xc4\x19\xab\xd9\x99\x0d\xc6Z\x89\xfc\
\xc1\xfan<_i:\xfa\x9f\xf8\xcd\xdf\xad\xea\x8c\xe8\
Q,\x1a\xea\x83;\x14\xc6\xeb]5\x8c\x7fA\x15\xba\
(\x0a$\x187\x1a\x13\xc9\x9aK0\x87\x9c\xa3F\xc5\
\x9d\x85J'\x03\xd4{<n\x07\xe1\xe0\xf0\xb0\xcbb\
B^\xbb\xb9\x06\xd2D\x5c3\xf5\xf1\x90\xf1y}@\
\x1e\xa2\x0d\x16\x91|\x0b\x99)\x92P$\xff1\xcd\xe8\
c\xd2\xa5\xbc\xb8\x9e\xd6\x95\x92\x92\x10\xcf\x04\xb1\x16#\
-\x09\x7f\xde^$\x1c\xb8\x03_\x1e\xa8\x0a\x15C\x8d\
)\xa4D8Sz.\xa0Y\xd7s\x12\xb2\x05]\xb4\
\xe078z\x0a\xf5\xf2n(\xb9\x17,\xc6R\x0e\x83\
i\xcc7\xe0\xb2XGfG\x08\x81\xc6'G\x99\x0e\
\xdc\xadj\xcf\xccOF\xe3\xa1\x0f\xae\xbe\x1b\x8bG\x08\
\xb9\xa0l\x9c;\x7f\xf6;\xff\xf4\x9d\xa9\xa9\x19\xa8a\
F\xb3ubj\x8a\xad\xd5\x1b\x8d}h[\x83\x05\xca\
6\xbcSAu\xa5\x06\xb7\x97\x18\x81\x8c\xa8\xba\x9bY\
\x99U:yS9\xf6\xca\xcf~\xba\xb6\xba\x0c\xb6\x03\
P}\xfa\xfc\x19bJ\xbaV\xb8\xdc\x8c.RX\xad\
\xa8Oe&\x9b\xa7{|\xbd\xdducq\x09Q\xa6\
\x0a\x0d\xea\xec\xc4\x91Yj\x1d\xb8K\x0c=JR@\
|\x11\xbb\xbb\x81#\xff\xa2/\xc4C\x908\xaf\xb3\x06\
\x22\x9d\x1d\x07C\xbet\xd4\xaa\xa8\xdf\x8e\xa7\x81\x82@\
ac\x1a\xf9\x8d\xac\x16\x7f-\xcf\xeeh\x88\x8e\x10\xcb\
\xbeI\xd2SD\x0a%-\x9aYD\x995\xee\xc8?\
?\xe22\xb3\xbe\xbc!\xc2-\xbf\x15\x00\x11[\x84*\
\x12\xb5Z\xabF\x02\x07\xe9D\x0cy@\xdas\xa5\xa4\
V\xd8\xf0\xbcE\xcbf\xa1\x88\xb4'K!\xf9\x7f\x8f\
 ?\xf6\xa0\x84\x92\xc9T\x92=\x03\x9f\x179\xa87\
\x19\xe8\x16\x8d\xa6\xa0\x981^\x035&\xcd\x81P\x8f\
\x5c\x8d\xa2\xa7\x084J\xdfu\x22a(u\xa8D\xc6\
U\x15\xc4\x92>\xf1\xf8\xe3\xc1\xcd\xcd\xd4\xfe\xbe^\xd1\
\x13\xcd\x90\x90(Hh\x0b\xbb\x8a)*\xbd\x1a1%\
\xadf6\x16Y\xbbvkwi\xf9\xce\x8d\xab/\xbd\
\xfc\xcf_\xfa\xf5_\xd9\x0f\xef\x8d\xce\xcdz\x87GG\
F&\xa0&[\xc0\x95\xabe\x09\xd1\x94\xdd\xd4\x84s\
\x5c\x89\x09\xfa\xa4\xa3j\xd7\x98\xd8V0\xe9\x0e\xe6\xd0\
\xaa\xe3P\x88\x88K]\x155\xf2\x80\xbaZ\xa7\xc3\xe2\
t\x9a\xdd.\xf1\xa7\x84\xb4\xd3\xc6\xd1O\x88!k4\
\x9c.\x17\xa7\x97\xdbd\x88\x07\x1d\xce\x094(\xd3\xd5\
1/X\xa7\x86\xaa\x8a\x10#\xa6V\x93\xc1e7\xb0\
\xafD\x92L\x00c\xf5q\x89\x90{\xbc\x14\x96Q,\
\x05\x81<\xb0\xa6\xccA%A\xd0\xe4\xda\x90l\x12\x8f\
\xdco=\x99rP\xb3\x98NW\x02\xd1\xc6v\xaa\x12\
I\xe5\xa31B(\x93\xc5\xc8\xc2\xc2HH\xa5b?\
\x7f\xf3\xb5w/\xbd\xd6V4\xacnk\x9fI\xa3\xb7\
\x19\xbc\x83\x1e\xe8:8u\xbf\xfe\x95/%\xa2IJ\
\xd4\x16\x16o\xa2\xfb\x80\x09'\xa6\xe7\xfc\xc3\xc3\x16\x87\
\x9dIP\x90\x0bZ\xddL\x1c\xc6\x99\xc4\xa5%\xa7\xa6\
Ea30\xac\x8a\x15\x86\x94\x9b\x0d\x07w6\xdf{\
\xe3\xd5\xb7\xdex\xe5\xce\xe2-\x94/\xd4\xbc\xd9\xa3s\
\xf0\xd3\x07\x06\x07\x18\xdb\x80(\x1d?~\x82\xa6E\x0c\
\x8e\xf2\x0d\x0c\x81\xe1R\x0cOb\xf1\xc4\xb1\xa3\xf8\x0d\
\xb1\x5c\xfa\x9eS'\xf1\xa9!;\x08\x1d\x1eI\x14 \
HdR\xd4\xa7\xe8\xe4\x8e\x83|W9\x8bDv\xf4\
,\xdf\x88\xa9D\xf4x\xa6|t\xbc\x08Q\xe1\xc8\x09\
R\x04s\x90g\xf0\xf7\xf2D\xf9\x8f\xca\x5c\xf9\x03q\
\xdbq\xbf\xe4W|\x91\xdft^\x8e\xef\x09\x978R\
\x98\xc8NH\x8aXw<\x14,!\xc4_\xaa\xc1\xbb\
\xcb\xb5F>\x17X_\xefL\xa6\xe4DST\xdcP\
i\xa8\xf7#\xfch\x13\xa9fSQ#\xad\xd3\x8b\x85\
\x8f$\xfb\xd9O|\x1c7\x9f8\x85\xac\x01\xfe%3\
EE\x16\x1a\xadB\x9ef\x8b\x19\xcc0L\x12\xb6\x97\
K!\x82\xe4\x9c\xf1\x0d\xd7\x07& O\xea\xedM\x96\
J\x10\xc3\x0a\x14\xe7g2{+\xcbs\xc3\x03\xd8\xc4\
_\xff\x9d\xdf\xfb\xfa\xd7\xbe\x86\x88\x85\x82\xa1\xe1\xa1Q\
8\x90\x10\x96\x9cF\x06\x1aF\xa2\xb7o\xf4\x16\x93\xc9\
\x83\x0d\x8b\xbe\xfb\xf6\xe2\xc5B\x91\x8a\x8f\xeea\x7f\xff\
\xdf\xff\xf9\xd7\xb7vwC\xd9\xcc\xcc\xe48X8\x15\
Qe\xba\x0e\x90\xac\xb6[\xd4\xca\x9e\xb1a?\xab\x06\
EB|\x08\x8an\xc8\x02J1!.\xa0TZt\
\xca\x1e\xf0\x04\xda4\x0c$\xe7\x9cLP\xa7\x9b\xc0\x94\
I\xc9\x9eVG\xf2\x08\xc3\x22hZ\xbb\xa9U\xab\xf0\
\xfb\xb4\xc4\x11BFh\xe1wZ\xcd\x06\xee\x89 \x98\
d'\x15*\x04\x15$\xbf\x08\xc5\xe8i\x85jG\x99\
t\xc0TJ?0\xd3\xec\xb5\xd4+\x89\xce\xec\xec\x08\
\xce(\xb0\x19\xcd2\xda\xe4}\xa8\xda(\x96'\xbc\xc3\
\xf1`2\x94\x8c1!\x89A\x1cu\x08y&R\xb6\
]\xc1X\xb0\x7f\xd0w\xea\xc4<Q\xcf\xda\xce\xa6\xc6\
b\x1c8:\xbb\xbcr\xe7\x1b\xdf\xf8K\x06\xad\xfd\xc1\
\xef\xff{\x88\xff\xcf>\xfb,\xc1y\xa9Z\xec\x1f\x19\
\x1e\x1e\x1f'K\x94\xca\xa5\xe1r\x10C\xc2T\x22V\
\x11\x8aE\x0f\xfdU\xca\x1d\xf7\x80\x86\x0a=\x8b7\xaf\
\xbd\xf1\xdd\xbf\xbb\xfe\xfe\xbb\xb1\xe0A8\x10\x98\x1c\x1d\
\xe9\xf7z\xccV\x0b\xc9+\x5c\xf6\xf0\xe1\x01\xcd.(\
\xf3\xd9\xdd\xd9\x01\xbbD\x11\xe0q\x91'F\xe0\xf0\xb3\
\xc3\x81]\xab\xd36ydvaeibzZB\
D\x9c/\xc9\x99p\x8f\xb8\x11\x907Dn\x11\xd9\x8e\
\xd9\x121\xe7\xf7w\xa5\xf1\xae4w\xc4\xb9\xa3\xde\x11\
\x0aq.xJ\xe7i\x12}\xca\x98+\xf9{9\x0a\
\xfc!i\x17\x91l\xfe\xbes\x0cP\xd8\x9dC\x22:\
\x9c\x97\x14\xa8\xbb#\xdc(l^I\x0a\xe2\x918\xae\
\x86a\x0b\xc5D*\xb8\xb5\x1d\xdb\xdfK\x1e\x04\xb5\xa8\
\xb5.b-~\xddV\xa8\xdbZ\x03\xb3\x00\xb2\xa8\xd8\
\xad\x8d\x95\xbd\xed\x0dC\x9f:\xbc\xbf\x8fd\x9f\xbf{\
}\x8f\x9e953\xedTt\xf7\x81\xcd\x01\xd6`\x82\
\xc5\xdbh\xd32\x86\x86\xe2\x94i4(QI&\x93\
n\x94!\x05\xd9\xb0\xde\x0cB\xa4\xec\xdc\x03\x90\x04%\
\xc9]\x05\x9c\xf1ZE\xa7\xe8~\xe5\xf9\x1fL\x0f\xf6\
\x9f\xba\xe7\xe8\xe5\x1b\xcb\x02+\xa0\xa4SP\xc9\xf3\xff\
\xf4\x9d\xef\x02ZZt\xeal4l\xeckF\x83\x1b\
\xb9\xe8\x81\x06\xbet&\xc5,\x8fH,\xb1\x17\x0a\xd5\
\x15]\x99FM\xa13\xde3?'\xec\xa1f\xfd\xde\
S\xf3\x1e\x97\x09\x94\x07\x0dJ7\x8fB.W-\x97\
\xb8H\x04\x0b\x97\x97T9\x92\xcd\xd3\x80&\xd9'\xe0\
6\xd0\x09\x96\x0bJ1$Y\x8e\x22\xc4K\xec;\xcc\
\x08\xb6\x86\xc8\x86\xee\x9f(`q\xce\xcc\x06\x87\xd5\xa2\
\x11BA/\xc1;\x94\x1a>1\xb6\x18,\x18\xa1\xb8\
\xa7,4\xad\x89`M\xd03\xa0\xe3\x84 \xd6x\x1f\
P\x93\xc5\x83\x17\xf4\x1a\x0e\x89\xaa\x8ft\x10`\x22\xed\
\x13\x19G\xb9|\xed\x96Sg*%\xb2\x9b\xab\x9bZ\
\x8b\xad\xa5\xed=\xf1\xd0\x19\x93\xdf\xa1\xb1\xea\xddcC\
\xd8\x1c\xc8\xa8?\x7f\xfd5<\xcd\x0c9\x7fu\xdf\x0b\
\xaf\xbc\xba\xb8x\x1b\x1c\x16\xd4\xef\xb1\x87\x1e\x1d\xf0\xf9\
\xff\xc5g\x9f\xf5\x0f\xf8\x9c\x1e{\xffH\xbf\xc9AB\
@\xaa\xd6\xa9wF\x93\xe1l\xa1?qp!\xda\x11\
\xe6\xe0c#\xe4t\xe9\xa0\x82\xfd\xfb\xdf\xfd\xd6\x99\xf1\
\x81\x1f~\xe7\x9f\xc6\x86\x87\x8e\xce\xcd\xf9}^0\xd9\
\x9d\xdd]z\x81\x17K\xf8C\x05\xac_\x22\x16\x89\xc7\
\x0e\x09\xbb\xa0(X\xcd\xfa\x99\xc9\xd1f\xa3\x0a\xb3\x93\
#\x9e\x00\xc5(\xe6\xce^x\x88A\xc6\xb8\x04\xe2:\
H\x87\x19$\x91\x8de\xff~\xa1\xb0\x11n\xc9W\xf1\
8b'\xe1 \x1f<G>D|;\xf2/\xfft\
\x1e\xefH\xb8\xfc \xb1gG\xd0E+wz\xa5\x8a\
\xcd\xefX\x81_H<\x8b\xdb\x09NI\xa8I\x8b\x1c\
\xd1\xe8\x92\xf9\xe2P\xa1D\x9a\xd52]ns\xa1P\
pc\x8b\x1e\xfd0\x0a\xe8bk\xb5\x1ayJ[\xda\
@T\xc6'\x87\x9b\xcd<\xa5\xfb\xb7o\xde\x88\x1c\x06\
\x09\x94\xf76\xb7\x02;\xbbp\xfd\xce\xf1*\xbc\xf5\xa8\
\xc3\x5c.\xd6\xcf\x9c\xf1#0\xb5Z\x09h\x96wG\
\x1fgR)^_\x96\x90\x83N=\x12\xde\x1e\xfc\x02\
F\xb7\x08+\xa5I\xf2\x06\xba\x1eZ\x0d\xf3\xa2%b\
\xe3\x11Ew1\x11\xf5XL\xeb\xabk}z\x1b \
\xcd3O=y\xe1\xc1\xfb\x914\xd2\x16\x14\x95$C\
\xc1\xc8\xfe\xf6\x07W\xde\xc5m\xa3\xe74\x90\xfb\xbf\xfa\
\xf2oW\xba4\x09z\xb0X\xec\xa3\xc7N<\xf5\xec\
\xe7\xce\x9c;\xefr8}\x1e\xb7\x91\xac\x9dF\x15\x0d\
'\xa9\xfb\xe2\x13)\xa4;5\x803\xb2\x85\x22\xa6\xef\
\xa3\x89\xb1F\xe8Uj\x01\xf9\x07\xa3\xdc\xc9\xa5s*\
\x91<\x18\x82\x80 \x9a>**\xc4[F,q'\
\xf8\x9f\x93\xc01@\x82\xc1=I\x22\x92\x15\xea\xe0\xd7\
8\x99\xb0\x22\xb9\x15\x9e\x03\xdcO\xf6V\xb8\x9d\xfcL\
\xae\x0ai\xc6'\x81\x9e\xc5\xa9\xe0\xae9\xd0\x5c\x16\xbf\
\xe3\x95\xf1j@R\x19\x9cc\xec\xd5\xdc\xbcxe\xe5\
\xc6b.J\xb3\xdcL\xb1Q=z\xef\xb1d>\xb5\
\xba\xb1\x92I%V\xae\xddx\xe5G?\x81\xf1\xa7\xa8\
\xb5|\xfe\x01\x9a3\xcd\x1f?es{6\xb7w\x81\
\xe9-F\xf3\xe2\x8d[\x9fy\xe6\xd3\xf9|\xc65\xec\
-\x14S\xf6\xf1\x014\x16\xa0\xea\xdd\x0c\x14q\x1b\xd9\
L\xca\xbf`\x00\xf18\xe2B\x1c\xd2\xb1\xed\xf4\xc4\x22\
_\xdb{\xe5\xb5W~\xef\xdf\xfc\xcf\xd4/\x13\xd9s\
\x1a\x1f}\xec1\x0e\xcf\xdc=G\xe7\x8e\xce\xd3f\x83\
\xba}\xf0u\xaf\xd7i\xd4\xd3\xc5\xafP+g\xf54\
\xffW\xb4\xd2\xb1\x88\xddbN\x17\xb2_\xfew\xbf\x8f\
:\xe7\xc8\x02\xa6\x89BFub\x98\x88g\xee\xeaV\
\xb08\xcc\x9b\xc8\x09b\x8e\xd2\xeb\xc8-B#\x22*\
_\xf8G\xfe\xbd+\xde\xf2\xe3\x87\x8f\xf1xG=\x7f\
(\xdc\x02\xe7\xa1\x84y\x02\x12,\x0a\x9b\xcf\x8e\x0a\x97\
\xaf\x12\x80\xa3\xb6\xf1H\xc8J\xe1\xe3)d\xa4e\xab\
\x19\xdd\xdd\x09n\xee\xd0\xa4\x14eT*di\xc2\x0a\
AKk\xec\xa3\x89\x15\x09\x03\x92\xe3\x81\xdd\x8d\xd0A\
\xd0\x00\xd3\x80>\x01J\xd5\xde\xce\x1e\x94x$[t\
6\x170\xe3\xb5\x09\xd7\xd9\xee\x19\x1f5\xee\xec\xec\xfe\
\xe9\x9f\xfd\xd1\xe4\xc4\x08\xd1\x181\x80x^\xcc\x05\xad\
Vm\x16\x0b\x16\xcd\xed\xb4;\xad\xaaB\xaeH\xc2%\
\x9fN\xc1\xe1\xc5\xcb\xa4p\xd4\xd5\xa7\x0e,.d\x02\
{\xb3\xc3\xc3\x7f\xf1\xa7_\x7f\xe0\xc1\x87\xd6w\x02\x87\
\x07{\x90i\x09\x01\xd3\x89\x04x\xe2\xb5\xcb\x97a\x8e\
\x056W-:\x83\xd3*-\x86G\xe6\x8e\x9c\x7f\xe6\
\xb3\xc3\xe7\x1e\x99>\xff\xf8\xe9\x0bO\x8cO\xce\x93_\
A#\xd1\xca\x834\x8d\xe4\xc3\xf3\xc28\xa3\x94\x83\xc3\
\xcc\x92\xd0\xc8\x86= \xda\x03'A\xd0\xe9\xca\x84p\
sd\xd9hbY\x04\x9a\xa8\xc0l\xc6\xae\x00<\xd1\
\xa0]\xea\xca\xf1G\xc9\xbc\x08T\x85\xfa-\x15\xfaT\
\xbd^\xb7\x91\xe9-\x9d&\x9f\xe8\x1f\xda\xc5\x0bD\xd5\
\x09\xc9e\x870\xc2\x9d\xadAE\x22\xcf\xb8\x1cx;\
\xb2\x11\xd2Z\x073\x85D3\xee\x91\xc0\x9a\xda\xdbz\
\x95$\x04\x1d7h\x11\xf5\xe3\x7f\xfa^pk\xe7\xd3\
\x1f\x7fJ\xdd\xad<v\xf4h\xbe\x92\x83\x1d\x85\xcb\xcb\
b\xa7#1\xa8\xfe\x06F`\xf7\xeaH\x1b:\x06\x87\
 ,X\xec\xf6\xf9\x07\x1fB\xf9\xfc\xf4'?\xfe\xad\
\xaf|\xc5!\x1c\xff\x96\xc9\xc2\xbd\xf4\xe4\xaa\x19\x9d\xbe\
\x97q9\x14c\x82\x8d\x11\xabw\xa0\xe5\xa6\x82\x16\x18\
\xa4\xff\xc1SP'\xb8\xfe\x90Y\xa0j\xb5\xea\x0e\x87\
\x05\x95\xe1\xec\xef\x7f\xf8\xb9\xe7\xa0\xe8\xafmm\x9d\xb8\
\xef\xbe\xc1\xb1\xb1\xc9\xb3\xa7mv\xbbmj\x22~x\
\xd0\xef\xef\xa7T\xd4\xe3\xb63L\xd8\xe7\xb2\xae\xde\xbe\
I\xd4\xcb\x0eR\xf8l\xb0\xc1\xe0\xea\xb3\xf8<\xe0;\
\x9dz!\x5c-\x82\x08\xf46\xe0\x0fR\xdc!\xe8\xf5\
\xd0\xcf\x92\x96\x13\x15\x0c \xcb\xc2\x7f(U>\xee\x0a\
\x0f\xfb\xc2*\x898\xcb\xa7\xc8\xd3\xdd\xaf\xc8\x95Hv\
G\x94\xe5Ox\x1c\x0c\x95\x93#2\xfd\xa1[\xc2\x1f\
\xe3^\x09zK\xfd\x1a\x84'\x12\xc90U`\xf01\
;B:Dm.-Q\x0d\x8a f\xb2I\x95N\
Y\xef\xae\x99\x1c\x94rR\xbd\x987p@\xbb\xbb\xde\
z\xe3\xadP\xe0\x10\xff\x1c*A0p\x08\x18\xad3\
Z>\x92\xecO\x9c9Af\xe6\x83Ko_\xbcx\
\xf1o\xfe\xf6\xff\xb5\xdb\x8c7n\x5c\xb9y\xe3J<\
\x1e\x9a\x9d\x9d\x85Vm6\x19\x13\x898\x9a\xb1\x90\xcd\
\xe0\x1b\x8c\x0c8\xe8tH\xa7\xcf?\xfc\x0f\xffG9\
\x16\xbd\xf8\xc2\x0b\xef\xfc\xe0\x07=\xe9T#\x95\x5c[\
\x5c\x5c\xb8\xb5H\x81{\xa6\x88\x181\xfc[\xb1\xb5\xb6\
\x22\xb8r\xa1\xe8\xb4\xd9\x06\xdcN#\xba\x9a6M\xb1\
p\xb1\x94\xf9\x1f\xff\xed\xef\xe5\x95\xbd\xf1\x96\xa2N\x81\
`\xa3\x8b\xaa\x7f\x8aR\xa9C\xe0\x08g\x09v\xb2y\
\xbe\xb1\xdbL\xf8\xb4\xa0\x8d \x5c\x1cl\xe2?$\x9e\
t\x0f^\x13\x1a\x04\xe6\x00s\xc6\x18\x92@^\x95\xd4\
\x0d;\xce\x93a\xfc\xb1\x0d\xdc=\xa9\x1cN\x08G\x0b\
\x8bL\x93\x22\xfcs\xb3\xd1\x84\xc4\x13\xbe#\x1cl\x00\
\xc6\x00e\x84;\xdeYl\x82]1\x85\x88\x0c\x1a\x88\
'@\xbbe_\x90\xde\x8e\xe3\xd56S:\x01\x1f\x10\
C\x0e\xba\xdf\xaaaA\xd0\xd8\xb4P\xa7\xed\xf3\x8d\x8b\
\x17\x87=\xdea\xb7/\x9f`D\x98\xb1\xd6S[\x5c\
\xbcI\xa6\xbcR.a+F\x86F\xce\x9e9\x0f\xc9\
cbv~xzr`x\x98Wn\x15\xb2\x5c\x18\
\xee,\xed\xe6\xb9\xc7\x95\xd5E\xa7\xdbr\x10\xd9c\xff\
\x8c\x1e\x1b=\xca\x04\xeb\x12\xec\x07\xd2\x9dt\xceb\xf7\
\xe5V(\x87\x14d\x01\x13\x8e\xc6\xe1\x03\x9f\xa5oh\
f\x94\x16N\x98)\xa7\xcfG\x1f\xd7\xfdp\xd8\xect\
\xe0;\x08\xfa\xd3j9}~\xe6\xab\x0f\x8f\x0cy\xfc\
^\xf8>v\x8bqog\xb3\x90K\xb3\xd4h\x7f5\
u@:\x8dkp\x00h\x09+\x81\xda\x16\xfd\x89\xd4\
\xc2\x11G\x1cY\x88N\x0dk\x22\x16\xcf\xe7r\xa2b\
0w\xbc\xac\x88mG\x11 \xd6\x88/\xdfv\xe4\x99\
\xaf\x22\xe6\xfc\xea\xaeJF\x8e\xf9\x16OZ>\xa5\xbb\
\x01\x8f\x8bp\x8b4\xcb_\xdd}\xb2\x18\x04\xfcK\x8e\
)R\xcd\x81\xc2Z\x80c\xb6\xbb6\x16\x16)B\xd1\
\xa1S8\xc6je\xb1Y\xd2Yuf\xa79\x18\x0a\
\xe4\x91\x8fT\x8a2\x8d\xe8A\x8cZj\x1c+\xc4\xda\
b\xb5\xe1\xab-.\xaf}$\xd97_}1\x18\xd8\
]Y\xb9\xb5\xba\xba\x88\xc7\x91\xcd\xa7\x90\x1f\xba\xdd!\
\x1e\xa5b\xc3\xed\xf6\xbd\xfe\xea\xab \x94\xc3\x04\xda\xd8\
,H0]\xca\x83\xfd}\x0e\xfb\xf7\xfe\xee\xef\xba\x18\
A\xb7\xbf\x97\xdf\xdb\xa5\x15v6\x1c\xbd[\xb3~\xdf\
\x99scGfb\xe1\x03\xe01\xa7\xcd\x12\x8fE?\
\xf5\xc9Oml\xacz]\x8ed$T\xadsHj\
\x83v=%{\xc1\xb5-\xbfs\x80[\xb4\xbb\xcc\xb5\
v\x9eq\x18p\x16Ea\xab\xd40C\xd0\x00\x99\x0c\
\xadl\x00\x18KH\xb0\xe4Q\x95\xbd\xe9T\x8a+#\
u\xd2Y\xae\xce\x90\xa4\x16\x948\xba\xe3I\xbcH\x1c\
\xcb\xc6\xc0\xe3\x13p\x1a\x9c\x08\x0d\x8e1%\xe9L\x83\
\x1b\xb2E\xf8N\xd2e\x8ad\xaa4\xfa\xa1\xf6\x1b\xa5\
.q\x8e|\x88d\xf3\x95\x07%\xde\xe9V\xe0\xf0\x08\
\xa6%y\x19d]\x1c\x12\x5c\x14F\x9c\xf1R\x18K\
\x05\xe0j.C\xe3\x8c\x8d\xa5e\x1a\xff\xf8\x1dN\xe2\
\xf7\xe7\xbf\xfb\xdd\xad\xbd\xcd\x96I\xe9\x19\xf2M\x1f\x99\
\x99\x98\x9d>z\xf2\x84\xdd\xe7\xa3g\xccA*-=\
\x22zZ\xf4\x16L\xc4\xa3\xef\xbe\xfd&S(\xe3\xd1\
C\xa8\xbc@\xf6\x16\xbb\xd1\xe1\xb6\xd5[\x95B-\xaf\
5Jy\x01\xd9\x19$\x98+\x11d\x93\xcb\xc0\x0eK\
\xf6Y\xfa\xb9A8 \xdf\x8f, %\x08Y\xae\xa7\
Fi0\xe1\x1e\xe0\x035W\xeb\xdb\xdb\xfd##\xe8\
`\xf8\x8a\x0dE\x1f%\x08\xd2-\x08\x7f\xbdU\xd7\xf7\
\xa9\xf0\x8e\xfa\xbdn,`&\x99\x86\xe4\xd2\xab\xd7\x00\
\xc7\x8e\x9c<F\x07_qt\xe4\x14#\xd9\xc2\x80f\
\x09P\xcb\xac\x12?\xb1b$&\xd9\x14\xc0xVD\
\xc4\x13\xa1\x15\xe5\x8c\xfc\x8b\xd7\xc2N!\x9e\x9dGE\
\x9ae5;\xae\x08_\xc5\xb8\xc8'\x7f&\xf9\x17\x11\
k\xfe\x94\xff;O\xec\xbc\xb6\x5c;\xca\x8824\x0e\
\x1bg\x0a\x82G!\x1e\x07e\x80\xb3\x0b\xe7\x18&Y\
K\xd9R\x99\xd4\xb6~G\xa6\x90\x86\xc2\x80!\x0e\xec\
\xec\x1c\xec\x04\xb4J#\xc9\x81\x91\xe1\xd1\xf1\x89Iz\
\x5c\x85\xa2\xd1d\xae\xd0}\xfc)\x99S\xc3E\x9c\xd6\
\xc6\xf6\xf7\xf7\xc9cA\xefd\xdag,\x9d!#\x05\
Q\x12h\x9c\xe6\xb0p\xa3\xe0\x1d\xef\xee\xec{\xdc\x1e\
\x8e\xd4\xc0`?l}\xbc\x8b\x01\xaf\xe7'?\xf8\xde\
3O?M7\xff\xe5\xdbK\xaf\xbe\xfa\xea\x8f~\xf8\
\xfc\xe7\x9e{\x8e{\xa1\xa4\x85\xb0\x12j\xf6\x7f\xfd\x83\
?\x98\xb0\x99\x1b\x91\xa0\xaeQ\x91V\x8d\xd5\xa6\xc9\xee\
f\xee\x17X;@\x04@a[\xab\xaf\xe9\xadO\xfe\
\xeao\xb6m\xbeT\xbd\x8b\xee-]\x9d\x1e+\xf8\xe5\
\x80u\xf8\x09r\xd8Y\x14\x84O\xe8fR\xcd\xcaR\
\xe1'\xde]\x1a\xbe\x12yp\xe5\xb8\xdc\xc8\xa5\xe4\xe1\
h\xd4@\xd5X\x0d\xb9\x97\xa4)7\xc8J\x11\xfc\xb5\
{\x9bT\xd1\xe1sSR\x84d\x94\xc9\xc2\xf4\xf5\xd4\
\xf0&[t2o\x88\xfaRR\x14(Dm\x121\
`\xb7\xbc\x1a\x87B\xda9W\xca\xec\x22\x18\x1f2E\
\x89.k\x9d\x8e'\x14\x85Jz?\xa4\xa1wk(\
\x81\xcf\xe2\x1b\x18\xe8\xd1\xa9\xaf,\xdd\xf2B\xda\x98\x18\
4\xdbu\x8c\x80\xe1\x8a9\x1e@#\xdd\xd5\xf6\xde\xf2\
V\x22\x10\xd1\xd1\xea\xc2\xac\x1e\x1e\x1a\x22\xcf\xbf\xbb\xbd\
\x1dO\xc4(p\x8a&#\xfe\x91\xfeG\x9ex\xb4K\
\xdb\xdc=\xd8\x89G\x92$\xbbgf\x8e\x81:\xc3\xd1\
$h\x95\xf1\x86\xa4Z\x05\x98a\x05\xf0\x96\xd8y\xdc\
$\x91\xa7\x0e\xbeL Q\xe4Aj\xf3\xc9\xcdq\xe0\
\xc9\xcf\xe9\xd0\x0c\xd8\x83.E\x89\xb9\xd4\xe8\xbb*\xf1\
\x03I\xb5\x1a\xdd\xe1\x95\xad\x5c\xf9`\xa9\xb8sg\x7f\
y]\xabs\xe5\xeb\xd5\xc3B\xe1\xd3\xbf\xf1\xbbm\xb3\
\xa7\xa96A7\xa6N\x0b\xc1\xa3\x08\x14\xc9\x10mJ\
\xe2\x22\x95e\x12\x1bP\xb2\x86\xdeEt\x9e\xa8HB\
\x9aC\xce\x8e\x80\xde\x89\xec\x037H\xf9\xa3\xf0\x01Q\
\x13\x5c\x1cN\x8c\xb4H\x95\xf6\x7f\x8av\x8d\x16\xdd\x94\
\x14\x15Z\x15\x0aM\x8c\x92\xbc\xe5\x16x\x059\x0a\xdc\
\x9b\x82\x8c8\xd2.\x96S\x86\xdc\xd6\x19\xdfQ/\x15\
\xc2;[\xf0\x1c\xe9iK\xe9J\x9f\xcdTk\xa7\xed\
^Z\x86$\xd0\xfcL\xac\x8f\x1dDC\xfb\x87]\xf5\
\x86\xcf\xc1\x04d\x98]\xd6h$\xfe\xcd\xbf\xfa\xeb\xb9\
\xb9\xf94\x93/\xff\xbb\x9f}\xba_\xe3q:\xf7w\
v\xa1\xc4\xb3\xcd\xc4^\x5c.\x1e\x1e\xae)12t\
\x22z\xb8\xf7{\xbd\xa0\x1ct\xd6Z\x5c\xb8\x99M\xa7\
\xb0\xec\xd9T\x92\x84-\xe5\xa8\xe4f\xb3\xf9\xc2\xb7\xbf\
\xf3\x8ft\x89\xdd\xdd\xdf\xc7\x17\xa4\x994m\xdeY\xe4\
/>\xf7\xf9\x17\x7f\xf8}\x97\xcdX,$q}g\
O\x9d8q\xe1\xa1@:\xc9\x94\x94O\x7f\xfe\x0b\xf4\
\xd0\xce\x94*\x0f~\xec\x89k\x0b+TX\xa6\xb2E\
\x8c\xaeV\xa9\xc4\xa7\x07\xc7\x90\x0a<1cb\x95\xd1\
1\xd8`.J\xa8\x1al.\x9b\x86\xc0\xf7*\xa1\xaa\
\xda\xe5\xc3\xca\xd2\xe0:w\xcavD\xc9\xa1z\x08\xf9\
: \x86\x10\xc5\xf9F\xdcf\xe6\xc3\xb0\xe2\x10\x991\
\xba*\x9aOKC\xd1N6\x86\x84\x07\x95\x0b\xf4\xcc\
%\x83eF\xd9\xcbY\x02\x07d\xc6i>\x0f/\x0e\
\xff\x83b\xf1\xeer\x95\xcf\xcbo\xbc\xf9\xd6O\x7f\x96\
a\x0aI4t\xeb\xe6M\xfa\xfed\x0a\x03H\xc2\x95\
\x00\x00 \x00IDAT\x19\x95Q;2;z\xec\
\xf1\x07t\xc6>\xef\xf4 \x0e9\xb6\x02F%y#\
\x86Od\xa3\x89|<\xadW\xa8\x93\xcc-\xb1\x11\xe2\
kL\xde~\xea\x17\xfc\x030i+\x08\xdd\xcc\x91\x99\
\xb5\xf5U\xd7\x80\xc765\x19\xd9=\x18\x9f\x9c\xc1D\
\xe1g\x88\xf9f\x09H\x9fp\xb7\x00\xe8l>=z\
\x05\xa8\xffE\xee\x0c\x89\x07\x5c\x10\x05(\xc7\x1d7\x1b\
H\x0c\xba\x01\x99\x8b>\xfa\x04(\xf4F\x22}T\xbb\
\x84g\xe0,\x04\xbe\x1aU\xb9VH\x86w\xba+9\
\x9c\x8fV\x0d\x13\xabb\xd4,\xb0\xb0\xad\x7f\xa8K\xc9\
`N\x89\xb5\x81\xf6\xf1\x85\xa4\xd9\x0b\xc6\x8a\x17`\xd0\
\x0a\x9a\xa1WM\xb7.%`>\xb3>\xe80/\x8a\
\x9b}\x10\xf5\x8c<s\x09\xe2\xb7\x89\x1aB=\x8bC\
\xcd\xbf0\x22YH\x86Pm,-\x1elm\xe5b\
)\xa0\xc9D\xe80\x9fL\x94\xd3\xe9,3;\x0e\xc2\
\x95l\xde\xa0\x02%\xc6\xf1\x91\x99\x9c\x94\x91\xd2|\x91\
r\x97\x0c\xfd\x9e\xd3I\x1e\xd52\x07\xc2@\xeb\xd4*\
|\x0e0\x0bJz\x93\xa1\xf8\xc6\xf2\xfa\xe1^\xe0W\
\x7f\xeb\xb76\x16o\x05\xf6\xf6\xc2\xa1C\x8c\x0aN=\
\x8d\xd4\x0e\x03AQ\x05|`i\x96n.\xfc\xea\xaf\
\xfc\xea\xfe\xc66g\x9dr\x0f\xda\xdfr\xb9 \xda\xb8\
\xf4\xb4mQ\xa3\xf9hC\x91L\xba\xccf\x1cS\xf7\
\xec\x1c\x96\x09Ft\x22\x14e<\x0c\xc18\xf3Vl\
\xd4&i4\xbb\x1b[K\x0b\xb7_}\xf9g\x08\x04\
O\xe8\xf7\xd2\x9cD5\xec\xb0\xac\x05\xf7\xce\x1d\x9fK\
\xa6\x98I\xd1\x18t\x18\x1f\xfa\xb5_\xf5\xba\xbd\x95|\
^\x83\xa7\xb1\xbaa\xe9\x1f:\xe5\x9dH\x94\x1a6\xa3\
\x19\x07\xb9W\xa7)\xe62\x9d\x96y\x92\xe3\x15\xbd$\
\xeb&\x0a\x84\x8b\x85=\x80\xc2\xa0\xfd\x1f\x8f\x92\x0d\x85\
[\x8b\x93@T\x87L\x83c\xf0dYk*\x1e\x04\
\x94\xc4%\x96\xca\x83\xbb\x0b.\x5c?(%LS\xc7\
\xcbn\xd3W\x85;\xacj9\xb4\x85<\xaa\x9d\xcd@\
\xa0\xf1M\xe9S\x8c$\x81\x0b\xf1\x86\xe8zD\xb3\x00\
\xad\x94\xa6*\xd9|o\xbd\xb9x\xe9\xf2\xfa\xd5[\xf4\
l\xa5\xd9\xca\xe2\xea\x9dO|\xe2i\x984\x0f\xff\xcb\
O\xe2\xc8Ch\xe8R\x94\xed~k\x85XG\x06\x9e\
\xa3\xd2\xa8>e\xe0n\xa3\x9a+d\xa2\xb1)\xff\x98\
~@Y\xeb\xe9M\xe7\xe8\x03\x1b\xa2B)\x12<\xf4\
\x0f\x8e\xd4\xbb[++\xeb\x91x\xa8\xadQ:|\xee\
\x89\xa9#[{\xfb\xfe\xc1\xa1n\xf8\x0f\x88\x8f\xf8\xba\
\xa2\x1d\xf9D\xc6Z\xb4\x8c`!:\x12%>\x14\x9f\
\x1cx\x85\x0c3\xe3?\xd1\x9aM\xe6\xad5z\xe1\xfb\
P@/\xeb\xa0b\xabP\x0c\xa8\xd3*\x85\x05\xd0\xdf\
\x9d\xb6\xee\xa2?\x96\x0e\xa6\xf3\xa5!\xebx\xb2\x94\xa7\
2Lj\xaee\x8d;o\xc7\x9as+\x02\xe2K\x99\
:l\x0d\xf4(\xef\x89\x1f(\x8a\x81\xa2\xaa|\x81\xa3\
N\x8b\x06\xd9\x10\x04\x1f\x9d-\x01\xa2\x5c\x95\x90\xa9\xd1\
\xd5\xb2_<&\x99K&B\xed\xae\xadPb\xe25\
\x9b2\xf1\x1c\x92\xc3@ \x05\xa38s\x05\xde\x06\xbb\
H\xc6%\x9a+\xb4t\xec\x8f\x82\x9e\x8e:\x95\xd6i\
\xb5\xc6\xf7vA\x9c\x84\xe3\xc3\xf05\x80\x0fj\xc3U\
\x8aB.\xda\xac\x15\xf67\xf7J\xe9\xf2X\xff\xa0\xa9\
\xa7\xaf\x0b\x96D\xa3\x81\xef@\x88\xd5\xdf\xef+es\
\xd8\x81\x87\x1f8\xf7\x0b\x9d\xcd\xdb\xdb\xd3{\x98\x95O\
>\xf5\xd4\xcd\xabW)g\xc41\xa5f\x01\xccL&\
\xd6\xb4\xea\xe8\x81\x06~\x04\xe3-\xc4\xfa`W\x18\x11\
!\x0d\xdcq6\xcc\x1a=u\xa0x\x80\xe0\xc1Du\
\xe0\x0cd\xdd\xf8\x04\x98\x83\x1b\x1d\x8bDR\xc9x`\
o\xabR\xc9y\xfc\xae\xc7?\xf9\x94u```v\
\xb6\xac6\x15\xbbT\xa5F\xd7a<5<1mq\
x\xe9\x98\xa8\xd6\xe8\xd1H@\x1fDhH\xaa\xe8j\
\xf2|\xb2@\x1d\xf3\x85|#\x97\xbd\x0a#\xbd\xbe\x1c\
6nX\xb6\xb9%UO\x88;\x0a\xbes\x00\x84\xb1\
\xc4a\xe4{\xe2?^\x01\xc5+i5\xd1\x22,<\
\xfc\x10)\xceEH\xe8+\x22-$\x14\xed\xbe\x9e\xa6\
\x99\xfa.\x8a)\x84zE\xe7U\x0c6\xa4V\xd4\x1c\
\x0e=<U\xf0SR]\xb5D(\xcc\xc0(\xb0'\
\x03e\xea5`\xf7.\x93\xcbz\xfa\xc2\xfd\x93G\xe7\
\xc6O\xdeCc\x11Z\xc1\xd3k\x892\x1a\x5c\x01\x94\
\x870\x1a\xca%f\xfbA'kW\xea\xe9PT|\
\x92Z\xd3\xe3pQ\xef\xc9\x9d.\xad\xac\xa0A\x80,\
\xe8\x7f\xc0\xacWB$\x88l}:\x03\x1d\x93\xa9\xb8\
\xa1\xeb\xcd\xe0\xf8(\xba\x98$\x9chP$\x1b\x90\x11\
5\xca\xbe\xc9r\x884w\x14f\x87W+\xf9\x04\x91\
)\x8e#\xee\x08\xbe\x84\x0a\xc8<\x95\x84b\x89\x18\xa6\
\x0f#\x8c\xc9\x11\xfd\x89\x83AhF\x0dQ)WL\
F\x01\xf3\x07\xbd\x03\xe1\xcd]\x93\xd5\xa0\xa2$\xa2\xdd\
\xed\x9e\x9c\xa1.\x9c\xa2\x1a\xa2^<0\x86\x1d \xca\
\x88\x1eW!\x05\xabr\x84\xf0\xf3\xe1qi\x22\xbb\xbb\
\xa9h\x18\x82\x10\x22\xaf\xb5Y\xd1\x17\x00\xe0\xd2\xaa\x02\
\x7fN:\x83u\xc6\x16\xe1\xffsu\x8av&tP\
J%iEl\xd4\xd0^\xb0f\x12:\xa4\xdc\x8e\xf4\
\xe3!\xc3\xc5\xca\xf1\xfau\x9a\x7f\x16H\xa5T\xe9\x0c\
F\x17\x0d\x06\x83\x10JU+2\x09A\xaf\xb38\xac\
\xdc\x01c\xff\x8a\xb9\xc4\xc1\xf6N:\x92j3g6\
W\xc2\xe8\xc5\x02\x01\x92\x8el0\x22GU\xae\xddb\
\x85\x8c%\xf3I\xeez#\x9c\xb5I\x12\x93\xf1\xc4\xe7\
\xff\xc5/\xf15\xca\xbc\x96\x5c\x0et\x0c_\x84\xf7\xf6\
\xbb\x1c\xb4\x9c\xa9\x14\x8a\x0e\x8bug}C\xda\x0cS\
\xcfL\xaf7\xd8\xa7\xdc5\x01?]=\x0bE\xe9\xf9\
$fS<\x06d\x0bW\x97\xf1E\x08\xdf\xf0\xa0\xbf\
Q\xc9O\x8e\x0e\x8c\x8d\x0c\x5c\xbe|\xe9\xd8\xc9SJ\
r\xc2\x0aZ8\xc0\xfbG\x96,N\x97\x97\xd7P\x92\
\x13\xc1\x15\x96>q\x145\x22\xa0\xc2\x9bC\x83\x8a_\
![)\xb6\x8e\xbd\xd1\xea\x09\xe8\x95\xa8m44\x82\
\x0e\xde\x8d;A\x89\x97D\xd6\xd2+C$\x9b?\xb8\
\xdb\xbd\x13\x0fDb}\xf2\x93\xf2\xc7rHDR\xf9\
=\xa6Z\xdb\x87\xc7\xaeS\x12w\x13\xb9\xe4\xf6w\xb7\
\xb8T\x86RJ~\xb9O\x8d\xa7N\x0e\x08\x9e#B\
L\xb9(M\xf4v668$t\x07%\x843\xdb\
-\xde\xe1\xc1\x89#s#33x<\x9cf\x06`\
\x81\x87s\x95\x9cn\x8e\x1b\xd5\xb5 vR+@\xc6\
T\xd1\x9b\x8f\xa5\x9a\x0c\xe3\xe2\xc4Tj0%\xbb\x0d\
\xd6\x9f\xbc\xfc2\x93Gf\x8f\xcc\xca\x85\xc1\x19\x04\xd7\
\xcffG\x86\x86}\x83\x83\xb3\xc7O@\x13\x1f\x9c\x1a\
/\x95\x0b\x9c.V\x03e\xccy\x14\xef\x15\xe2\x17.\
\x17K\x83n\x15\x13\xc6M\xe1\x9d\x09.I\xce\x02\xa0\
\x86\xcf\xeel\xba\x1c\x8d\xb4s\xd9\x7f\xf8\xe67\xb3\x91\
p\xb3T\x88l\xec\xb8\xf5&\xc6+eRq\xfc\x88\
Z\xa9H\x13\x13\xea/*\x99t>|\xe02\xf7\x19\
G\xbdT\xdd\xb7)y\xf7\xfa\x99l\xcbX3\x1a]\
\x132\xe2\xa6\xa1\x1ax7l:G\x94\xd6<\xa8f\
5\xf5;:m5\x19G\x1cys\xe2\x19N\x8c\x0a\
t\x85uG\xac)\x0c\xa5\xdd\x1e\x0e\x0c\x07R\x02P\
N[{\xf9\xdae\x86\xcd\x80gq\x17\xb4v`\xe3\
D\xe9t\x03\xe8I\xc4\xdf\x91\x15Xn\xf0.\x10\xa4\
\x06\xc3\x8a\x8c\x88\x07\xbd\xeaJ%b\xe8\xfe\xd1!\xa5\
\x8e\x86\x01\xca|&\x1a:\xd8\xa6.\xf1p{\xcf\xa6\
3\xa7\xc3\xc9l<\x85\xb6\x0e\xec\xeeH~\x10\xb2\x9e\
F\x8b\xda\x06\xd2f\x9b\xac\x84\x88\x1fJv\x979\xb1\
\x81(S\x85\xfe\xf8\xa3\x8f\x86\x828\xe7!\xc05\xd4\
\x0eH>\xf4\xbdb*M\x9a\x10-\xceQ3\xebt\
\x10\xca\xa0\xeb\xd7\xf29:0\xd4\xca%\xd0\x19\xc9\xec\
w\x92\x82\x80\x06\x08'\x12\x8d\x18\xd1,\x1c\xba#\xa9\
\x0e\xda6\xdc{t\xf6\xd8\xf4\xc4\xe6\xca\x92\xcf\xe5\xbd\
|\xf1\x83x\xba6:<I<A\xe6\x05\x82\x01\x1d\
\xb5:\x05wM\xa3\x95\xb9>\xc2\x02\xe7\xcf\x05\x94\xa6\
\xf7\xae\x96\xfe\x94\x0d\x01\xbb\xb0\x8e\x9dF\x08R\xe2\x81\
w\xc2>\xb3T\x1d\xd6(\x9a\x99\xf5\xe7\x09@~|\
\x0f|\xc0\xf7\xe2\x84\x88\x0ct\x82{)\x9cC8\xf0\
A\xea**\x83\xd8`\xd6#\x9bL\xeco\xad\x5c\xbd\
\xf8\xce\x1b?%\x8by\xec\xc4I\xa8\x1a\x8c\xa5C\x17\
\x92\xfbA\xafT\xcb\x05\x1c2n\x0d\xac\x93\xa6\xed\x8c\
2#c\x89?m\xf2:\x09hh\x9f\xca\x81\x04\x8b\
\xc0\x1f%\xa2\x12\x17\x1e\x8c\x05\xbaNY\xc6Y\xc0\x1e\
\xa6C%\x7fK\x07ejd\xb8$\x92\x5c\x0c\x9e\x11\
6\x86\xd6r\xf3\xf6\x1d\x9dAW(\x15&\xa7'\xc8\
<\xf1\x09`\x07|\x89#-\x85\x98*E\x22z(\
\xa9\x13j=\xc94\x92\x19\x85\x8e\xd2ljtz^\
\x12\x9b\xc3\xe9\xe3H \xd8hS \xbaJ1\xa7R\
T\xd4\x0c\xe1mT\xbf\xf1\x7f\xfe\x87\x8b?}\xe1\xce\
\xfb\xef\x15\xc2\xa1\xf0\xe6\xfag?\xfe1E\xb1\xfa\xcd\
\xaf}\xed\x8d\x97_\xbc~\xe9b9\x9d\xdd\xb8u\xfb\
\xc6\xbb\xef\xcd\x0c\x0d\x13\xcd+\x9aE(\xeb\xbb[+\
\xa1T\xcc?9\xa5\xd4\x99\xbb\xd4\x06.\x11\xa9D!\
\x882\xc1\xce\xb5\x99\xef\x9an`|\xea\xb4X\x82f\
H\xafS\xb2~\x85\x0e.H\xca\xbd\x0b\x96\xbc\xc9j\
\xa1\xf3\x06+.k-\xa08v\x16\xf5&\xe5m\xd9\
H\xa0\xc28<\xfa\xa2@x\x10\xc7F\xa2\x7f\x01\x06\
:=x\xb9s\xbcz\xdc\x0cr\xab\x14\x80\x92\x1b!\
v,\x17H5@Wmk\xcczR\xact\x9f\x87\
\x80\xbd\xb5t\xeb\xf6\xf5\xcbc\x03\xbed0RH\xe6\
\x8b\xa9b\x95\xda\xdev\xcba\xb7\xd2\xd4\x00\x85B\xf4\
\xe5p8h\xc2\x0d\xc7\x09\x14\xec\x17~6\xde\x08\x02\
\xc13\x0e\xf6\xf7\xe8\xd8\xf2/?\xf7\xec\xbd\xa7\x8e\x7f\
\xef\x07\xdf\xf7:\xac\xb4ud\xac\xacKG%H\x1c\
\xdc\xccc6\xa39qSiN\x0aLKE8\xb2\
\x8e\x02\x15\x14\x8d\xf5\xc0\x9dk1T\x05\xf0\x01\x8b\xc4\
\x98\xaf*#0\x0c\x1d\x1e\x9d\x95\xce\xc4\xb4\x80Qv\
S1\xf9\xe8\xb9\xfb\x96#u\xe8Q\xb4i\xb3y\xdd\
\xa5NgD\xf2\x058\x82\xe0\x09\x8c/ad8\xef\
\xc5\xda@e\xc1*h!\x07H\x05\xb5\xc4\x8e\xb8\xbf\
\xf8\x9bl9\x86\x11]%\xfe\xa0\xc41\x5cT'\x88\
\xba\xfbM\xe7vxP\xb4\x1c\x87D\x94\xb4\x92\x0d`\
\xfe\x22z\x865\xcf\x94r$2\xad\x1ae(\x16\xde\
Z\xbc\xee\xef7\x1f\xee\xad\x81\xb6\xc9\xcc\x0dR\xeb\x92\
\x7f\xac\xe3\xe0\x0bKDML\x8f\x1d \xd4\xeb\xc7\x9e\
p\x8fTA3\x0a\x8dV\xb4J\xba~R\x89\xcb*\
\xd0\x92\x87nKd\xf2uz\x06\x0a\xb7\xe8\xd7\xae \
\x96\xad$`<\xab{o^\xb9B\x1e\xc7\xe3t\xf7\
\xe9\xf5\xd6A\x0f[\x1aJ&\xf5\xd4oz\x1c\x8c\xa3\
\xd2\x98\x98\x05\x95\x81\xd5$M\x15\xd9x\xbaR\xa1\x87\
\x9bE\x87A\x17\x0b\x05\x93\xd9\x0c\x5c\x0ev\x07`\x9e\
\xf0P\xf0\x10\x1aO\x12\xbda\xfc\xa5ScEjO\
Dc)\xbb\xf2\x89J4\xf6\x93o}[UH\xaa\
\x8a\x19\xb4\xd2\xc9\xb9iH\xb2\x7f\xff\x87\x7fH\x9b\x11\
\xab\xb2=\x0d\x9e58\xc0\x1a\xbe\xfe\xe6;\xa1P8\
\xbf\xbd\xbd\xb9u\xe77\xbe\xf2\xa9a\x1fC\x15t\x8d\
n\x15\x8e\x9ax\xd7\x9dq\xb2\x9csl\x01V\x13U\
*\xf9\x19(+0\xb6\xb1\x18\xa4\xdd1=t\x89k\
\xd7A\x141\x80l\x02\xda\xb7\x01\xc5\x80\xbeK\x1d@\
\x0f\xc1%\xbe\x22BQhT\x14\x80C\xc5A\x07\x1d\
\x1e\x1e\xda0\xafj\x8a\xfd(\xdd\xc4\xa1\x97\x04\x02\x11\
\x03e\xe0\x84\x0d8\xd7l\x0b.\x9ft5\x12\x0b\xd8\
\xa0\xe8\x84\x9c\x95\xdea\x87\xce\xcc\x19(\xa5\x12\xeaF\
m\xc8\xe9\xdc[^\xabeK\x91\x83\xb8\xc3\xe6\xb6\x1a\
\xcc\xf5f\xc5\xe7su\x87z(\xd8e\x95(\xb0\x22\
\x89\x85\xb6G\x02\xd1\xd9\xf7\xf36|\x8e\xf60r\xae\
{p\xc0O\xfa\x03\x89A\xf0I\xa8B\xfeDx\xfc\
V[\x0f\x05\x86\x08q\xbb+\x97\xc9HG\x82Z\x8d\
$;1%!\x93\xc4\x0f\xdc\x09\xeaPd[\xe4\x0f\
\x91\xc7\xfd%(\xc6\xdb\xc3\xbfs\x98M\xb3\x13#.\
\x9b~zj(\x97O\xb2\xf3\xf1\x5c\xe6\xb5\xf7?8\
\xff\xf0C\x14\xda\x11\xf5@\xd4@\xf3\xa0\xbd\xb1\xd6X\
^\x9c3\xde\x1a\x85\x8d/A\xde\x0b\xe1\x06t\xa3\x1f\
\x17\xd5G\xbc\xac\xb8\xceB4`\x01\x91m\xf19\xd1\
\xca\xb2\xbe\x1d\x7fE\x84\x9dK\xe2~D\xac\x11E4\
)\xfb\xc1\xe0PF\xb3An\xe5\xd2\xa5\xf5\xb2\x86l\
\x8d\x89\x11\xea\x95|p\xcfc\xd0x\x1czfR\xfa\
\x86F\xcc\x0e\x0f\xbd\xd7\xd1\xb6b\x85\xb9\x0c\xf8\x05\x9d\
RS\x9c\x13^\x96{\xc3t\x02\xe7\xcaIB\x0e \
s\xe3\xdc\x95\xf2\xf8\xf8\xf4\x1f\xa1\x0c\xb8\x98\xc9c<\
\xf0f\x04\xcbi6\xed\x94\xf4\xf4\xf5\x81\xfa\x8f\x8e\x8d\
\x01\xc1\xf8\x8e\xccT\xe9\x15o\xb7@\x98\xfd\x8bo\xfe\
\xa5\xd1\xa2\x1f\x18\xf2\xe9\xf4}0\x01\xd3\xf1h!\x93\
\xf1\xba=TP@D\xa7}\x0fm\xda\xb6iRx\
g\xe9\xc8\xa9SP\xd3t\x16\xab\xf4&\x86\xa8\x84\xe5\
\xe4Cx]\x0d03F\x5c\xd3[7\x1d<x\xfb\
\xaf\xbe\xb1\xfe\xc1\xe5\x06g\xa6\xbb\xdbC!H6\x0b\
X\xb4\xb5\xbd3\xe0\xf73exp\xd0s\xf2\xd8\x5c\
>\x19\xbf\xfc\xc6[=\xe5\xe6\xbdGO\xa0\x070a\
{\x07\x07\xcc\x01\xec\xd3;\xf5&8\xf2\xc3\xddZ[\
SI\xbe\x0f\xf5A_\xcc&\xa2\x8c\x8c\xd2&\x1b\xb8\
\x93\xa5ck`\x17\xf4p\xd4\x09\x11\xc1\x8e8\x82l\
C\xc7\x09\x01\x82\x22\x22A\xd17\xc9\x9eQ\xe9\xcco\
\xeb\xd5b4\x9c><\xc8\xc5\xa2\x98\x1eht\xa4\xf3\
\x1b\xd5\x06\xdb\x8ck(1h\x87\xe0\x8d\xb4\xc0\xba\xc4\
\x14\xb39hC\x94\x1a\x196\xd6Zg\xb3J\x03 \
(@(3 \xacDD\x91O'\xc2!x\xdf\xb9\
d\xce\xe3\xec\x87\xb3\x5c\xaea+\x8cq\xb0y\x00\xa6\
\xa1!,\x86\xd4\x10PpO\xaf9\x8b\xf5#\xc9\x1e\
SJ\xa7d\xf0;\xa4\x84\x1a\x16\xe6\x82\xfa\xfa}W\
\xaf]%\x18\xd2u\xc9\x88\x13\x8f\xc7Co\x06q\xfc\
h\x97\x08\xed\xbdV#M\x83\xef\x01\xae,\xe2%\xbe\
+\xb6_\x90~|m\xce>\x07Z\x8b\xcf\xd5\xd5\xe3\
\xb0Y\xe6\x8fL\xceL\x0d\x85\xc2\xbbv\xaf#\x9aK\
O\x9e\x98\xff\xb5\xff\xe5\x7f\xcd\xb1+\xbd=t\xea\xa7\
\x02\x8c\xf5\xc3\xf7\xc2\xe8\xa3V\xf1\x04\xc0\xf2\x12\xc98\
\xaf\xb9\x1f\xd8\xbbx\xe9\xa2\x99d\xba\xd9D\xa7]\xce\
\x1b\x1a\x97\xac[\xe7C\x22(I\xc4\xf1\xb6\xb2\xc2\xe8\
\x0e\x1c;\x81\xea\x10h\xa4\x99\x93&^I'\xd0b\
f\x1b\x97\x88\xd2\xc3\xe2' h\xf3\xd6\xecV\xa3\xb6\
s\xeb\xc6\xd6\xc2\xb5t\xfa\x10\xe4\xbe\x06!\xcf\xe9\xa3\
\xb8PZn\xe1UH\xcd+\xb1\x98 \x04rX\xa0\
\x00\x89-\xa2mR\x91\xa0\x02\xe7\x86\xb2v\xfa\x89\xd2\
\xd9\x1c\x06\x16$Qr'\xf4\x155\xda\xed\x18d\x0c\
\x08[H\x19\x0e\xfb\xfe\xa3\xef\x7f\xdf\xe9v\x1b\xa8t\
\xf5\xb9\x11&R\xb2&\x8d\x11\x83\xf4\xd6\xdbo\x9c8\
u\x14\x84\x11?\x92q\xdc\xe2\xfe1}\xb8\x0b\x0dW\
>X_[\xbbu\x0b\xe8s\xc8?hv\xb8\xa8(\
\xccWk\x14\xd1p\xefXiT\x1a`\x1c\xfa\x9d+\
\xa4\x0fL\xaf\xd9\xf0\x0f_\xffZ\xe4\xadw\x1f9u\
:\x1b\x8b!\x82\xe0<N\x8f\xc7\xe6t{\x87F\x0e\
#\xd1'\x9f\xfe\xb8\xcbce\xec\xd8\xfa\x9d;\xe3\xfe\
\x91\xd0\xcea,\x9a\xd8\xd8\xdf\x05\xddH\xe7J\xa1\x83\
\xcc\xf3?\xbe\xc4\x18\xc8\xb3O|\xba\xdeV\xd1\x04\x9a\
\xbb\xa7R\x85\x9c\x1e\xda\x12/Yx\xde\x18\x14\x8e,\
\xea\x82&z\x04\xeb\xed:\x8f\xa1\x17\xf1\x8bP\x14@\
\x83h\x17\x22\xc7:skc\xf1R6O\xabI\x10\
\xbd\x83\xad\xcdR:e7\x18\xe0\xddj{\xd5\xd5\x22\
s @\x0dQ\x5c \x8a\xf8 T\xc8\xa3A\x107\
\xaaX8Au\x00e\xde\x90+\x91Qe\xe4\xc0\xed\
6\xf1\xfd@Li*W\xc89\xd5\xca\xbd\xcdM8\
\x1a\x16\x83\x95\xc6\xf9\x14\x1c\x81,\x03!:\x99v\x9b\
/\x06\x0fC\xcc\x89a\xd5i\xd8\x09\x05\x0eu\x86/\
\xd5Qql\x86ZKsY\x9d\x812\xe0\x02\x94G\
4\xb1\xcfF7f\x15\xcd\x9b\xbd\x0eS2\x12\xa1\xbd\
9|\x1a\xd4'\xc7\xb3\x5c,S\xa1\x9d\xcd\xe7\xe1r\
\x93@\x165VGh\x8c$\xd0\x05\xdcg\xae\x85\xbc\
.\xa5\x97=\xcc\x9bp\x99\xbaU=\xe5\x81\x11\xdf\xe6\
n\x99\x08B\xeb\x1d\xb8\xbe\xbe=r\x22\x0d\xad\x0a\xd3\
\xca\x9f\xa3\xdci\xff\x02\xc6\xd7\xd7\xdb\x97I\xe6\x12\xb9\
4\x01\x19\xfe\xfd\xc2\xd5\xcb\x98\xb9\x93\xb3\x13\xc9P\x00\
O\xdd\xd3\xef'Ro0`\x0eo\x18H[lE\
\xa7o\x93x\x0b\x1cx\x10\x04\xce,\xe1\x94\xd4\xda \
\x9a`&\xc05\x22\xe2\xecA>\xcb\x90\x91\xd0\xdeN\
6\x9bt\x0f\x0cP)\xdc\x9d\xafP$\x7f\xcf\x89\xf9\
\xe4\xe1\xda\xd4\xd4\xd0\xf2\xc6\xf6\x80\xcfa\xd2\xf7\x16\xab\
\x85Z\x17\xe3\x07\xd0\xcaJFH\x10\xe4\xe0\x9f\xd3U\
\x8e\x97'\xc4\x04\xa3\xe8t!\x81*\xd2P\xd1\x12\x80\
3\x84%\x90\xa3\x84\xf3\xa5\xfc\xc9\xf7\x7f\xf0\xdaK?\
;w\xfa\xf4\x17\x7f\xef\xdf\xb4\xfb\xda0\xc8\xc0:\x9e\
\xfa\xd8\xc7\x18\xe4\xe7\xb0\xba\x9a\xbc\xa3FO\xc5N2\
\xd7\x1e\x9d\x99\xf9\xbc\xd7\xd8Mg\x11ZLV\x0a4\
\xb1\xc0\xb0_\xbbri\xc2c\xda_[\xec\xf4\x1f\xac\
'5\x9a#g\xb1\xa8\xed\xccA\xe0\xf6\xdaJ\xadX\
\x8c\x06\x0e\xbe\xf0;\xbfM\xdd\x13\xb1Z\x19\xaa<\xb4\
0\x9d\xb1\xb6\xbaf\x8b\xa7\xdc^G&\x1d\x1d\x9d\x1e\
\x05Q\x92Nsv\x1b\xbbc0\x9a\xe6='i\xba\
F\x14K3Arp\xf4\x8cU\xe8\xb06\x95~\x97\
\xfb\xb1O}\x82)\x97\xf7\x9c\xba\x0f2\xc4\xf5[\x0b\
x8,*Q\x022\x8dz`\xa0\x09\x89\x16\xc4\x0c\
\x95)\xd3Nem\x19\xffK\xe3\x141\x868y\xe2\
.\x22\xd6`\xe1\xb8\xe5\xf2\x18\xf1\x1fs\x1d\x9aD\xf8\
-j\xca\x0bY\x0b\xe4`:&\xa9\xa8>\xa6\x92\xab\
\x044\xcc\x8e\xa1\xffH4\xa2\x87x\x05\x9d\x81\xd3j\
\x88'\xe3\xa0\x01Xi\x85\x9e\xf9rhb\xba\xed)\
Z4~\xeb\xcai\xe8/H\x97\xaf\x1c\x95\xa9\xf5\x95\
\xcd\x8d\x1a\x13K\x9c\x98\x17s)G\x11`\xc6\xef\x18\
\xa6\xcf5\xfd\x83\x1a%Z\xf7\xf7\xf6\x0f\xd1H,C\
\x15\x05O\x06n\xfa\x88\x9f=M\x1f\x18BK\xe4\xbd\
V\x81\xd7\xa7\x91\xc6e}\x07\x81\xfd#G\xe6\xb7\x97\
\x16\xe7g&\xd1\x8d{\x81\x00\xcd$!y\x93\xd2\xc3\
\x0e\x03\x07\xe1\x87\xe85*3\xc1\x91\x8e\xbeRD\xbf\
\xddF\xda1\xa1\xe6\x01Q\xbbZ>\xab\xf1\xf3\x9f}\
\x86d\x00\xb7\x08\x01uie\xdd\xe3\x1f\xa6\x93\xdes\
\xcf\xfd\x8a$\xbaD\xcdI\x90\x82\xf7\x82n\x93J\x98\
v\xf7\x95K\x97)\x0eH&cez*\x13\xed\xb5\
\x9b\xe9X\x94\x0e\x02\xd4\xf8\xa0\x08\xe9\x18\xcf\xc0+n\
\x03\xe5\xc1\x8a#\xbf\xbc\x02\xcb\x81z\xc6\xfes\x9f\xf8\
\x10,\x19.)/\x8c\x11gG0\x05\x80\x92\xe9X\
\x1c8\x99\xf2x\x8a\x0c\xe8\xdd\x9a\xa7\x8do\xa3n\xd1\
kh-\x1f:\xdc\x1f\x1d\x1d\x0e\xc7b\xe04\xc9|\
\xc1\xe4\xf0\xd0\xe3\x9b\xc4\x18\xf2\x8a\xca\x05\xfe\x11sH\
@%\x86\x01\xa5y\xd7\x97dK\x05\xe9\xa5\xeb\x19f\
\x02G\x9e\xaf\x5c\x1ea\x96U\xd3\x97\x0c\x04\xee|\xf0\
\xfe\xd1\xb3\xa7\xb0\xb0\xc4\xd2\xb1\x9d\xc0\xc6\xca\xc6\xd6\xd6\
\x0e\xe3\xb4\xb5\x06\x13\xf9\xaco|\xf3\xfb\xc5Z\xe9\xe9\
O}\x1c\x9bL\xde\x9f\x17\x05\x85\xe5\x14\x8d\x0c\xf8\xc3\
\xcb\xcb\xb1\xcd\x8d\xf8A\x80\xd2\x18\xb7\xd7cq\xb8\x90\
\xacJ\xa1\x10\xdf\xdf\xed*\x14}6\x9b\xa3\xdf\xa5\xb1\
\x98a\xa3\xe8\x8dV\x1a[b:w\xde{\xb7gg\
\xd7\xed\xb2T\xe9rh\xb7\xdaG\x87\xba\xf1\xb5\xfc^\
\xbd\xcb\xae2\xe9\xd1\x11\x5cC\x8a\x02\xd8d\xdaa\xb3\
\xfb\xfb}\x0c\xb9\x1f\x99\x18>\xf7\xc09\x12C\xc3\xa3\
\xa3\xb7n/\x91y\xb8r\xe5*W;66*\x8e\
\xb3F\x93\xa2\x9b+\xc8\x85\x8cN\x96\xd8B\x80\x18\x19\
2E(\x01\xa3\x96\xd8Z*\x0bx\x94\xa0\x1c\x7f\x1c\
o^\xca\x99\xa4\x83\x02q\xbc\xa8`r\xf8\x90aI\
\x16\xa1\x08\xb8;J\xbcX\x1f\xe4\xa9W\xd3\x07\xa8*\
\x05\x95\xach\x9f\xaa\x04\xf8\xc0\x983\xfe\x8a\x15\xe6\xd9\
\x063G\xc8\xea0\x93\xea2X\xb5\xb4\xc5\xab\xd3\xab\
%\x9bA0\xea\xe9$%\xc8\xcc\xeb\x01\x0c\xc6}\xc5\
_'\x12\xa5\x17\x8d\xd4\xe3\xd6\x9a4\x8d\xc5\xa1\x8d\xa5\
\xe2z0o\xdc\x14\x22o,\xcc\x8755\xdd_\xbe\
p\xe4\xf1G\x1e^\xb8~m\x8cyr\xfe\xfe;K\
\xb7\x9dn\x17\x08\x05:;\x13\x8b\x1c\xbb\xe7\xe8\xd2\xea\
*I7\xbb\xc5\xd6\xac\xd5\xcb\xf9\x02\xe4}t#!\
?r\x09i\x93\x9e&dP\xe8\xedN\xa9\x00\xec6\
p/3\x9c;rU*\xe8x9\xd2\xc8c\xa3c\
\xb1H\x82\xc6 \xe7\xce>`6;\xe9=(\xd2#\
\x1f\x92\xac\xc261\xbf\xf5\xd6\xf5\x9b\xa0BD\xc7f\
\xb56\x1f\x07\x01\x15Y\xa1\x9e\x18Z\x0a\xf3\xb5\x12\xa9\
\x14P8\x9a\x98F\xe2\x18/q\xc0T*9\xee\xe2\
\xf2`\x13\x99#\x88\xa3/\x8e\x00\xfc\x99z\xb5\xb1\xb5\
\xb9\x19\x09G\x82{\x01X\x81@\xc5\xc0&\x5c*\xb4\
?\xbb\xc3!\xe3\xd69\x0c\xad\xc6\xcd\xab\x97\x0a\x99d\
>C\x83\xe9\x1c>\xec\xfc\xc9\xd3\xbd:s\x85\x0a*\
\xf6\x97\xbaMa\xd4\xb1\xb5d'\xa1[\xa1\xbd\x89o\
I\xbc\xe1\xd6\x8b\x87\x02p%\xbe\x0ek\xc9\x11\x87\xb1\
\xad\xd3A\x05c6\xee\xe6\xea*\xda\x91\x0e-\x95T\
\xd6\xd8V\x12\xd3o\xaemLNM_\xbfukv\
\xfeH<\x99:\x08\x15\x00m\x09\xc4\x8e\xcc\xcd\xecl\
m\xd2\x0c\x04\xb2;\x91\x0c=S#\xdb\x1b\x91\x83\xdd\
d*f\xb1\x98\xe2\xc9\xa4\xd5\xee\xee\x1f\x1e\xa5\x19\x19\
Y\xf1d\x14\xb6B\xcf\xd8\xa9\xe3\x04Z\x14Pb|\
)!Q\xd6\x0a\xdf\xfao\xff\xf9\x98\xcf\x0d\x1cN~\
\x19\x0ed\xaf\xdd\xea9y\x1c*\xba\xd6\xee`L\x87\
\xdel\xa5\x81\x12\xd8\x01h=\x0ed:\x1cex\x97\
\xcb\xee\xb8~\xf9\xca\xfe\xce\xce\xc2\xe5\xeb\xbbw\xd6W\
o,\xe2\xa2\xdeY\xb8M\xcc6:5It\xa2\xb5\
\x98\x08\x94q\x04\xf0\x04(6\xa1|\x80\xad\xc2\x03a\
\xc7\xd94\xf4b*\x95\xc4U\xe8\xa3\xcb\x0a\xcd\x889\
\x9d\x84\x8fD\x94\xec\x04s\xb8\xc9M\xc2?\xbb;\xd4\
\x86&b\x82rP\xf8\xd9\xc7d\x13\xe2q6\x88)\
\x22\x84\x8a$\xcbT\x1a- \x95\xd9nc\xa0\x0fe\
Y\x04\x8b4$\x84\xad\xc4\x9c\xb3x\x22\x5c\x84\x89\x9f\
NZ4\x9al8\xbc\xbd\xb2\xb4\xbb\xbdq\x10>\x1c\
\x19\x1b92;\xc3\xacC\x89\xdb\x85H\xd0x\xef\xe2\
\xa5\xc5[K\x95z\xedc\x1f\x7f\x8c\xf0\x96`L\x8e\
!9\x9f\x0f%\xbb\xcb\x12_\xbdz\xe9\xa2\xc4\x0a\xd0\
\xf9\x8d\xfa\xf3\x0f\xdeO\xc6\xfc\xe4\xe93\xc1ph\xf9\
\xceB:\x9d\xc6\xcb\x02\xd5\xa2g\x13\xa6\x97\x14\x06\xbc\
(\x87\xc5L\xce\x0f\xcb\x82\xf7\x09\xa1B\xdb+\xb3\x0c\
\xfdn'\xcd\xfe=\x0e\x00s&!To-\xdf\xe9\
\xd1Jkd\xad\xcd\xf6\xb1g\x9e\xd1Z\xed\xb3g\xce\
\x81}\xd1\x19P\xdc6@:\xa4\x03\xd1\xec\xea\x02\xaf\
\x19\x19\x1a\x06puYm\xb4<\x92\xe6\x0f\xe5\x0a\xd4\
k\xd6S\x82D\xf1/Z\x1e\x8f+\x14\x0c.\xde\xba\
\x89\x05\x88\xc5b<\xe8\xb0\xdb \x88\xd0\x9d\x8c\xa3\x8c\
\x90\x11\xb4C\x09$\xfeF\x08\x89i\x07\xbc\xfd\x18\x22\
</y\x0b\xa9\x96\xa0x\x99\x99\xca=\x80\xb2\x04\x85\
$gF\x07|\x05r\xb8\x91CD\x19\xcce\xee\xde\
3\xb4>f\x84\x96\xe0\xb0\xad\x1a\x89\x17p\x1f\xea\xd6\
8\xae\xd4:\x00\x98\xa3\xd1:\x9e\xbd\xe8\x1d\x09/$\
l\xe5Tbw\xba\xb0-\xa0\x9f\xf4\xde\xe2\xc8\xf1\x10\
\x84\x1e\xb7\xc5\xd1Ui\xbc\xfd\xc6\x9b\x0f=\xf0\x90\xd0\
e\xba\xba\xa6\xef\xbb\x0f[\xa13\xf6\xaf\xadnD\x0e\
\x0f\x01\x08N\x9d8NR\x07\x89)\xa5R\x85Tz\
o\xf9\x8e\x19\x1bh\xd2\xf7\xf7{l\x0e\x88\x0b\x0e\xab\
o`\x7fum\x13\xc6\x95V\xf7\xc0\x93\x9f\xe8q9\
\xee\xdc\xbaUH\xe7\x5cN\x07\xbc\xf9\x06\xc4\xc2\xb5\xdb\
\xf5\xf0\x01gUc\xb5\xf4XL\xb4\xd2\xd2\xf9}\x15\
\xa5\x02\xa0\xb4I\xbc\xa25\x90\x1d\x00\xc5\x80\x19\x89K\
I\x05+\xd8Z\xe4 \x80\xee#\xfa\x9f\x19\x19\xb7j\
\x8c\xf7L\xcf\xae,\xde\xa6\xb5\xc6\xea\xfa:\x04\xc3\x99\
\xe3G3e\xe1\xa5QwA2\x85}j\xd2\xb7-\
\x18*2\x80\xbeT\x10T\xa4\xb7\x9b\xec\x09\x9d \x80\
\xb1{MF%\xf5\x8et\x0c\xeb\x1ct|A\xe1\xdb\
t\x88\x09\x04\x9f`hd\xe3\x152\x0eU\xd7\xdd\xd7\
\x07\x07\x17\x8f\x87\x94\xb5\x80MLj\xa0o:\x98\xae\
A\xa7\x82\xd2\xc0\x00r#\xdd\xbd\xb58 \x95BZ\
K\x81A\x1b\xef\x5c\x99\x0e\x85\x96\xaf_\x87-\x8c\xd5\
$V\x1b\x1c\x1a\x8c\x84B(V\x00\x14\xab\xcd\xb6\x1b\
\x08\xe0ca\xefQp\xb4\xc8;v\xec\x9el>\xd7\
g\xd4\xd1\xf6\xfe#\xc9~\xc4\xdfw\xff\xd9\xb3B\xed\
\xc7)-\xe4o\xdd\xb9}\xf5\xe6\xad\x81\x91\xd1\xd1\xc9\
\x89\xf5\xed\x0d\xab\xcbq\xf6\xdc\xf9T2\x89J,\xd5\
J\xf4>\x03\xb4\x06\x0fA\xde0R\xf80\x0a@_\
\xe0#lU/Y\x12\xb4\xa9\xe2\xd9\xcf}v\xf0\xc2\
}\x1f\xfb\xa5O\x9d\xf9\xf8#\xa7?\xfe\xe8\xd1\x87\xce\
\xd3\x0a\xcd51^'W\xa2\x97\x0a<\x84I\xf2\x82\
\xe2\x06\xb7\xa9\x01\xc1\xf9\x01~A\xceel@\x03\x14\
\x89:d\x88\xbaM\xdc\x1f\x9e \x5cM\xc6>d3\
n\x97\x0b[\x09L\x8e\x5cq3\xfd~?\x9d\x85q\
\xbb\x91o\xc4\x0d\xcc\xa0Z\xae\xed\xef\xa2\xa75\x89p\
\x0cJ\x06e&D\x0ehW\xec(\xd5\x09\x04+p\
9h\x9a\xcd\x9f O\xadji{c\xe5I\x8e{\
\xab\x9d\xce\xe4\xa6\xe6\x8e\xe2T\x83\xfa\x89F\x07)\xaf\
1\xd9\x93\x11\xaa\xf8\xc6\xb4\xd7\x10\xac\x161\x16\x0f\xea\
\xae[\xc9?\x92~\xe7\xc8\xc9\xa9\xa3\x878\x09\x02Z\
\xbeC\xb5\xa5O\xf8\xec\xf8\x14\xc83\x13\x03\x8e\x1e9\
\x0a\xc1\xca?4\xc8JR\xd8b0\x99q\xfe\xb9\xb6\
\xc9\xd1\xf1\xdb\xd7o\x1aU\xaa,|\xc8\xb5e=\x0d\
\xde\x93i\x03g#\x936\xc0\x16\x80hn6\xef\x1c\
F6\xd67\x9c\x1e7\xf1\xb4\xcd\xe3\xe9\xb5\xdaV6\
V\xb86 e\x94:\x1du\xbb*\xd9\xeetL]\
\xc8\xb4{\xd55:\x83\xea4\xc6!\x7f\x9f\xc7\x9d\xc1\
#\x06\xe9\xec\xd3\xb6\xa1\x80\x99\xf4\x06f{\x1a\xf4\xaa\
\xee\x9e\xc8\xfe\xbe\xc7AK\xe5\xe6\xdc\xect\x98\xc9U\
\xf9<P\xed\xd2\xf2\x12m\xf3a\xb9\x04\x0e)\x8d\xd8\
>~\xea\x04}\x22\xe9\xc8\xc3\xf6\xa89\xb4=\x0a\xfa\
\x15!a,.\x13\x05\xab\xf52\xb8)\x0e\x18\x85\xc3\
\xf8\xd6T\x1c\x8a\xd81\xd7\x0f\x85I\xe3}zV\x11\
\xc7\xd3\xc2\x8fe\x02\xd4\xe5t\xa1\xf8\xf4z\x95\xd1\xa4\
\xd2\x1b\xc9M\xf4YM\xa4\xfb\xe9\xb8E\xc5\x10\xf2\xa7\
\xb5\x1a\xf1\x97P\x18|\xea,\x8c\x00\xce\xa7\xc2A\x14\
\x0aU$\x81\xaduhk\xbb\xab\xcb\xe3\x03~\x9b\xd9\
\xece&\xa2\xd7M\x98\x97\x88\xc7\x8a\x99\xac\x01`\xb8\
O30<\x84\xe5\x8fFS\x04\xdf`\x0f\xf1Xl\
\xee\xd8Q\xa8\x0a\x9c%\xba\x9f\xfd\xa2ZL\x1bZ\x80\
\xf7s\x18\x0a.\xaf\xac0\xb9hjnnec\xf3\
\xf9\x9f\xbc\xd8\xa77\xa6+\xc5\xdf\xfb\xfd\x7f;\x7f\xec\
8dB\xb4T<\x93\xc46\x8b\x0f\xc0\xa5\xd3\xef\x06\
\xcc\x06\xf7\xc8\xa0\xc5\xd1\xc2U\x06!Q\xeb\xd5e\x12\
8]\x8d\xd5L\xec\xc8\xa9\x13:\xab\x09\xd7Pm0\
\x90\x04!\xd1\x88\x16`\x11J\x99\x1c9Q\x10\x87N\
\xdd\x17l\xa4: \x84\xb0\xf7\xba\xeat\xd4%\xe5m\
\xb01{\x13\xb2>\x83\xb3\x98\xbf\xc5\x00 \x99\x8d\x83\
\x0aA7\x0c\x0c\xf8c`I\xc2pbL\x16\xf3\xe2\
tH\x16\x80\x1c.\x16\xfa\x9f\xbc\x10'\x22\x1c\x0c\xe1\
~`\x82\xf1ut\x1d\xf0\x08\xba\x13\xee\x1c\x85c\xd8\
X\x0c4\xe2\x88\xcb\xc4\xb4\x8b\xf0\xc1\x1e\xad\x06qQ\
$\xa1==[\x22wH{1\xf1+I\xe9\xc1=\
\xaa\x85\x0f\x83t\x84A\xd8\xb10r\xd7\x82s\xd6)\
\x7f\xa0\xca\x928Rr:\xad60\x08Y\xdb8x\
j\xaf\xda\xed\xf5\xa2\xb3\x9d\x16@\x12\xc1c\xc8\xcc\x02\
\x93\x15q\x8fxQ~Mc\xberW%_\xb6\xe9\
-\xe5tN\xd9\xa8\x85\xf66\x19\xea\xe8\xb6\xda!1\
:(\x98\xaf\xd5h\x9d\xb6\x7fx\x80\xeb\x16H\xa7\x87\
\xe7\xe6\x5c\xc3\x83]\x9a^\x9b\xbf\xdf\xee\x1f,\xb5\xea\
\xb0,}\xf8\xdf\x06\x1a\x0a\x90\x0ai\x5c\xf9\xf9+V\
\x95Ro\xb5*\xe9\x22\xd5\xef\xa5\xcf\x15\xf4@Z\xc8\
\xe1\x09\xe3N@[/\xe3WH\xab\x0d#\x99\xe3\x95\
\xe5\xc5|N\xea\xaec\x89\xe8\xd0\xf0\xe0a\x22VW\
+Y\xaf8\x9d\x11sy\xb7\xcf\x8b\x84\xf09?7\
\x03\x0eM\xfc\x1d\xdc\xdad\x1ad\xbbX\xc2\xe9E\x91\
\xa1\xf8\xc4\x9eu\xb7\x01a\xf1\xc2v77B\x07{\
\xb1p\x08C\xc4DI\xc8\xc3h\x0dR\x0d\x84<\xa4\
\xf0\x18/\x84\x1a\x90\xec\x22\xae\x12 2\x94Q\xab\xb5\
\xaa\xacs\x0c\xd8i\xe6\x02J\xb35\xe6'\xa0\xa4)\
\xd4\xa5\xf43\x1b\xef\xe6]\x11\xcf\xfd\xdd\xdez-\x13\
\x8b\x11\xccY\xf5z\x97\xd9\x12\x8dD0z\x0e\x97\x93\
%\x04'f\x5c\x03\xa5\xcdd\x8bS\xd9\xec\xd4\xcc\xdc\
\xe1AD\x08\x152\xa0\xa4j\xb0\x9a\x1c\xfe~\xd82\
\x1f\xf5\xf5\x8b\xbc\xff\xe3\x8b\x97/]A\xf3+zp\
\xcb^x\xe9e\xb2.\x90\x0c\x08z\xc8\x17?\xf2\xc8\
#F\x8d\x81\x9a\x91\x8f=\xfeX\xbeZ\x0aEC\xcc\
u\xb1\xea\x8c\xadr\x95\x84'd0zU\x82\xe10\
\x89\xa2\xc8\xc1\xeei^\xf8\xe4\x13\x94\x07^\xb9|\x0d\
\xa2\xc5\xf8\xe0\x88\x16\x98\x0az\x1d\x17\xd4\xa3|\xed{\
\xcfG\xb7\xb6\x8fLO\x05\xb76\xac\xf4d\xad\xc2\x1a\
\x85\xa2\x06\xae\xc4,\xa0\x0a;\x8d\x1b\xdf\xa3\xe9!\x22\
\x85}\x22\xbc%\x92\x11\xf8?,\x85\xc8$\xb9_q\
\x09p\xbea/9\x9c\x0eR\x83\xe0\xde$\xb7\x00\x0c\
\xc5)h5\x8b\xf9\x02\x1cy\xe0\x1a\x0f\x93\xd9m4\
\xfe\x13HI\xf8\x1f\xbc\x0dI\x1fV\x13-\x02\xdf\x15\
\x5c[X\xff\xadHp\x1f\xa3I\x1f\x0fZ\x98\xe2\xd6\
\xf6\xf4\xe9i8\x86\x95 \xa4+f\x08eCd\xf2\
\xdd\x03\x83\x82\xc4\xe0\xfd`e$\xd9\xd9\x03\xad\x97\xb6\
OW/_\x9e\x9c\x9c\xa2\xa8\x96\xcfx4:91\
i\xb1\xd9\x85Y\x01S@\xa6x\x19H\x0f\x85\xe3\xf1\
|\xb5B1\xaf\x15r\x88AC7\xdcv\xb5\xc9 \
I}\x9fax`\x10\xe3\xe7\xb4\x83\xb1\xee\xcf\xcc\xcc\
0\x17\xdci\xb7\xd1\x14`hf\xf2\xfa\xf2b\xaf\xcd\
\xfc\xc8g>3y\xf6\xac\xcea\xe93\xe9\xadn7\
\x9aOg\x81\xbd\xd2\xab\xd7\x9bp'\x18\x00\x00\xea\xd0\
U-\xf65Z\x0e\x9f\xb3\xda\xdd\xae\x907%}F\
\x89\x86\x7fP]\xab\x13\xca\xb0ht\xf9\xaf\xe5rt\
\x8f\x04\xc5\xaf\xe2\xba\xa6\xe3\x9cp(\xe6\xc8\xdb\x91\xe3\
\xc7fO\x1e{\xea\xd9\xcfZ\xf5\xa6` \xc8\xba\xd1\
\xde\xff\xe9\xa7\x9eD;\xe2N%\xc2\xe1\x06\xbcS\xd8\
A\xb4dAw\x13\x1b\xa2\x97\xef\xc6\xfa\xc0\xe1\xe5b\
:\x1a\x06\xa8\xc2\x05\xd5\xd3\xbc\x195\x0b\x99\x9e\xc1\xe9\
\xc2;k\xf5\xc0}\xc1\xc2Q\x91\x85!\xe5\x22\xf4\x06\
\xdck\xf6\xb1\xdd+=,\xd94\xa2G \x00\xc2\x18\
I\xf4\xd5q\xe1z\x0e\x97\x17\x0b\xa1Ce\xb1|\xb8\
\xbaQIg\x8b\xe9\xf4\xdc\xcc4;\xb0\xb9\xbe\xeeq\
\xf9\xa8}\xb9q\xed\xc6\xf8\xe8\xe8\xf6\xfaV\xa7U\xb6\
\xc2jw^\xbc|\xe5\xbe\x8f?q\xed\xdd\xf7\xeb\xf9\
\xc2\x80\xc3\x05\xa4{c\xe9\x8e\x91\x11\xe3fjj>\
\xecX\xd9\x17]F7RR\xc7\xd8\xedP<q\xfe\
\xc1\x0b\x0f<\xf8\xc8\xf8\xe4\xec\xc5\x8b\x97\xe7\x8f\x1f\xfb\
\xbf\xff\xe3W\xdf}\xf1\x95I\xff\xe0k/\xbf\xfck\
_\xfe\xd2\xc2\xe2-\xdcRM\xbb\x87v;:\x94-\
>\x19\xe0\x81\xb2]jW\xf5n\xeb\xd1\x07\xcf\x1c{\
\xf2Q\xdf\xe8Pr/\xbc\xb2xg{}\x13\xf9\xe6\
\x0c\xbc\xfd\xca\xab\xfbw\x96\xe3\xbb\xbb\xc9\xbd\xfd\x9d\xa5\
\xdb\x97\xdf|\xf3\xc6\xfb\xef-^\xbe\xf4\xde\xcf^Z\
\xbf~u\xe7\xd6\xcd\x0f\xdex}\xfd\xc6\xb5\xf1!\xbf\
\xc9e\xab\xa6\x93\xd4}\xa1#A\xb2\x11\x14\x5c>\x86\
\xe0\xe0O\x8b\xe1\x97\xf5\xedv:\x1dh\x0e\xd2\xb5\xac\
\x14>\x11;M-\x02\xea\xf1\xf0\xf0\x81\x00\x00 \x00\
IDAT\x13\xd7\x1c\xe4\x15\x04\x1c{M\xc6\x0b\x81\
Tk\xb0#\x12}\x0b\x10\xa1\xeepN\xd8\x00\x8e\x01\
\x11H\x89\xe6\xbda\x14+\x81\x0ev\xd4=0\xdaV\
i\x18\x98\x88!\xc6\xd2rVb\x91 \xb0\x8c\xcb\xe5\
\xa6\xea\x9f \x19d\x04P\x80\xc8\x95\x13\x12\x0fG\x13\
\xe1\xe8\xe8\xc48\xbdO\xff\xe6O\xffL\xd0h&B\
\xe9\x0dY\xa6q7\xa1\x09\x98\xd3\x8cJR*0\xbb\
\x885\xe5\xc4\xcc\x16g68\xe51\xf4\x83B\x12\x96\
\xefl\x10\xb6\xea\x8cj\x93M\xed\xf0\x98q:5&\
k$\x93\xb2 \xa3\x8a\xf6\xf1\x07\xce\xe8<.\xdc\x0f\
\xfaO2\x9eQ\x8f\x1b\xaa\xd3\x81.\x02\x03p\xf6\xe9\
\xc8C\xa2C\xda\x0d\xf5\xf6x|\xde|8\xdc\xec\xa9\
\xe2\x8c\x09\x8d\x91v\x8b\x9d~\x87\xc1\xed\x1d\xa0\x1bx\
^]\xf9r/E\x1a4\x0f\x8a\x86\xf1\xe0\x01j\xa9\
\x97u\xd9\x9d\xc3\xfeAb\x1bN)U\x86\xa1\xdd\xe0\
\x91\xa99\x9b\xd9\x8a\x17\xf4\xfc?\xffp~n*\x9f\
M\xc1\xbdc6&\xf0*\xef#(\x08\x0c\x05\xd2\x87\
T\x85\xf4(\x92\x91p\xbd\x98G\xc5\xe2\x91h;\x8d\
\xfc\x04T\xc0z\x13\xd2H\xcdy\x0b\x0a^=\x9e\x14\
\xde\x11\xac:\x02\x00\xec$h\x19F\x9e\x9e\xbbd\xb7\
RI*;\x92\x87\xc1j>k\xa0\xb3SW3\x15\
\x0b;\xa8\xc7c\x17\x92\x19i\xa5Z,q\xec9\x09\
\x0c\x82\x9b\x9a\x9c\x8a\x87\x13\xf1P|xp\xc8h0\
V\xf2%\x22!\x8d\x9aXL\xc5\xca_\xfb\xe02\xce\
\xaf\x95\x09\xaee\xacK\xa4P\xaf\xf9''\x94Z\xfd\
G\x92\xddup\xabO\xa7Mg\xb3\xd4\x03\x22\x04\xf9\
r%_\xa8\xc0U\x9a\x9e>r\xdf\xbd\xf7\xd9uF\
\xb8\x11\xd7\xde|'\x13\x8f\xef\x05\xf7f\xa6g\x12L\
\xc8-\xd7)8$\x91\xa7!8\xc68hT\xc3\xb3\
\x13'\xa1\xbf\x9d>!\xb3R\xba\xdb\x93\xae\xc1\x95\xb5\
U\xa4\xf0\xc6\xcd\x9b\x14,\xd2\xd1/v\x18d\x9e-\
l\xaav\xa1`&3\xd4jj\xba\xdaf\xea\xc0\xa1\
\xb36\x9b\x83v\x1b\xf9\xc6\xa5\x9b\xd7K\x898\xabh\
1Y\x10g\x09\x0a\x89d\xf0+p\xe1\x05~\xc3\x1a\
B3f\x19q\xdb\xc4\xb7\x11pB&\xab7\xf0\x07\
\x08@I\x0d\xb2\x01\x10-\x08v\xe1@\xe2\xafc@\
\xa9 \xc0\x97\xc0\xb5\xc6`AP!tE}$d\
{r\xa0\xaen7VXG\xd8\xef\x1e\x1ci\xf6\xa8\
\xc9\x16\x08\x22\xde\x80\xe1\xd8.\xe5\xd3\x80\xdfF\xab\x9d\
\xb0\xb2T\x85\xa5\xa7Cwa\x12\xd1y\xd9D\x8a~\
.\xf4Ix\xf9\x87?\x847H\x88v\xe2\xd4)I\
\xe5CKS\xd10\xd9@\xd7\x14\xa2UxU\xbe\xd1\
\x11\x0do\x03\xbb\xd0lB\x87Q\xde\x83\xf0\xe7\xf2\xb5\
\xa1\xd1\xd1\xc1Q_\xad\xbb\xd8?\xea\x01\x9c&\xda\x03\
\xaa+\xe0s\x1a\xfb\x14\xfa>\xcb\xe80-\x7f\x8c.\
7\xdb\xc1(y\x92\x0c\xb4j\x80\xd3!(\x07\xae\x8d\
J\xc3\x0a\xd7\xbb\x1a\x9c\x93\x1c\xca\xb5\x91\xc1\xf9\x91z\
2f=\xd2\xe1\x892\x84J%\x9fN\xde\xbazy\
\xf9\xfdk\x89\xbd\x03\x0a\xf4(\xaa\xa0\x0b\x1d\xcd\x9a\x81\
f\xc6\x07\x87HATr\xf9\xc8~\xe0\xf6\x95\x9b\xe5\
T\xbe\x05K\xbc\x01-J\x03f\xf4\xf6\xfbo?\xfa\
\xe8C\xb2\x0a\x00\xaf\xe8\xddN*\x8de\xe7Cb+\
\xb6\xa4Z\xa2@\x00\x97\x8e\x89\x8989XQ\xe8\xee\
\xa9TV\xd2\xfe\xd0e\xda\x8d\xe4\xdeA>\x9a\xc0\xc8\
\xa9\xacfF\x0aI\xeb\xecn%]\xe1\xba\xca\xe9B\
2I\x89^%\x9d6\x93\xef+\x97\x22\xfb\xbb\x82=\
Pf\x92\xcb\x85V\xd7\xaa\xf14m-\xe8f\x86t\
pR\x85\xe4\xaaV'#I\xaa\xf6Y\xe1\x18\xd0-\
-%\xd9!\xc0\x16\xa5zc{7\x91N1l-\
\xbc\xb5\xabW\xaa\x88\x0dz\x99\xf0\xad\xe9;z\x16\x16\
\xeb\x87:\xfb\x98\x1dr\x1em\xb3\x15\xec(\xe5\xa2\xd3\
\xa3c\xcf~\xea\xd3\x14hA\xb9&\x83\x7f\xe1\xf49\
\xd8\x98\x14\x9eQ\x9a\x88\xc1\xfd\xdew\xbe\xf7\x95/\xfc\
J`s\x07\x83n2\xf6u\xa9\x14#3\x13\xc7\xee\
?\xed\x9b\x1e\xb3\x0c\xf5\xef%\xe2\xee\xa1!\xb0e\x90\
\x01\x9d\xd1xka\xe1\xb9\xe7\x9e\xeb\xf7x\x83\xfb\xfb\
\xb4G\x80<(\x84\xafB\x8eV]p\xb0\x88\x96H\
[\xb3\xee\xd4\xba\x91\xb3 8v;\xac\x10\xb82\xf1\
\xd8\xea\xf2R\xb1P\xf0\xf4\xfbH\x10\x0a\x94C\x1a\x81\
~\xd7\xd5\x1c\xd5\xe2h\x05>\x13\xa98\x1a\x9du\x87\
L\x82\xbe4\x93\xa1\x94\xc9T24\x1c\xf7\x87\x05\xc6\
\x13\x05\xb7C\xc5b\x16\xd1\xd1XR\x8c \xee\x1f\xfe\
\x1f\xf0\x0e`\x1fE\xff\xb8\xfb\xb4\x06\xd6\x9aMx_\
*\xac|\x0fi\x1aq9\xe8`\x8f\xa1,\xc5\x22t\
\x93\x12\xf2\x1a\xa3l\xa5\xdc\x03\xc4M\x91\x8c\xc5o\xdf\
\xba\x1d\xdec\xfe\xd4f\xf4 \x98\x8a\xc5\x1e\xb9\xf0\x10\
\x04\xe2\x9f\xbf\xfb\xce\xb1S'q\x9bl>\x0f\xa96\
b\x00\xfc'\x83\xc3\xc6(\x92L>\x07\xcc[(\x15\
!\x96\xd4\x98\x92\xc1\xe9n\xb7\xfb\x07\xdc\xca\xbe\xa6Z\
\xcb\xfc\x88\x1e\x95Q\xcf\xc9\xab\x82s2\xda\xaa\x5c\xb4\
\x8a[R&\xa9\xce\x8dg\xa2\xf1R:C\xf7a2\
\xdb\xfc9\xabGTALLU\x84\xe4k[m\xb2\
*\xd9\xd0\x1e[N\x8cH\xb8\x8d\xaa6\x81\x1c\x17\xf2\
\xff\xf4\x8f\xff\x08\xa7\xec\xb1\xf3\xe7\x17>\xb8|\xb8\xb5\
?32\xcd\xf5\xf7\xd1\xc2\xbcR\x1e?z<\xb6\xba\
\x93\x8b\xa5\x93\x871\xfc{\xf0\xdf\xdd\xbd\x83H<\xb9\
\x17:,\xd0\xf0\xd2\xed \x87\xd5\xdb\xc8w\xb5\xca\x5c\
)\x06\x0c\xe5At.!?\xd7\x0d\xbf\x17J\x09\x02\
\x8d\x12TtS\xcf\x82;\xc7\xce\xb0\xae\xa4\x0e*\xa9\
d-\x95*\xa5\xd2\x82\xacP|\xedv1q\x82,\
\x03\x8eJ9\x99P\x94S\x8d\x22\xbc\xbd\x88\x01<\xbb\
\x90\xd9X]\xea\xf7\xba\xa8Q\xcf\xa5\x12\xd5p\x18\x9c\
\x94\x03F\x1b`\xb6\x82\xe1\x93\xf04\xcc63\x03\xe8\
\xb4p\xb8+4\xe1\x96BXL\x02\xed\xec~\xf4\xe3\
\x1fC\x83I\xe52\xcc\xc3h\x15\xcaz4\x9fl\x9f\
.\xdbj|\xe2\xb9\xcf)\xccd\xd7?\x94lsn\
\x85NO\x9c6\x98\x90Vu\xaf\xb6\xd5v[\xac\xc1\
\xc3\xc3{O\xdf\xf7\xff}\xf3\x1b\xd7\xaf~@\x8b\x9a\
P&Ck\xf2\x85\x85;\xfd\x94\x91\x08\xdcV\xe2j\
\x0b\xe5<X\xb9wfl=\x11>\xf2\xc0\xd9n\x83\
\xee\xdd\x0f.{=~\x12:8\xa3\x04|\xf8\xa3W\
\xde\xbb494\x92\x8d%#\xfb\x87\xa1@\x88\x89\xee\
\xf3'\x8f\x1e&\xa2\xbcf\x22\x9b!\x9eS\x81\xcc\x19\
h4\xca\x14\xe0\x16\x13-\x06\x86\xfc\xb8\x0a\xf333\
\x10E\x1c\xf7\xcca\x0b\xa5\xbb[\xa1B\xdaVml\
\x17S\x91R\x91\x1e_?I$\x22\xe3\xe3\xc3\xd0\x1d\
\xc5\x09\xec\xee\x81,\xa1\xa3\x1c_\xa3\x83w\x97/e\
\xc9\xebQ\xcd\x0aF\xc9\xb1\xaf\xd4yV\x16\x04\x110\
\x0e\xec\x92\x03,\x8c4X!(x(?\xa5x*\
\x9d6:\x5c\xe9\x22\x85\xfe`\xae\xc2\xf5\x91\x0d\xc4\xc3\
\x09\x1e\x10\x80r\xfeptn\xdd^\x8c\x04C$\xa8\
\xe3\xc1(m\xb2\xf7\xb6\xf6]fg*\x1cy\xf0\xbe\
\xfbn\x5c\xbf\xec\xf4\xbb#\x99\xc4\xbd\xe7\xce@\xf5\x01\
5a?\x00\x22Q3\xc4\xc8\x98\x11\x94\x1a\x91.p\
\x18\xd4\xecj\xae\x01\x99\x9e\x1e\xf6\xed\xee<\x87\x11\xc2\
\x85\x84\xd1\xd4K\xd7hPO\x03\x90\x1e\x0c\x0d\xc1\x01\
D\x996\x01\x96F]\xc9dzkM\xd8*\xc0\xe9\
\xd4\xf8\x12\x9e!b\x9cX!Z\x16\xe8TA\xf3\x0b\
{=\x14\x85\xc8\x8f\xbf\xdb\xd3\xacQE\x08\xe4\x8a]\
\xdc\xd8\xd8>s\xef\xf9Z\xbb`\xd1\xe9o\xbcq\xad\
;\xd75\xe4\x1f)u\xd7TF\xf5\xfb?{]\xdf\
\xd2\xec\xaf\xede\xe1<SK\xd2\xacC*\x07\x8eI\
\x14\xca$\xb7,.\xdb\xd5k\x17\xab\xf9\xed\xdd\xbd%\
\xb3\x85\x9c\xa6t\xa1\xc1w3Q\xa1S%\x88%\xb8\
,\x91X\x10r\x1f\xc1X7=\xbe\xc5\x85\x86S\xaa\
\xeen\x1b8\xfc\xe9,\x08\x89\xc6m\x87\x91#\xb0\x09\
Z\x9f\xfa\xad\x83\x038\xc1\xa9\xfdM\x0a\xa2\x19\xbb\x88\
\xde\x81.\xcd\xc8\xb7d\x22f5\x9a\x802\xcd\xdd\xdd\
\x07{\x07U\xf4\x8f\xde\xec\x1b\x9b\xec\x1f\x19\x85\x7f\x91\
\xcc\xc4\xa7\xa6\xc7\xca\xf9b\x22\x92$\xba\xd8\x5c\xdf6\
[h#g\xe9\x1f\x1c\xa2\x11$x4\x88M:\x94\
`\xd0\x5c\x1a\xbe\x93\xd9\xd4\xd0\xf4\x9d\xf8\xa5\xcf]|\
\xe1\xa5\x8f$\xdbZ8 OD\xbd'\xaa\x8d2`\
\xf2\x12\xf9B\xd5\xea\xf4\x8d\xcf\xce\xd7{\xca\x17\x9ex\
\x80\xf9\xbb\x0b\xab\x0b\xa5f\xa1GM\x17]5\xe3\x0b\
\x0b\x95\xa4\xc5f8r\xec\x04\x93\xad2\xb5\xd2S\xcf\
~z;x`\xb0\x98I\xe2c,\x08\xb2a\x8aB\
iJ%i\xd4T\xdf\xdcX\x07x\xc1^\xd040\
\x9d\xcb\x84\x92\x09\xbam\x9c\xb8\xf7\xac\xd3;@\x15\x05\
`R0\x1c\x1d\x18\x1d\xcb\x14+$\x96\xe2\xf1\xf8\xd8\
\xd88\xa9\x0a\x9ey\xb0\xb9N\xb36\xe0\xb9t4T\
\xce$\xae\xbf\xf5\xfa\xbb\xaf\xbfq\xf6\xe4\x89\xb7^{\
\x95\xf2\xd7\xe9\x91Qz\x0d\xc2\x95\x01\xfb$\xdc\xe4 \
\x01m\xe2\x17\xc2\x1e\x96> \xe8^bup\x0e\xa1\
R\xc1\xd3#6\x84\x11\xcaZ#\xb6t\xec\x86\xad\xd7\
d\x16\x22\x9b\x14\x8e\xc5\xc9nQ\xe5\x89\x03\xc3\xf1&\
QL0*hl9\xc7h3\xa6\x92\xd3\xc1\xd4f\
\xb4\xbd\xf1\xd3WP\xafD\xcb\x8cb\xa0Rr\xe5\xda\
\xb5\x9d\xe5\xe5\x99\xd1\xe1x4$\x91nw\xf7\xdf\xfc\
\xd5\xdf>\xf9\xf8\x13d\x93!\xc3\xb3\x02\x90`\x19R\
\x0a\x98\xc2\xe1\x05S\x11\x15\xcb\x87d\xaf\xc1\xee\xb0'\
\xa4\x08\xca\xe5\x22M\xce\x0b\x0c\xd7,\xe6\xb35\xe8\xc1\
d\xc7D\xc7P\xa5\x00\x93\x85\xd7\xa4r\xb9\x0c\xbeN\
\xfa\x89\x5c7}\xb6\xf0\xf81\xc4\xb8\xfb\x1cR\x1e\x01\
\x98\xe7J\xadn\x07V\x8b\x92f\x9aP$\xd3Yn\
\xb4G\xd1w\xf1\xf2\xcd\x91\xd1\xc9\x9d\xedm\xa2U\xa7\
\xc5E\xa4\x16\x8b\x1f\x1at\x8a6\xeft\x18\xbdy\xf1\
j\xa5Xc\xe4\x1f\x96\x98\x06T%j\xc8\xca\x14\xcf\
Q*\xda\xb3\x1b\xdck5\xcbn\xe9\x03^\x5c]\xbe\
\x1d\x0c\x04b\xa10\xce3\x99\xe9B:J\x01\xc5\xfe\
\xfe\xa1\xc3)\x03\xde1\x1d\xd4\xc4Qm\x228)\xc7\
\x17W\x85avL6R\xf7\xe6\x01\x19\xca\x15\x83N\
\xd7Ng\x0fVWs\xa1CZP\x18i\xc5\x1fE\
w\xa5s\xc9\x8c\xd7\xee\xcaFS\x8b\xf4[\xba~\x1b\
\xa4\x88b\xe9k\x8b\x8b\xe7\x1e~day\xf5\x87/\
\xbc\x10\xa4\x15r\xbbq\xee\xa1s\xe1x\xf4G/\xbe\
ht\xd8\x0f\x22!\x00\x9c\x9d\xed\xdd\x9d\xcd\xadA\x97\
wj`\x04X\x87\xc2\x170\xbe\x9aFu\xec\xb1\x87\
\xa0\xf2\x9d{\xe0\xa1\x857\xde\xfd\xfe\xb7\xbe\xfb\x91d\
\x0f\xb7\x0b\x80Tx;6z^(\xfb\xcc\x06K\x22\
\x91\x1a\x81\xb3\xab\xd5N\x9f\x98}\xf1\xf5W\x9666\
\xe8\xc7\x05!F\xf2\xa0\x90\x95\x9d\x0c\xe1U\xf8\x07\x07\
\xa6\x8f\x1c!6\xea\xd1k\xa2\x99\x94\x7fh\x08\xaa\x0a\
\xb3\xaf\xc3\x07\xc1\xb9\x99\xd9*u8\xf4\x13c\x87\xda\
m\xbb\xcd\x82Q\xb6\xdbmc\xe3#\xdb{;\x06\xab\
\xa3\xd6\xea\xa1\x1f\xc9\xdb\x97.GR\x99h2\xbb{\
\x189u\xe6\xbc\x7fd\xfc\x83\xcb\x97mf=\xab\xe2\
\xb0\x81c\xeawv\xd7\xb76\x96\x94\xad\xca\xed+\xef\
\xb9\x8d}\x0b\x97\xaeh\x95=G&\xc7/\xbd\xf5s\
H\x0eG\xa7&\xae\xbc\xfb\xf6\xeb/\xbd0\xda\xef\xb6\
\xba\xac\xa4\x0bI@\xd0\xa7\xa2Mg\xb7Vc{u\
\xc9\xe6ru\x81\xbd\x00\xfdw\x02|\x88\x03\xd8\x01\xf2\
\x8a4\xa7\x04v\x85\xfdL@\xdd\x19N\xa0\x86\x92\x0f\
\x03\xa1\x96\xcf\xd0\xfd\x10#K\xb8\x86\xbf^+f\x0a\
\x15\xca\x11\xd4\x94N\x1eR\xa4\x14\xcf\x98UZb\x06\
\x0a\xefv\x97\x97*d\x8b\xca\x85Ko\xbf9\xe8\xf7\
\x19\x0cF\xf2\xe1\x8ct=z\xef\x19\xfc\x8aD`\x8f\
\xf1\x8d\xd4+\x90\x97\x15<\x147Z\xa7!\xf8\xc2\x16\
q\x9a:\x8d=`[\x01\x94W\xb4\xbd\xe4;\xf1\xad\
\x1ap\x15\xc0\x8f\x11v\xc4\x1a\xf8\x8b\xf9U\xc2\xdf\xe7\
l\x12\xb4\xc1\x86\x03\xe7WiaG!\xe1hA\xdc\
/\xe0\x7f\xd1\x94\xc2.\xeaf\xb9B\xd1\xf8\xd4=\xc7\
RI\xa6\x0a\xd7\xd0J\xd9\x5c\xe5\xec\xd9\x0b\xaf\xbd\xfe\
\x16\xe1&\xb4Zh\x02\xaf\xbe\xfa\xd2\x98\xdf\x95\xd8\xdf\
\xec7\x98\xf6V6\xe1EQ\xe9\xcdq\xa1\xe0\x03\xa1\
\xa4\x05J\x8d9\xb1@\xfct\x87#\x1c\xd6(\xfau\
-\x9bI\x8f\xff\x01:@\x829\x1a:\xac\x15\xf2f\
\xbd\xf2po\xdd\xe6\x1a0\x99\x99  \xa9w\x8c \
IX\x1ci\xac\x13:Ee\xd4d[\xe5l!\xef\
v\xbb\xa9\xbd\xe2`\x07\x97\xeet\x17r\x1c'\x5cM\
\x8a\x0e\xa0=:)\x92\xf5\xf7\xdf\xb8\xb9\xc00\x82\xcf\
\xff\xab_\x9f\x9b\x9a6\xea\x8dm\xadr\xf2\xe8=\xf4\
a\xf9\xc1?\xff$W\xaal\xed\xee\xaem\xad\x1f;\
y\xdcl\xb3N\x8eM\x1cl\xef\xef\xef\xee\x97\x8bP\
v\xb5~_\x7f4\x12e\xd7\x8e\x1e;\xf6\xce\xfb\xef\
\x1f=}_\xaf\xcb\xf6\xd0s\xbf4\xf3\xe8\xa3{+\
[/?\xff\xd2/\xff\xd2/\x7f$\xd9O\x8c\xd9\x92\
\xb1\x08\xba\x82\x0ac\x8ah\x04\xf1\xe8j\x0c\x8c\xf8\xbd\
\xfd.\x97w(\x12\xc9>x\xfe\xb1\x1f?\xff\x92\xd7\
5\xd0(5f\x86\xc7\x89\x04\xf0.\x9e~\xf2\x13o\
\xbd\xf7\x0e\x917 \xc0\x85\x87\x1fy\xfb\xcd\xb7S\xb1\
\xc4\xc6\xede\x13\x93\xbd\xc9d\x9a\xb5\xd8z\xd8!2\
?\xacX\xa23\x15%\x0f\xf1x,\x1c\x0eQ\x19B\
*|?p\xc0\xa1\x0f\x04\x0f\x89\x11A\xfe!4\xdf\
YY\xbd\xff\xfc\x19\x86\x8cQG\x0c\xeb\x85t\x97\x8f\
*\xfcd\xb8\x94\x89\x86wV\xfb\xda\x8d\xd0~\x04\xff\
\xd8\xe7\xb2\xef\xefl2*\x84\x98`\xe1\xfa\x154\xba\
\xd3j|\xeb\xe2\xbb\x93\xe3\xe3D\xbeTL\xfd\xe5\x1f\
\xff?\xd0\xe7V\x97\xee\x1c\xbd\xf7$D\x88F\xb9t\
\xf3\xd2E\xa7\x09jW\x98XN\xaa^\xa0\x0e\x97\x8a\
\xf8\x858\xe9\x18+\x84\xc9\xa0V\x12\xb9\xe5\x12\x118\
J\xf4\x03\xa3\xfe\x8e \xa6^-8\x07\x06\xe8^P\
/\xd6\x8a\xf1\xcc\xee\xd2z\xa3X\x81\x97\x97\xcde\xd4\
\xed\xc6\xee\xd2\x22\xe3\x8c\xe93\xb1\xb0p\xe3\xa1\xc7\x1e\
\x1e\x9b\x9c@7\x07\xd67\xea\xd9\x0c\xf0%M\xe2\xae\
^|\x7fbt$)\x10\x04\xf8\x02Y\xd5\x12\xf1\x02\
\xedbH\x1f\x16\xf3\xa9\x9a0`)\xe3\xabR\xd6C\
\x1a\xbb\x96\xcfn\xad.\x11`\xec\xefnQP\x03:\
\x8f\xab\x8a\xcd\xe9\xe4\xef%q\x8d\x9f \x99}\x5c\x96\
\xbb\x8a\xbf\x0e\xb7\xa2UJ\xa6_\xfb\xf1\x8bwn-\
=\xf6\xc8\xc7\x1a,[\xb6x\xf9\xe2\xd5\x95\xe5\xf5\xd7\
\xdfxgeu\xf3\xe4\xbd\xa7\xfb\x1d>\x1aq\x0d\x0d\
\x0f\xbc\xfb\xf6k\xf3\x13\xc3\x83`s\x85\xca\xfb\xef\x5c\
b\xde\x18\xa3\xca\x8bE\xd4<\xe8*\xe9\xee\x96\xc1b\
\xe5+$\x10\xb2Z\xb1X\xe2\xc8\x90\x95$\xa6\x08m\
o\xaf\xd1h\x81\xb8\xc6\xf9\xc4\x91\xc8f\xe3\xe5\x86*\
\x93+r\xc6@8\xe9G\x0e\x91\x04\xd7\x8d#H\xeb\
%<\xbcB\xa3\x02#WOo\x16\x9d\xbe\x95NU\
\xb2i\x93\x0e\xc9j\xf5\x195i\x0e\xa6Y\xf7\xe6\xa5\
w_{\xf7\xadl9\xff\xa5\xdf\xfc\xca\xce\xceF,\
\x95\xa0XC\x98\xe9J\x95\xcb\xe3\xff\xd9\xcf^_Y\
\xde%\xd9\xc7\x9c\x9d\xfb\xef?\xefp\xba\xda\xb9\xaaC\
e\xb8p\xfe\xc1\xd9\xe9\x99\x83\xc3\xc3l\xb98u\xea\
\x98wf\xbca\xec[;\x0c<\xfd\xbb\xff\x93T\xe5\
\xa9\xd4\xdf\xfd\x87\xef^\xbax\xedK_\xfe\x0d\x9a\xd4\
~$\xd9\x9f\x1c\xb5\xcc\xcd\x8cC)Q4+L\xa1\
V\xb6Ii5\xfdC\xde\x8d\x9dU\x06z\xeb\xd5z\
2\xd5\x8f?\xfc\xc8\xdc\xc4\xe4\xd4\xd0\x10\xe9\x90f\x0e\
\xed\xa5\xa2\xdc\x9d\xaep{\xbb{n\x97g}m\x1d\
\x05G\x1fXj\xfe\x1e;\xf7\x80\xc7f\x8f\xc6\x0f\xe9\
\x09\x0b\xb7\xc9\xa2\xd5W\x0b\xa5\xed\xb5\x8d\xf5\xd5UZ\
+\x917@\x1b\x92OB\xa3C\x14\x80\xad\x03\xf6\xfc\
\xaf\x7f\xfb7_~\xf9\xc5\xcd\xf5Uqk)\xf2\xc4\
elI;F\x08j\xa9d\xd8c7\xc7\x0e\xf7\xdd\
vhm%\x80<\x86:\xb0\x98\xf0\xb9i\x9e\xe3\xf5\
\xb8i\xf8\x87\x01\xd9\xd8\xde\xd6\xf5\xe9*\xb9\xc2\xf6\xf2\
*-&\xa0\xbb\xe0\xceRT?89\xb9\xbf\xbe\xfa\
\xce+\xafZ\xb4\xda\xe5[7'\xee\x99\xc3\x19\xa1d\
>\x8fGA\xea\x9e|1)I\xccJ\xb5\xd8K\xe7\
\x99z\x95\x0aB<\xcfh\x14qT\x0a\xac^bf\
\x8d\x1awr\xe9\xfaBpswockuuy\
jf\xd2i5\xec\xac/?\xfb\x99O\xdf\xbcu\x8d\
\x04\xe9\xcf\xdf\x7f[\xad\xd7\xae\xaf\xafA#[\xbd\xbd\
81\xe4\x8f\x1c\x1c,\xdc\xb8~\xef\x89c86T\
y\xa0\xf8\x12\x89\x18\x86\x02\x1f\x8d\x03CZ\x0a]\xca\
\x994h\xe8\xad\xd7\x8c\x07\xf6w7\xd7`\x92Q\x1b\
\x05\xb5\x9ad\x0aa!\xc3\x09\xd6W\x96GF\x87\xbb\
\xa9\xf5d.T\x0f\xdc\xc9\x9a\x04\xc7\xbd\xbdo\xbc\xf4\
\xf2w\xfe\xe6on_\xfc`\xd2\xe3\xfb\xab?\xfe\x13\
\xca\xdd\xdf|\xe1\xa5\xf7_\xfb\xf9\x8d\x8b\x1f\xd4\x8a\xe5\
h8\xf6\xcc3\x9f\xc2\x09~\xeb\x9dw\xcdj\xda\xcd\
*\x11\xc7X$p\xef\xfc\x91V\xb1\xb6\xbb\x19X^\
\xdff\x02\x97\xc6`\x12\xca7\x96\xbaO\x05U+[\
,\x03\xfe\x10\xe6\xd2\x97\xc8b\xd5\x0d\xba\xad\xbd\xa0x\
\x8c\x0b\xa6\xec\xba\xca\x13\x95\xf9R\x19\xd2\x0d\x12\xdb\xad\
\xd4\x83\xd6\xe0\x0e\x91\x96\xca\x15\x8b\x04\x00\xf0\x90\xe0!\
\x00\x1a\xd2\xa1\x17\xe7\x04\xc9fPbl\xff \x0a\xe6\
M\x11\x9d\xccl\xa5\x95\xac\xd2>2\x00\xc7shh\
\x80\x04<3\xe4G\x87\x06Q\xf3>7\x1cU\x85\xce\
@=e\xef\xd2\xc2J*\x969\xd8\xde\xd5\xaa4$\
O\x9f~\xea\x13\x94c\xa4c)\x9b\x85\xadO\x81,\
QgJV?\xdf\xa8\xcc^x\xb0o\xb0\xff\xf8\x03\
\x0f$\x17W~\xfe\xda\x9b\xf1Pbw\xe7\xe0\xc6\xf2\
\xca\xc3\x9f|\xfa\xbf\xfe\xf9\xd7?\x92\xec/\x1c\x1b\xc5\
\xa0x\x9c6/mO\xf5\x9a\xf1\x91A\x8f\xd7EW\
\x1e\x95N\x0d\x22\x01S%\xb0\xb7\x99\xcb\xc4\xb3\xa9\x88\
A\xdd\x9dK\x04\xfbm\x06\xb7U\xf7\xc1\xc5\xf7\xb6w\
\xf7\x01R\x11\x0e\x9b\xd9\xc6h\x1c\x04\xab\x9c\xc9\xdd\xb9\
~\xe3\xbd\x9f\xbf\x11\x08l\xaf\xdf^\xb2j\xf5\xf9d\
\x9a\x9av\xa2D\xe6\xb4\x1f\x99\x9f\xa7\xdb\xaf\xf8ch\
K\xaa\xd0\x15=\xff\xc3\xef\xfe\xebl&\xf9\xc1\xa5w\
g\xa7'H,Z\x8c\x8c\xa4\xa0\x1bt\x0d\xa0S\xfa\
\xf8\x94K\xd9l\x1a:!\x95\x09x\x99J\x8d\x99\xfe\
\xb9\xd4\x12\xa3/\xc8j3t\x01Jn\xe0\xe0\x80v\
\x0cV\x93\xed\xbe\x93\xa7\xf1\xe2\x17\xaf\xdd\xa0*^&\
D7\x1b\x81\x83\xc0\x89\xf9\xa3?\xf9\xc1\x0f\x9b\xc5\xc2\
\xfe\xfa:\xc2\xbd\xbf\xb6\xcc<\x9d\xb1\xd1\x11:\x0b\xeb\
\x98\xc4\x00a\x00_\x9cJ\xcaf\xad\x9c\xcfH\x1a\x93\
d\xa7\x8aA\xa0x\x0d`;<\x85F\x98\x80(5\
*\xa5\xa2\xc10N\xe7\x17~\xf9\x0b`\xeaT{l\
o\xae^\xbdz\x19\xeb221\xda\xa5V\x0c\x0e\x0f\
\xc2\xbc\x87Qc\xd6k\xdcV\xcb\xfb\xef\xbd\xf3\x99O\
}R\x90\x04\xa1\xc0u\xbf\xfd\xd6\x9bss3\xf8f\
DxXnxc\xf8&$\xe6\xf2t\xa6=\x08t\
\x91\xa3n\xb7<v;\xceR:\x97\xf2\xfa}\xfc~\
\xc4\xe7\x1b\x9e\x9d\x83\xfd\x17\xdc\xde\xa0r/\x96M3\
h\x05(\xed\xeb\x7f\xf2\xc7o\xbd\xfa\xca\xf4\xd0\xd0\x99\
#\xf3\xd7\xdey\xdb\xa0P\xd8\xd4\x9a\xff\xbf\xb63\x8f\
\x8e\xf3\xbc\xce\xfb\x0cf\x06\xb3\xef\xfb\x0c0\xd8\x06\x1b\
\x17\x90\x04HI\x94(Q\xd6b\xc9\x92w\xc7i\x9d\
\xd8\xa7v{z\x92\xb4I\xda\xc4q\x13\xff\xd1\xb4\xe7\
49\xe99m\x8f\xdb4'v\x12\xdb\xf1\x16/\xb1\
-[N%Y\xb6H\x89\x12%\x91\x047\x10 v\
\x0cf\xdf\xf7}\x9f\xfe\xde\xa1\x1b%=i\xd2?Z\
\x88\xa6A\x12\x18\xcc\xf7}\xef{\xdf{\x9f\xfb<\xcf\
%\x01\xc3\xc8\x99Q\xadd\xeaD\xcbR\xa9\x8cu\xff\
\xde\xeen&\x1c\x9e\x19wkU2\x83\x1a*?c\
R\x94\xcf\xbft\xc1;\xbb\xa040\xf8\xa1\x02\xb0\x0b\
\xcc\xc7.G\xdeRe\xe2\x0f\xe8\x12^+\xcc\xca\xaa\
\x95\x97\x8f-L\xce\xfa\x85\xa1\xaa\x9aY~vrU\
F\x03C\xd6\x03\xfes\xbb}G\x8e\x1e\xa3e@h\
\x01\x9c\x17\xa4kp\x12\xc0;1\x9d\x022\xbc\x1e\x07\
\x08\x5c\xbaI\xfa\xd1\xb7Sp\x00\x16\x01\xea\xab\x0c\xba\
\x0e\xfb\x00\xe2a\x22\x95\x89Do\xbd}\xb5\x94L\xdf\
z\xf3\xea\xf7\xbf\xfeM\xe6\xba\xaeo\x1e\xa4bY\x84\
\xf7\xd7\xdfZ\x1d\xb4P\xfe\x8e\xcc\xf9g\xdf\xfb\xc9O\
\x95\xe2\xc9KW\xae\xdc\xf7\x04\x03\xabr6\x8f\x1b\xbf\
\xe6G?\xf0\xbe\xf5+W\xd3\x81\xc3+?\xfe\xc9\xf6\
\xb5\x1b\xf1dN\x86'Z\xb53\xe6\x9b\xce\x93\xff\xb8\
\xecO>\xf3\x94\xcc\x85\xaf\x1f\x0fV*y\xc8\x8a\xe5\
\xb8\x86a\x17V\x8b\x95P\x089\x82b\xc2\xe1\x1b?\
\xb2\xbc\xec\xb0\xd1\xec\xb3-\x1e;\x92\xc9gP\xbe,\
.\xfa\x01\xe6\xd0lrh\x16\x0b\xd0P\xce\x10\x17\xc9\
\xf7`!C\x0c\x22:\x81Q\x80\xf6RMsr\xb1\
.6\xd77\xc0\x88\xc0\x86\xb2\xb9\x02-\x0c\x0cI\xec\
n\x0f\x14\x0e\xa7\x93\xbe\xa9\x99V-uU4\x1a&\
IqX\x8dL|$\x0b\x82\x84Dz:hw\xb3\
\xb9, o*K\xef\xb7\x8a\x03o\xa5\xd24\x98\x1d\
\xf1D\x02\xffk\x06\xe8\xb0\xea\x87fN2\x9c\xd5\xda\
\xcdn\xab\xda\x0c\xee\x1d\x96\x0b\x95J\xa9\xcc\xc6`\xbe\
\x15I\x07\x10\xef\xce\xdd\xad|2\xd9E\xc8\x0d\xe2\x06\
\xfa\xd6i\xed\xecl\xad\x9c^\x86\xe3\x0a*\x97O\x11\
\xdf\x03\xf8V\x12M\xe9'\xf3\x97\x10\xb6\x00j9\x1b\
\xd1oW\xb1\x95B\xfajw\x10\xb7H>\x93\xb1\x04\
\xbc\xc5\xa5\x93K\xb9Bnc\xfd&\x16\xdb\xc4\xe3\xcf\
\xfe\xceos\xc1`|\xb7\xef\xdcZ\x98\xf5\x03\xcd\x22\
\xb1\xda\xda\xdaX\x5c\x98[Z>)\xa4\xfe\xbd\xee\x9f\
\xfe\xc9\x17\xce>t\x16>\x96\x80h)%\xd9\x96\x88\
\xed\xe1\xba\x80Bv\xda\x89HXd\xd4}$)\x15\
\xa2\x89\xd3\xeb\xd6\x8fy\xe83\x07\xb7\xb7\x07\xd9\x1c\x06\
\x1d\xb4\xea\x08\x03\x93SS\xa0cz\x8b\xa5\x90\x88M\
\x8dyqA\x86\x06}\xb0\xbdy\xfe\xa1\xfb\x17|^\
=>\x03\x03\xc4{\xe48E\xc1W\xb3Z\x08\x84n\
\xbb]K\xf2\xd2kn\xaf\xdf\x9a\x1c\x1f\xd7\x1a\xed;\
\xb1\x9c\xc2\xea>z\xe6\xfe\x1b\xb7n\xe3jN]\x94\
/\xe7 \x84\x10\x94L\x16\xdbP\xda\x8b\xcb\x0a\xfd/\
\xc9\xc4\x98\x1d\xfc\x14Z#LH\x9b\x0dv$|\xc4\
\x1e\xa9\x11G-\xe5\x04\xf3\x0c\x04I\x81CO\x10*\
T\xae\x09\x1fh\x92\xf0\x1c\xd4\x00\xedh\xa2\xa9\x0c\xd3\
\xbcI\xc0%LR\x05]2\x9ba\xfc1\x1e\xb1\x18\
J\x10\x1d\xa0\x80\xfc\xde\xbf\xff\xbd\xdf\xfa\xf5\xdf|\xeb\
\xb5\xcb\xeb7\xee\xcc\x8cO\xdf\xba~[\xa5\xb3\xed\xef\
\x05o\x5c\xb9\xc1\xc9\xef\xb2:q\x98\xc0l\xe8/\xbf\
\xfe\xb5\x8b\xaf\xbev\xe1\xfa\x8d\xf93'W\x1e|\x88\
\xd6\x0f\xa0\xd5\xed\xd7.1\xbc+\xb8\xb1\xe9P\xeb\xbb\
\xf5\xf6}\x8f>\xf9\xd3\x9f\x5c<\xb9|\xdf\xb7\xbe\xff\
\x5c\xbaX\xbc\xfc\xe6ef=\xb2\xb2\xf1b\x15\x1fg\
\x1d\xd3\x5cv\xad\xd1\x8d\xc73F\xa3\xf5\xad\xb7\xaf7\
\x18\xc8f\xb44\x06\x8aJ\xa5c09\x8d.\x9fs\
lJouKdh`\x95\x97\xdf\xb8\x8a\x1b\xcc\xdc\
\xdc\xc2\xad\xd5U\x18\x9b,\xb4\xe9\xd9Yh\x03\x5c\xb6\
\x90\xc1!\xfc\xacWqj\xcde\xb2\xa0j\x94;\xe1\
X\xbcX\xc7\x88A\x91)\x95\xdd\x93\x13ss\xf3\xcc\
\x87\xce\x16\x8a\x0f<\xf8`\xb1\x5c\x02\x8d\xb7Y-$\
\xa3\x04r\x0b.~\x08G\xd0l\x8e\xc8\xb0y\x86\xce\
!h8\xa2\xf8\xc6\x0f\x84\x0e\x8ap!C\x1d\xc1i\
\x0d\xac+ds5\x0a\x97Q\xc4yZ\xa6\x01\x8cj\
\x98\xfcI'\x8b\xc4\x19\xbd\x09\x909\xb3\x8b\x04(5\
\xb4\x80B\xde\x86\xc8\x8d\xb5\xc8\xb99\xbf\xb8\x009\x96\
e}\xf5\xed\xb7\xd0ay\xdd\x18nR\x11\xc8\x1a\x0d\
\xe6\xf8\x91\xad\xc0\xf5\xa0\x159\x02\x88\x0a=U\xb0U\
H\xd0$\xd2\x89q\x1f\x93\xb8\xdex\xe3u2\x84#\
s\xfe[\xd7\xae\x1e\x9d_\xb8}\xfd\x06\xc51\xef\xe8\
\xe1\x87\x1f\xe4\xa4J\x05\x83\x18~c\x87\x8c\x0d\xe2O\
_z\x11\x0a\xd7\x8f_\xfe1\x14\xc1g?\xfc!\xae\
\x0b:h\x07A\x1e\xef\xb2TB\xfc\xc2f\x0a\x05\x0e\
\x18\xa3\x03i\xb1\x98\xcb\x0b\xd9<\xecf\x01\xc47E\
/\x0a\xe3\x9ez\x03Z\x0e\xecA\xf0y|\x1d`\x9d\
3'\xd2\xa9\xd7MN\x8e\xfbg&\x8e/\x1d\xf1x\
\x1d\xb8\x12\xff\xa7\xdf\xff\xdd@p\x97n\x01`\x0b\x5c\
\x17\x9a\x12\xc2\xb0\xa5\xd9::3\x93\xcf\xc6T\xf0$\
Z\xcdS'\x96\x1d\x93\xf3\xaf\xae\xefw\xf4\x96\xe7\xfe\
\xc7\x0b\x1fx\xdf{7n\xaf9\x1c\xaed:\xc9\xf4\
\x18n\x12n\x87t\x0a\xc1\xff\xa1J\x8a\xa1\xc6#M\
\xb7\xd7\x05\x98\x0dQ\x9a\xa4\x99\xafl\xd4\xea\x1ct\x0c\
V\xce\xa6\xd2\xcc\xd1$T7\x18(\xa1T;\xc7}\
\x10\x1e\xc1\xb2\xc8C\x18\x87\xcc\x027\xbb\xdd\xb6\x89\x09\
\xbd\xcb\xc5\x5c\x98Q-\xf2\x82\x22c\xb9\xcd\x06+d\
5\x95\xde\xf4\xe2O.\x5cx\xed\xeao|\xees\xcb\
\x0b\xc7\xfc\x8b\xc7\xae\xaf\xad'\xb2\xc5@(\xce\x08\x02\
\xa7\xcd\xc9\xde\x9f\xf0M\xf0\x881e\x81\x90\x8d\xec\x1a\
\x85\xcc\xf1\xe3'\x16\x8e,]|\xee\x07\xab\x97.\xb5\
\x19g\x9bN\xcfMNQSMLM7e\xea\xc3\
xb\xe2\xd8\xd1D\x01\x81{r\xb4\xd5\x19\xad\xd6\x87\
1{\xb8\xb2\xcf\x8d/EbY\x91\xeb\xc8\xb0\x08\x94\
\x9f\x5cy\xa0#\x1d\xadK\x15\xd6\xb1\xa9ZS\xfe\xfa\
[k\xdf\xfe\xde\x8b\x7f\xf4g\xdf\xf8\xd2\xd7\xff\xf2\xfb\
?|Y\xad\xb6>\xf6\xc4\xfb\xbcc\xf3\xb1X<\x11\
;\xf0\xcdL\xfb\x17\x8fdr\x19\x9b\xc3\x86\x1e\x9b\xba\
\x8c\xa6\x0f\x83\xef\x09V@Q\xc4E\xb4\xc8T\x99\xf4\
\x03\x18;\x9e\xad\x94v\x0f\x99\x17\x19\x04p\x80m\x90\
\xce\xe6\xb9)\xa0\xb6\xb0V\x91\xdfQ_ca\x8a\x98\
\x0e\xc8\x8eT\x88\xe4\x0e\xef)xO\xcc\xe2d\x5c\x0e\
\xacc\x8c/0q\xa3\xe3\xc3\x9e\xe6!\xa0\xde\xc0\xda\
\xc9\xa4\xb7\xe0`\x01\x0c\x86\xa1\x0b\xe7)\xf1\x96\x90C\
\x06-\xfc\xca\x14\xa2u\x09\x8c\x00\x91\x1c\xd7\x14\xe6\x18\
\xf0\xef\xe0dp\x03\xc7\xbcc\xe4\x84d\x17\x98\xba\xcc\
\xcc\xcc\xb0\x89 =\x03\x10\xa1X\x18\xca 1_U\
\xd2\xd3\x1ea\xb2\x11\xeb\xa5\xd5\x89\x84\xa3?\xf8\xdes\
\x0f\xdcw\xdf\x91\xc5\x05N':ZO\x9c\x7f\xe4\xb9\
o}\xe7\x91\x87\x1e\xbc\xff\xcc\x0aMR #Z\xfc\
6\x931\x1e\x8d|\xfc\x9f~\x120cjj\xea\xd6\
\xda\xda\xd1cG\xdf\xf3\xec3\x00}\xf82\x00\xa4C\
m\x87\x9f\xc1\xef\xf5r\x09Op\xb0X\x96\x0ew\x08\
\xfd\x06\xfdQtep\x1cX\xd5\xacK:\xc6J\xc8\
l\x02Y\x13j\x0b\xaap\xc6\xa1\xa6#aRm\x95\
\x96~\xb54\x18\x0e\x98l\xc6\x1f\xbd\xf4<\x8a\x11\x1c\
h\xce?z\x8e\x0c\x8b<\x9e3uj|\x1c\xdf\x02\
j\x1b&\xbb\x805y\xecN\x9d\xc1\xf6\xc6\xdav\xa8\
\xdeUX\x1dp$7o\xdd\x04\x94$?F`e\
\xb1\x9a\x01v8\xb1!\x7f\x83]b>\x81q\x90R\
R?s\xe6\x14@\x22'$\xe3\xd8\xe3Q\x9eu,\
\x0f\xfc\x8c)\xb2\xdeD\x8c\x07Zd\xb0\xea\xe4\xec\x1c\
=wLF\xe9N\xd22t\xcf\xf8\x11\x89\x18\xc7\xc7\
G\x8c&\xec\x8e\x14P\xf4\x11\xcf\x10\xe3\xad\x80Tj\
\x94\x88w\x83\xa1\x8eR\x95m\xd6AE\xa1\xa09\xa6\
\xa6\xcf=\xf9\xd43\x1f\xfdy\xb7\xc3\x03\x02\x01;\xa0\
Zax(\xef=\x8f4\xf9\xd7?\xfd\x9b\x1f\xf8\xb9\
\x9f{\xff\x93O\xf7\xb2\xa5\xcb?\xfc\xabz*\x8b3\
<\xbe\xb5\x00\xa7 \xe5\xf0\xc8[\x12Y\xb2\xd4:\xc8\
\xa5\xe6\xee?\xfd\xe5\xaf\x7f\x8dMI\xff|\x961\xb0\
\xae\xf9\x87\xeee#\xf7[\xfd\x90*ZM\x86H\x8c\
4\xa4\xea2\x5cC\xbb\xf3N8\xfc\xa7\x7f\xf1\xcd/\
}\xeb\xab/\xbe\xf6\xf2\xed\xad[\xf1t\xb0\x5cIW\
\xeb\xc5\xcbW\xde\xbc\x1b8\x5cX\xb9oqyI\xad\
\x1fEV\x8f\x09\x18\xb4\xec,\xb48 [1\xf7q\
\x14x\x0bW:\xaa=\x14\x5c0\xebi]\xc1R\x02\
\x13U\xd0\xb7\xea\xf5\xcbE\xe4\x08\x01\xf0Artn\
\x07\xf9\xfb\xf8\xe48\xc7\xb4\x02\x17\x04\xf1\x98[`\xa5\
4\xbep{es\xb04\xa1\xe7\x01\xf0\xb2l\x99\x1b\
\xcf\x82&\xa8\x01\xeabxDB\xacTi\xc8\xe7\xa8\
\xcc9\xe6\x85\xd0\x08^\xf5\xd0\xbcK(\xfe\xd9\xa5d\
\xb8\xe4\xb9\x08\x9c\xa0\x10\x89\xa3\x93\xa1\xa0x|\xcb\x10\
PY\xe0U\xf6{<\xadJ\xad\xefrzI\xa8(\
n1\xd2aR\x19?\x85\xd6Q\x0b'S\x15\xd4\x09\
\xb4\x14\xcaV\xae\xb8\xf6\xfa\x9b\x89\xd0\xe1K?~\xe1\
\xc4\xc9c\x9b\xb7o\xc0[\x22uY\x7f\xfd\x92Q+\
\xdf\xd9\xbb\x938\xdc\x0b\xe6\x12\xff\xec\xdf\xfe\xce\x17\xbf\
\xff\x83S\xcb+\xe9\xf8\xfe#\xe7\x1f\xber\xe3\xea\xc3\
\x8f\x9d\x9f;v\x94S\x9cMC#\x13\x80\xadQJ\
\xd2$\x15c:kUr\x062T\x1a\x1d*\x83\x9e\
[\x8eV\xcalE\xcc\xcbz&yU\xf6\xe9\x98\xa9\
\x0d=\xad\x9e\xb1Q\x0a\x93A\xa1\x971n\xde`\xb3\
c\xb9H\x9f\x995\xc7 \xd6r9\xff\xc4{\x1e7\
M:?\xf2s\x1f\xdc\xbe\xb5\x1a\x0fl\x1c?>q\
\xe2\x81E\xfb\x84\xfb\xea\xea\x1d\xb7\xd3O\xdf\x120\xbe\
\xd0W\xe4\xe5\xba;\xd1$\xcc0\xa6\x5cgB\x81r\
.\xedr\x18\x0d\x98\x06ShHi\x04\xa9''\xfd\
\xd4\xb7\xd5\x5c\xcam1\xe8F$'\xa6\x17\xba\xe2\xc0\
P\xd1\x1f#\xcf\xfe\xea7\xbe\xf1\xd4SO\xe3\x0d\x8e\
(\xd5\xa0w7\x1b\x83\x06\xa8J\xabE\xbb\x94GJ\
kw\xa079f\x8f0\x22Meu\xe0\x1f3\xa2\
d\x846\xd8\x0e\x0f\x5c\xd5W\xeb\xea\x14\xa3&[\xb3\
\xaf\xb0\xc1%\x98\xf0\xeb\xad\xae\xef\xfd\xe0\x05\x1cM\xa6\
\xfd\x0b\x5c/r\xf8\xa3\xc7\xe6\x9f\xff\xdew\x98\xe6\xc5\
\x5c%\xd44\xf8\x0e\xbd\xeb\xa9\xc7\x9f\xfe\xf9\x8f\xf0\xfa\
{W_\xaf\x84\xb6\xd1\x81\x05v\xf6\xef?{Ve\
6\xaa\xec\xf6D\xbd5w\xe6a\xe3\xc4\xc2\x1bw7\
\x19\xbf\xfb\xfa[o\xc4\x0e\xf6\xd4\xbd\x96C\xa7b\x06\
9\xae8\xa2\xd9\xccG\xa1\x90\xc3\xc0\x85!I\x18\x22\
e\xe2\xa9\x8d\xdd\xb5\x1b\x9b\xd7\x0b\xed\x0cd\x02\x8aY\
\xbdI\xefv:@\x9c\x10\xe8\xc7\x221N\xf3\xb5\xf5\
\xb5_\xfe\xd5_y\xef\x13O\xfc\xc1g\x7f\x0b\xba\x5c\
>\xdf\x0b\xedo\xcb\x06Pys\x8dZ\xf1\xf4\xe9\x93\
\x10\xf5\xcdJK\xcb\x84\xefWM\xa8\xfd\x85m,\x98\
\x15\xab\x1am\xac\xd4`\xa2\xe7\x5c\x85\x06\x82bN\xd3\
\x83\x08\xa6\xb4\xd8\xed\x0c<\xcb\xb7\xd9\xfc4\x02\x19K\
\x00\xee\xcb\x02\xa6\xb1\xcd\x8f%\x03A\xcb,x\xf0h\
\x9fIY\x08\xd8\xf4\xe4y\xdb|J<&N\x03_\
\x08)(%7\xecjV6\x9d\x0a\x1e\x99\xb8\xb2a\
c\x9e\x1fLC]ts\x18l\x06\xcd\x8d:\x07\x11\
q\xda\xc2\x8a\x81\xa4Se^_\xc0\xee\xb0\xa1*\xd7\
\x0a\x85\xa8Ft\xf1\xb1\x94 M\xe9\x0e\x98\xd2-k\
\xf7\xd2\xe1\xa8A\xa5\xfa\xed\xff\xf0\xfb\xff\xfa\xe3\xbf0\
c\xb7_\xcdf\xfa\x95\xe2\x0b\xcf\xff\xe8\xe8\xc4x>\
\x14\xb0\xb8Q9\x99\x0f\x98\x8082\xfa/?\xfa\xb1\
\xaf\xfc\xd1\xe7e\xcan\xa3T\xff\xc4\xaf\xfc\x0a\x81\x96\
\x80/\xea2\xfa\xf3B\x13\x8b\x8a^S\xe5\xf9\xb5z\
6\xb3\xbdZ\xac\xb1\xf5\xb8R\x15S 0\x86\xd5\xa1\
\x1e\xd75\xb9_\x0a\xa5\x16\xde\xa9 \xc0\xe3\xd1\xd3U\
\x1a4\xd5V\x0d\xab{\xc6\xc6\xa3\xcf\xc2\xfd\xd0:1\
\x0f\xd9\x00\xda\xbe\xd9h\xa3\x81\xe5\xd1\xaa\x0e7\xb6\x1e\
8\xfd\xc8\xbf\xfb\xdeK\x9f\xfc\x17\x9fI'\xc2\xd9d\
\x1a\xb3\x86\x09\xbbn\xaf*\x83m\xedpz_x\xe3\
JK\xa1\x8e\x1f\x06\xe7\xa6f\xc8@\xc8O\xb6vw\
-\x06\x8d\x9e\x87as\x03\x84\x93\xd7B\xfa\xc5Q\x11\
[\xf4\xfbVNJZ\xfd\xd0At\xe9\xbe\xd3\xa5F\
\xfdk_\xfe\xce\xc7?\xf6K\xe9t)\x9bi\x9f9\
\xe9\xdb\xdd\x09@pGw397[\xca\x15\xccJ\
\x1a\x5cj\xc4\x04\xbc&\x89\x1f\xd1\x88\xbd\xd2\xcc\x17\x89\
J\x9c\xcc\xa0\x19\x82\x02f\xd0\x81\xb4p\xaa\xc3\xa0\x97\
\xaa\xdd\x91\xbd\xed\xaf~\xe9\x0b\x98 |\xe67~\xe3\
\xfc\xb9\x87\xde\xfd>\x9a?\x00\x00 \x00IDAT\
\xfb\xc1\x0fA\xa2\x82N\x82#\x8a\x9am\x0d\xec\xdd\xeb\
<\xfe\xd8\xa3\xd1\xad\xcd\x8b\x17/\xb8\xf5\xca\x1bw\xef\
R\x1b?\xf0\xc8\xc3\xd8\xe8O\xccN \x84\xa3\x85\x8b\
\xfbgW2\xca\xb4\xa3h6A\xdb\x01\xc3\xd2^\xa3\
\xa5\xb6X\x8f/\x1d\x17N:\xbc\x09~Y+\x9dp\
4\xa43h\x1a\x9dj<\x1d\x86j^\xacfj\x9d\
\x12\xa2\x07\xf2f\xb4\x08\xa4\x19(k\x98\xe9A\xcf\x09\
\x90\x1c8\x9b|tw7\xf8\x95?\xff\xaeBi\xf8\
\xe7\xbf\xf4\xabx\xca]\xb9\xb6z\xf6\xdc\xc3\x0f\x9d?\
?1=\xcd\x9cd\x1d3g\x81(9\x83\x98\xd4@\
\x94\x1dJ\xaf\xe0\x82\x81?@T\x82\xc0G2\xc7\x0a\
\xc5\xab\xc0\x7f\xf4\x08\xc8<\xcd\x8eJ\xb9j\xb7\xd9\x90\
\xea\xa0\x05\x1a\xb6lI\xf2\xe8\x0e\x89\xbc\x86\xb7)>\
\x84:\x9e\x8dB\xc20\xd4\xac\xd3\xe2\x10\x9er\xc8\xa3\
\xc4\xfb\xe4\xac\xe7\x8f\xc0\xab\xacij\x1d\x98:,\xf5\
{\x06\x7f\xe4'\xfc\x01<\x82\x5ce(\xe4\xeb\xe1\x96\
\x08q\x8aK\xe3U\xedv\xeb\xd8\x98\x87\xf2\x8e\xee \
\xdb\x98\xd4H\x83\xbb\x1a\xa4BT\xaf\x9d^\xbdP\xd9\
Y\xbf\xebEc\x96\xcf\x05\xd67\xb6n^?{z\
Y\x22\xeb\xff\xc2\xaf\xfe\xb2<\x97\xb69L\xc5j\xde\
\xe7\xf2X\xdc\xcep2y\xee\xf1'=6\x07\xa8{\
4\x95%\x15\xd1[\xacJ\xbdp\x1feg\xb1\xb3)\
E\xd8\xb2d\x00\xf0\x95\xc9j!}\xab\x8d&0\x05\
\x1a`\x1dH\xa7F\xeb\xa8\xc1\xaa\xb1:U\x9eq\x99\
\xd91\xa23\xc1u\xfc\xdaw\xbes\xe2\xdc9\xb5\xcd\
\xd9S\xea\xe4\x1as\x0f&\x9b\xd5\x05`!jQ&\
21\xc40\x9b_\x7f\xeb\x95\xf0Vxv\xe2\xf8\xf5\
\xd5\xad\xd0a\x82I\xc1wn\xddb\xd0 FXF\
\xaf\xf7\xc57\xdf\xd2\xda\x9d\x17\xaf\xae\xa6h\xcd\xa8\xd5\
,\xe1\xe5\xa5\xa5B6Cy\x00V\x81\xd2\x02=<\
wsqn\x96\xd1\xe3x#\xa8\xe5#\x1cSz\x0d\
\x95\x8f\x12\xdb\x86c\xc7O\xc1\xd2\xdb\xd8\xd8\xf3x\xa6\
\x02\xfb\xb1x\xbcP)V\xd1d\x8e\x8f\xe3G\x90\x0a\
\x04\x82\x8bg\xce\x8a\xfcmT\x99\x8f'j%pj\
\xe4\xeb\x04(\xaa=H\x03\x90\x9a\xfb\x08U`\xe5\x8b\
P\xd3k\xb1\xb2\x9b\x99\xb4\x99~*\xba2\x85\xfc\xdd\
\xef}\xe6\xad\x1f=\x7f\xf2~\xe6?\xa9\xaf\x5c\xbc\x84\
Sc\x1f\x057\xac\x98N\xeb\xe8\xb1#\xa81K\xf9\
,\x99\x1b\xee\x063s\x8b7o\xdfF]\xb6\x1f<\
\x08%bk[\xdb\xd7\xd7\xee\x02%\xfc\xe8\xbb\xdf\xc6\
\x1b\x03\xb8\xe9\x98\x7f\xe6\xa1\x95\xd3\x93\x1e/\xa9\x9d\xcc\
%\x94\x07<N\xa9\x05*K\x11N\xd8A\x22\x17K\
d\xa3\xc1\xd8>>k\x04\x08\x04\xfaP\x158j\xe0\
@#Qa;R\x9f\x81\xeeS\x1d\x0b\x01-m\x07\
\xb96[.\xed\x1e\xec\x9f;\xff\xe8\x13O?\x1d\x08\
E\xae^\xbfy\xfd\xf6\xfa\x91c\xa7\xea\xc5*\xb5&\
i+\x09\x18\x01\x95\x1cZp]G\x04\x97\x93\x9a\x80\
\xc10\xc41v)\xde\x9e\x09\xdc\xb4\xb4\xbaP(\x82\
\x0d\x05\x12\x18\xb1\xc0 \x8c\x0a\x1b\x05\x96\x84X\xa0\xfc\
(z\x06\xe0\x15x/\xd1\xec\x10\x0b\x97\x86\x05\xe1\xee\
gqY\xfc\xbf@\xe2\x84=6\x9a\x0e\xb1\x90\xc4R\
&kf\xdd\x8f\x10G\xda\xbc\x0cM\x07\x8e\x0b\x1e\x01\
\x97\x83`\x8e\xae\x0aZJ\xde\x03\xe8\x1e,Ma\xf7\
\xdej\xd0\xb3\xc0\xbd\x89\x87\x80\xc4\x15\x0e\x13&\x01\xb4\
cu\x0a\xe5\x9d\xb55.\x7fw\xf3n5\x95:w\
\xdfJ$\x1a\xccV\x0b{7o\x84\x02\xfbn\xffD\
_3\xba\xbd\xbb\xa7\x05\xa4\xbb\xef4^\x19\xbe#\xc7\
t\xbeq\xdb\xd4\x14c\x8e$:\xdd\xc2\xca2V\x1d\
\x03\x9a\xc0\xb0h\xdc.\xe8v\x0a\x9b\x8dtGF\x09\
91!7\x18\xc0\x10Z\x90+`0z\xc6y\xcb\
\xe0\xd6\xf4\xbe\xa0kF\x0f\x82\xdaQ\x15\x95.\xea`\
\x86\x89I\x85\xdb\x0a~J\x92L0\xfck\x9f\xfa\xe4\
w\xbe\xf8\xc5o\xfe\xf1\x1f\x7f\xe3s\x9f\x83\xdf\x881\
,'\xf4\x1f\xfd\xe7/\x0cZ#\xd1 \xef.h1\
\xe8\xe9\xb3:\x5c\xeek\x07\x81[\x81x\x9a!L0\
:\xb4z\x9cl8x#\xa1C\xf2~.\x93\xadE\
\x89\xc6\x0d\xb0P\x11\xb6\xdb\xf8m\x00~\xe2\xf0\x0b\x1f\
\x18;7\x82(\x01\xfd\xe00b2;\xb7\xb7\x03\xb9\
\x5c%\x97+[,\x1e\x95B\x1d\x8d$\xa4\x03y*\
\x99\xa3\xcfS\xcd\xe4!$E\xf6\x0f\xa1\x96Y\xac6\
\xce\x11\x90z\xe8\x00r\xf4\x22X~q\xca\x90[\x22\
[$<b=^\xa9!\x82G\xcd\xa0\xea\x0f\xd2\xbb\
\xbbw.\xbczrn\x9ey?x\xf2~\xf5\xcb_\
\xed\xd5\x9b8\xce\x81\x05\xd3\xea\xf6x]\xfe\x99\xc9V\
\xadBy\x9dLe(\xa5r\x99\x1cQ\x8fq\xad\xae\
1\xcf\xf8\x94\xff\xf8\xd2\xcag>\xfd\x19\xbf\xd7\xf9\xc9\
\x8f\x7f\xec]\x0f\x9d}py\x99\x22i\xed\xe6\xcd$\
\xca=q\x5c\x0f?\xcau \xb9V2\x1bC\xcfY\
\xefT`\xbc\x01\xa023\x01V\x11k\x84\xf8\xc8\xda\
B\x1c\xc5{d\xa9LL\x8ek5Z\xb8\x06\xe8\x19\
)\x93\xcfL\x9d\xfc\xb3o\x7f\xe5\xab\xdf\xfe\xf3\xa5\x85\
\xf9_\xfc\xe8G\xcf?\xf3\x11V\xdf\xc6\x9d\xdb\x0c\x97\
EC\xa2\xe8\xa2\xdd\xc7\x10\x8aV\x05S\x07\x98\xd2$\
\xc0\x13\x9a\x87\x06\x83\x9e\x08m\xd4\xeb\x99\xced\xd6\xeb\
\xb2\x90\x1b{\x92SK+\xcdBV\xd1C\xed\x00\xe7\
\xab]\xe9\x94\x98\x83\xc8\x13\x12\xc98TUa\x1a\x8d\
\xa9v[\xadU\xf1;o\x5cl\x01a\x12\xc0\xf1\x87\
6\x09<C\x08\xb8\x90\xae\xd3\x1c#\x93\xe1\xbd\xa2\x00\
@\x86Lg\x0d\xa9\x08\xe7\x00\xab\x9bh\xc26\x13\xf4\
\x12x\x1b#H\x07\xcd\x5c\x1a\xd9\x8cp\x0b\x10[n\
$\x10<\xd4\x9b\x187bbCS\xa5bJ\x8fp\
\xcd`6Q\x81zf|r\xa6[\xb7\xea&\xa7\x99\
\xbd\x12\xd8\xdc\xebTh$J\x1e\xfb\xd0\x87cG\x0e\
\x1d\x0b\x0b\x12\x8f\xb3\x86L\xdbn?\xe1}\xf2\x94Z\
\xdd\xa9U\xc5\xa9\x8dC\x8bJ\x95\x88F5&m_\
\x89?/\x8e\x84\x03\xfc\xaeq\x17\x14jPh\xe6 \
\xc5\x12\xc4\xb0<^1\xd0\x1e\xc8\x11\x16\x86Yk\xaa\
\xc6\x92\x7f\xf5\x93\x8b\x5c\x9fz\xf1X-\x99\x7f\xfd\xe2\
\xa5\xf7<\xf3\x0c\xdb\xd9\xce\xea\x0b\x1e\x1c\x99\x9apN\
\x8f\xbdu\xf1'\xb7.\xbdVnK\xac\xda$S`\
]VS\xad\xdc\xcdG#\x9e\x07\x96\x83\x12y]\xef\
8\xf3\x9e\x937\xb3\x7f\x91\xe1\xd5\xc9\xcb\xa8\x10\xb9\x09\
\xc2\xbfF\x83\xcf>4F\xda*\x9cp\xb5v;\x9a\
L\x0e,\xe6A\xa7AJ\xc7\x1b\x00\xe5\x18\x0cJb\
\xa2{\xad\x12\xc7E\xb3T\xcbdrX\xba\x9e<\xb5\
\xbc\xb5\xb9\x85\x98\xf2\xfc\xc3\xe7\xd2\xe9\xa4\xb4\xaf\xc5\xa5\
_\xaf-\xbb\x1cb\x9a\x8f\xb23B\xef\xa2G\xdd\x0b\
\xcc\x04\xdb6K7\x9d~\x08~\x0a\x22:\x02.`\
\x1eJ\xad\xc5dN\xa3J}x{\x13\x221\xc8\xa6\
\xa6=H\xec\x87\xfe\xcbW\xfe\x02\xe6\x93\xb2\xd3\xc7\x13\
\x94'\x89\x014e3\xfbs\xb7\xd9\xda\xdc\xd8\x84\xc8\
cw;\x0a\x86\x0cnr\xa4\xa4\x95TN\x1cM\xc6\
\x94jDvla\xb6K\xe3\xad\x5c:(\x14X\x96\
(3 \xbe\xbf\x83\x8d( S\x953\x1dI\xab\xc0\
$\xf4J\xb6\x85R\xa0\x0b\xd9R\xac\x1c\x0e\x02V\x0f\
\xcbHpAGd\x1a\xa6g\xb4[\xe1h$_\xcc\
7Z\x15\x89\x9c\xcf\x0f\xe0\xe8\xc1\xe0I\xa4R?\xbe\
t\xe1\xc2\x85\xcb\xfe\xf9c\xbe\xc99&wN\xce\xcc\
q\x89\xb0m\x80NM\x06s\xb3\xd1\x0a\x05\xc3p|\
'\xfd\xb3\xe8pi\x19\xb2\x14\x11\xe3\x02\xed\xb1\x7fp\
79q\xfc$\x96\x08\xd4\x00\xad\x06\xd8\x17<l-\
\xf7\x85\xbf'L\x83\x9d\x08U\x81h\x85\xcbI\x8a\x08\
\xe1d\xde\x94\xd1\xb0\xaeu\xc8\xd3Y\xcb|\xc6\x99\xc0\
v\x17\xbb\x80\xc4\x84\xff@\xc9P\xa4\x92\x11)\xe9\x5c\
\x00\x08p-\xfcBSOB\xc2[\x22\xa2\xa0\x18\xcf\
\x17\x8a(\x91\xfc\xf3\xb3TWj\x9d\x0e\xab\x1dX\xed\
\x82\xd2\xcd\xf6`\x80\xa0J{\xf9\xe2k&L\x0e,\
\x86\xb3O=\xb1x\xe2\xd4\x8b\xdf\xfd\xb6\xfb\xc8t\xa7\
\xd1\xcd\x07\x92\xc7\x17\x8f\xc5\x0a\xb93\x1f\xfc\xd0\xe6\x95\
[\xf3K\xa7\x146\xbb\x0e\xaa\x90J/\xc5\x19\xaeR\
\xc7\xc2\x91\x8bEi\x80\x5c\x81JJ\xf8.aW\xc3\
%\x03h\x95h\xadc{\xda\x81\x14\xd9m\xb4\xeay\
\xb8\x9dY\x0e+x\x9b\xdca\x9eP|cK]o\
\xc3\xce\xee2\x08uc\xd3;\xaaz\xee\xf3\x9f\x87\x9e\
\x1f\xdf\xdc\xf8\xde\x97\xff\xcck\xd0\xcc8-S\x0e\xf3\
S\x8f<\xc4\x0c\xbc\x9b\xbbY\xc8;\xb4\x07\xdb\xe5\xac\
j\xa4\xb3\xbc|\xfc\xe2\xdbW\x92\x1d\xd9\x99g?\x0a\
\xeb\xe5\xad\x9b71)w\x8d\xfb\x22\xf1\xc4\xfb\xde\xff\
\xfeT2N\x0b\x18\x0f\xa6\x5c\xa9\x84?%\x0cS`\
h\xb4It\xc4\xd8E\x1cq\x10\x1f\xf0\xc3\x87\x90T\
\xacV\xa1\xb8Q\xfa\xe4\xa1d\x0eO\xbcT&\xe5r\
;\x81v\xf3\xb9\x12\x19b,\x9a\xe0\x01\xd9l\x8e\x10\
\xa6G\x87\x01\xe6\xb9!FR\xdb\x8c<\x03\xd8\xbc\xfc\
\x8e\xa1\x00'\x13\x8f\xe6\xd5W^a\x15zq\xef3\
Y\x1a\xd1d%\x99\xf9\xf3?\xfe\x13\x132_\x83\x95\
\xe6?\x8307\x0f\x0e\x10\x1b\x82(s\x982\xa5\x16\
\xf8\x91$tvf\x1a\x13~\x16\x09\xb7\x11E\x05\x15\
\x91Y\x00Pu\xde-R\xbe\xcb\x97\xde\xa66\x98\x98\
p\xf2\xcaL\xca\x03\xb5=\xd8\xdbG\xfc\x01\x9b\xe5\x9d\
\x95\xddO\x04\xbax\xbf4Jx\xe2\x96jy\x9cC\
!a\x0e\xa3\xb9p\xac\xe0\xa0\x1f&\xaf\xc48\x98\xa4\
\x08\xc2\x1a,\x1e~\x91L\xe1\xef\x8a\xda\x0735\xd8\
\x05tU\xc0\xf3\x99F\xf9\xd3\xd7^\xbdz\xed\x86\x7f\
f\x0aA^\x8a\xa3J\xa9F\xc7\xb0\xbf\x1b\x88\x84\xe3\
\x13>?6\x947\xd7\xd6\xfd3\xf38\xd4`J-\
jD1\x1dFZ\xc8\x16\x98\xfd9\xe6\xf4\x82R3\
\xc1\x83\xfb\xc5)\xc9)L\xe4\xc7F\x19/\x0d\xf6=\
B#\x91\x8b\xdb\x1dd\x0f\x04]@+<}h\x86\
 V\x12OE\x98\xf1\xb1\xf4IaHCxd`\
\xd9`\x1e|.\xc5Io\xb8\xb8'\xf8.\x5c]T\
j\xd4\x93\x08\xbbh\xaf\x19\xa4b\xd23\xc3\xe9\xf0\xf2\
\xae@\x9c\xc0\xab\xc5hu \x1f\xc1\xb4\x16v\xbf\xa2\
\xd1\xfd\xc9\xf3/0\xed\xf4\xf1\x8f\xbc\x1fz\xc4\xe1\xe5\
\xb7Ii\xde\xf5\x89\x9f\xff\xe2\xe7>\xefV\x99\x01y\
\xe2\xa5\xfc\xa9\xe3K\xd7/^\xc6s\xdfd\xb7\xc3\xf6\
\x1c)\xd7*\x89\x94\x14d\xb7Zm\x17+b\x1dg\
r\xcdBY\x81\xb5Z\xbbO\x19+\xab4\x10\xdfb\
J\xd0\xce\x95*\x89\xac\xde`Q\xb2\x91s%\x9d^\
\x05\xdb\xb6\x96/v\xf3\xa5\xcc~P^\xae\xdd\xf8\xc9\
\xc5\xed+\xd7zD\xa1XTKm\xdd\xaa\xbf\xf6\xf2\
\x8b\x16\xbdz\x0f\x0a^\xe0`\xcc\xe1LE\xe3\x81\xdd\
\x83rk\x14\xf4\x10;K\xc5\xa8\xc4`\xd6\x1a]\xf6\
\xbdTf;_]\x8b\xe5^\xb8x!\x99\xcb\x92\x8e\
3\xb4\x079:,E\xb2\x91Z\xad\xc2\xa1(Jt\
\x162\xd1\x8b\xa9=B\x92\x83\x8a\xac\x02b\x9a\xce\xe7\
P\x95\xebQ\xe0\x98\xcd\x8dn7\x0e\x0e\xd3E-Q\
\xa3\xae\x06\xdeV\xe9T\xcc\xaf\x22\xff\x83\xa7\xc5M&\
\x08\xe4\x0aYr\xf5\x0f}\xf8\xfd\x8b'\x8f\xda\xa6\xbc\
\x9aq'_\x83s1\xdd+$\xee$PPuK\
\xc1`do\xcf0\x90\xde\xbax1\x17\x8d!\xf1\xe2\
$\xcd\xa62t\xebr\xf9\xe2\x98or\xf5\xc6u\xd0\
x\x94i\xe4\x8e\xc8\xcc\xe1T\x11=\xc1\x7f\xe0\x8ap\
\xd2\x90Z\xda\x8d\xe66\x82\x15\x92n\x19\xaa\x00]\xa5\
\x5c+\x15\xeb\xb1XBo\xd7\xcf\xf8|v\xa3)\x11\
\x8d\xf0d!\xd5\xec\x1f\x1c\xbe\xb3\xb2\xdb\xb1]\xec\x91\
hG\xb5z\x18\xab\x91\xdaC|\x15\x15\x14\xeb\x04Y\
\x15\xdd\x0d\xb1\xb6I\x98IIx\xb0\x22\x94\xf3)+\
\x09\x86(\xd1VH\xb1\xf8\x0d\xb4\x9f@\xc8\xd2\xe1\x83\
R\xfb\xfa\x8d\x9b\xa1h\x8c7\x9dJe\xf7w\x0f\xe0\
\x93M\xfaf\xb0E\xd2\xeb\xadG\x8f\x9e\x00\x81\xbb\xf4\
\xcak\xe9d\xda\x85*[\x18\x85\xc9\xccZ\x03`M\
\xbd\xda\xfc\xc6\xd7\xbf\xedqy\xe1\xb7]x\xe5\x02\xd0\
=\x87&r1F\xa5{\xbd\xf4\x9c1\x8d0pt\
`\x80D\xbe\x81Q\x1b\xa1\x84\x96\x1eN+\x5c\xb1\x10\
G\xf1^)\xd1h7`\xc9\x8e\x83\x17k\x169\x02\
\x90D\xb7\xeb\xf1x\xa1\xef\xd0+\xa5\xf4A\xa5g4\
Yap\xd2\x9eP\xe8\x0c0\xdd\x8c\x16\x1bk\xda3\
\xe6S(\xd5\x16\xdf\x8cz\x94A\x1dz\xad\xd5\xf4\xca\
\xb7\x9e\xcb\x84b\x1f\xfe\xc5\x7f\x8c\xfb\x0e\xc8\xee\xf6\x9b\
\xab\xb9ba\xea\xf4\xf1\xc9ia\xcdb\xf0\xd8\xc6N\
.h\xec\xa6\x9f>\xf7<\x1b\x0a_a\x87\xdd\x22%\
\x22B\xe4\x94\xf7a\x03\x08~\x08\xb0\xa5\x94\xd0\x85j\
M\xc2\xdc\xa0\x1anz`I\xb8\xb4V\x19\xa4\xd1d\
\x1f\xf6H\x82S\xa9\xfd\xdd]\x87\x13\x8d/\x9b\x14\x01\
\xab\xd6\xae\xd4\xbd\xfc\xdd\x1f\x06\xb7v\xa9\xbe\x89\xb2J\
\xc8\x06\xa3#o\xad^=y\xe6\xf4A8\xe4\xc0p\
\xa2;\xb8{w\xd7\xe9\xf4\xe1\xb7\xcc\x983v1u\
L\x0ek\x14\xbd>\xc1\xb4\xd5\x953\xc5\xfeH\x86\xc2\
\x1fuV\xb3\x8dg\x1b3\xb9EAV\xc8S`\x81\
\xbec\x94\xc3\x22`\x11Q\x8e\x93=\x12\xb0\xd0\xb7s\
\x1a\x03e\xc8\xd5\x9a\x0ap\xf5@\xe6\x9b\x99\xcb\xd2\xd3\
\x15\xdfK\xa4\xebQ\xf4\x8bB\x11\xc1+=\x87f\xf9\
\xd8\xd2\x22\xf3#\xacv\xa3\xd1\xac\x19\x9ft\xf5\xa4\x98\
\x03g\xb3\x89C%[9\x1d\xeb\xd7J\xfdzIZ\
-\xc57\xd6\xe1\x9en\xaf^E\xca\xa6\xa5\x8dT-\
G\x0f\xf6b\xa1C\xc2\x10\xb9\x80\xdel\xf4L\x8e\xbf\
z\xf9\x8d\x14L`6\x18\x12*2\x199-p\xd4\
\xf72\xa3\xdetf\xe5\xf4\x7f\xfd\xc3?\xbc\xb3\xb1\xae\
\x03\x94\xe5d\x963\xeaV^\xaa\x14U:=\x95\xd0\
\xda\xf6\x16\xda\xa7\xe91\x1f\x13\x82\xbc.\xf7\xee\xde^\
<\x99\x9e\x9a\xf2\x0b\xde\x08\x07\xbd\xf8\x95=l\xb6!\
\xc4(*\xcd*|\x0bH\xe5\x22\x89\x15\x0d?\x968\
\x02d\x98\x9f\xecn\xd1\x03\x16\xa9,\xa5\x1c\xf2X\xd4\
\xf5L\x80n\xc9\x84\xd9\xae\xf0\xc2G\x81j\x22\x00\xc3\
\xaf\x14n\xc90x\xba\x92H\x1a\xc2\xdd\xf6\x94o\x1a\
s\x82\x5c\x1a\xcda\x06\x07\xf0P0\x16\x8bDX\x8a\
H\x091V\x9e\x9a\x9e4\x98\x0c\xacG\xd2\xde6\x8a\
\xa0D\xee\xee\xe6\xfe\xa9S\xcb\xf1h\x8cQ8\x8c\x10\
y\xf3\xf2e\x1a\xe6S\xd3Sd\x87\xf1X\x88\xc5\xfa\
\xf6\xdbWh\x22\xb2\x7f\xa0\xc5^_\xbd\xca\xc8C\x8e\
oj\x01\xc1_\xa6$\xa4\xc3\x22S\x80L\xd7I\xa9\
\xfa\x03`G\x9e\x0c\x89\xfb\xf4\xb4\x9f\xbfd\xda\x00\xe8\
\x1b\xad\xfe\xc9\xa9)\xf6\xbd\x7fn\xa1\xdcj\x91\xe8\xd2\
\xe6\xc1\xe2\x83$\x84\x8a\x977\x06%\x9fS\x19\xd4\xf9\
\xe0\xda-\xed@~\xe3\xee\xc6\xca\xbb\xceas\x11\xb9\
\xb9y\xf2\xd4\xa9`5?\x87+\xdf\xcc\xf8\xd8\xf2\xa2\
f\xda\xa1\xf3X\x9e|\xf6\xd9\x13O\x9e\xf7M\xbaT\
6#ulG\xde\x92\xa0}\x01\x9c\xc7\xbcQ\xc2\xe7\
\x986\xe8\xda\x92\x96T\x0d\xf5G;j\xd4h\x1d\xa6\
\x11\xbdJc5\xe4\x1ae\xb5Y\xd7\x91\xf5\x13\xf94\
\xa0;h u\xd2\xce\xda\xc6\xa5\x9f\xbez\xf5\xf2\xdb\
\xc5|\x81\xf5\x87p\xbc!\xe9e\x9bU\x06O\x05R\
\xa9J\xa7\xb7{\x185\xdb\xbd\x18o4[<>\x85\
O\xdd\xca3\xf4M\x22\xdd+Tn\x85\x22\x85v\xdf\
\xe8pE\x12\xf1P4H[\xe0\xe4\xa9\x95\xf9\xb9\x85\
B.\x0f\xd7\x80[\xc4R&\x1b\x19\x9e\x94\x9cpB\
F\xca-\xc3\xf3\x03\x0fo*#PS`\x9cx6\
O_5\x9e\xc8\xd2WO$\xb3x\xdf\x00\x1e\x10S\
\xacV+&^:\xa3\xdc\xee0\xba=\xf0\xf0,f\
\x9b\xde\xe16;<f\x9d\x91c\xa1\x80A\xad\x14\x01\
s\xb5\xc8,\x81N\xbd\xb2yc5y\xb0\x97\xda\xdf\
\x83\xf1K\xd0\xc2\x9b\x1dF\x00\xce\x10\xb8\x03[m\xe6\
\x89\xe9\xc9\xe5\x07\xce|\xf3\xfb\xdff\x9d\xf4\xd1\x5c\x22\
6\xe3\xf0\xe4\xec\x80Z\xa5V\x82yr\xcc\x02\xd6.\
\x9d:\x01\x95\x85\x192\xd0{`5\xc1\xe4\xde\x0d\xec\
\xeb\xcdV\xe8\x8a\x14[\xab\xfba\x8f\xd9\x90\x8d\xc4n\
\xae^3[\xadhT\xd9\xc2\xd2S\xcf\xfc\xce0\xe5\
\x90\xf6\xd6^\xa1\xc0`\xde\x0a\xbb\x01\xf28\xfd\x13\xf8\
\x13Df\x92U|\x95\x04}_Dk\xc1\xa6\x80\xce\
\xcb\xaa&1c)\x90\x09!\xad\xa3\xa3\x0eLF\xe4\
\xd6ip\xf91\xe9U\x84^T\x8bj\xea=\x90\xb5\
R5\x07\xf9`qj\xea\x83\xef~\xd26\x0a[w\
G\xe8IZ\xf0\x9c\x8a\x90[\x85\x0a\xa4' 6\x18\
\xf0p\xe8\xe1\xe9\xea\x95:\x86U>\xfa\xee\xc7\xd3\xe5\
\xdc\xad\xcd;S\xb3\xd3\x87\x07\xfb'\x97\x8e\x93v\xe1\
W\x8c\xd4S\x03\x97\xbf\xdb\xf7y<X\xf3\x9f8q\
\xf42CS\xe5\xfd3\x0f\x9c\xa6\xba\x0dG\x22\xbeq\
\x9fN\xab_\xbf\xb3\xb1\xbb\xbdk1Z\xa8\x14\xa9\x5c\
\xb9\xaa\xc9\xf1)\xcd@\x9e\x8b$\xb4\x06\xbd\xd1m\x97\
j\x14\xf9R\x9e\x09\x91\xefy\xf6}a&S\xcdN\
)\x8e\xccH2\xd1B!\x8d\xe1-p$\xf9\x0a\x1f\
\xd4\x1ewWo\xbb\xed^\xfa#P\x02\x08\x01\x12*\
\xbcf5S\xcd\x19\xec&\xd1\xc4A%\xa0T\xd2\xee\
A\xefL\xd6\xf6\xe6\xd5+D\x1a\xa6\xe82\xf1\x18\x9b\
9\x86\xf71\x15;\x91\xc9i\xcd6\xab\xc7\xf7\xe0\xf9\
\xc7A\xfa\x1aUX\xae\xcc\xcb\x93\xc5\xc2\xe1\xed;\xeb\
\xc9Htk\xed\xce\x04\xe7\x09\xe3\xaf\x0aY|\xee\xe9\
\x8ekdj\x8b\xc6T\xcbC\x92MSJ#Z\xa7\
\xa9\xae6X\x03\x87\x01\x88^\xacE\xa8W,\x0eX\
\xbev\xbb\xa5\x81Q\x11`\x19u\x87\xc3\xfd\xa3K\x97\
\xb1\xcb\xaf\x0b\x92\x13\xfcGx\xe9\xaa\xb6J\xc94,\
\xaf\xc5\xf2\xcc\xa3\xe7\xf5R\xc9\xfa\xf5U\xac\xac!K\
\x15K\xc5p\x22M;\x8d\x96\x22\xd9\x08\xcf\x0ei\x02\
\xc7 Z\x9e4\x86\x13\xf8dH\xdaN\xbb\xcbau\
\xa5cij\x0e\xbbI\x8f\x90m\xd0EsN\x1a'\
;uz\x85\xe5\xc04xr7l\xd9y.x\x05\
\x80\xeb\xf26\xc3\x91\x10\x8e\xda\x16\xbb-\x18\x0ez\xdc\
\x1e\xe8\xee\xcc3\xe1\x15\x98yP\xcdG\x14]\xc9\x95\
\xb7W\x1fy\xfa\xd9\xbdl\xde\xb3p\x04c\xdc?\xf8\
\xdd\xff\x98\xdc\x8dp\xcc\xb2\xaf\xa7g\xa6IB\x00\xdf\
h\xc1\x91%p\xd2r\xa3>\xfd\xaf~\x0dM\xe7\x9f\
|\xfe\xf3\xf4\xf6\x19i9=5\x1e\x8dF\xa8J\x9d\
N\xf7n8~5\x10\xd3\x8d\xc8\xcf\x1c_B\x1e\x88\
\x84\x22W*\xd0\xee\x90.?\xf3\xd9\xe1\xca\x96(\xf6\
\xde\xe4R\xe9\xd5\x8b\xae\xa1\xa0\x89\xd6(\xd091\xb9\
\x8b\x1c\x0d\x84\x05P`\xea\x1bV\xb6\xc8[\xe9W\x93\
yp2\xc9Q^b4\x83\x99\xaah\x90P0\xe1\
\x9b\xaeS\xea1\x05\xa2Y\x0a\xb4N\xf5F\xa4\xa6\xdb\
\x8c1\xcd\x98\xc9\xfc\xe4\xfdg\x97g\xe6\xb6o\xdc\x22\
\x1fb\xc1\x95\x8aYn\x04p\x1b\xf8\xa5F\x85\xc1\xa4\
\xe8\xce\xd0jN\xe7\xb2\xb8\x05DK\xe9h1\x93*\
\xe6\xe0`\xf0\xd4\x99L\xbe|\xecx!\x1e\xa5Q\x5c\
\xc7$\xc9h\xa6\x9cl\xd4\xcb:\x9drsk}f\
n\x0a\xd6#\x14Jrqv9\xa6\xa0pOtj\
\x02\xb9\x90C\x16K\xd8\xb51\x05\x10\x81i\x85\x7f\xee\
i\x15j\xbb\xa13\xe8\xe0\x0f%\xd4\x93\x1a\xb5\xc5i\
\x96ie\xae\x09\xa7\xda\xa8\x92\x91X!f\xc1S\x0a\
zq\xb7B\x0f\xa8\x09\xf5L\x86d\xb8\xca{\x83\xae\
\x85\xb7\x85\xe0\x9e\xf4\x06\xd5F\x9b\x16\xb1\x88a\x1a-\
R\x04:\x0df\x8b\x09\x82\x0b\xcc\x0a\xcc!I\xe7h\
\x03\x08\xf4rT\x83Au\xaaP\xe5w\x98\xa2\x1e\xef\
\x0cul\xbd\x5c\x89\x1e\x06\xb1\x5c9y\xe4(\x03\xb2\
\xee\xdc\xbc\x897\x08\xc4\x12j{\x1dI.f\x91x\
Z\x0f\xb5\x1b\xacQ\xd2AA\xc1\xa3*m\xb6\x91\xd9\
\xf0\x0b\xf4\x00\xd8J\xa3Wn\xefn\xe0\x8a\xd2u\xc0\
\xdd\x98\xc6|\xf5mZh\x87\x87X\xcd\xd2\x05\x00B\
\xd6\xcaG3,q\x04\xf3x\xfd\xb4\xba.\xadr\xc2\
\xe5\xe48\xa6F\xc4])W\xadu\x04\xb2Kq\x82\
.\x82\xcaM\xf8\xee\x81mc&\xc1\xeb{L\x0a\x8d\
J\xaf\x94\xa9g&\xfc8\x0f\xe2\xd3P\xc8\xc4\xecV\
\x8d\xc7mAq-\xda\x1a\xa3\xca\xf9#G@[\x86\
\xf8\xa9\x84\xe1\x16\xbb\xdb[\xcc\x0dee\x8f\xf9\xc6\x0d\
&\xe3\xfe\xc1>[\x08\xe3\x05\x01B\x0d\x06\x85l\xaa\
SK\x18dj\x8c3\x1d3\xb3-\x83a\xf6\xbe\xb3\
\xff\xed\xbf\x7fQ\xd5\x94'\xd7\x83X\xb2\xa0\x22\x8d%\
\xe2[\xbb;\x5c\x1e\x0d\x1f\xeah\x98*\xb8\xc7|\xe2\
c\xff\xc8\xa0S_\xb9v5\x1a\x8b\xe8\x0c:\x02\x07\
^\x04\x90\x90\xe1\x1a\x90Q\xfdt7\xc4\x5c\xab\xe3\xf3\
\x0b\xcc\xd1KfR\xc4Y\xf6\xc3=<[\x94\x10\xe5\
\xc0\x9a\x815\xa9R\xb4\x05\xe9Y8\xfdp&p\x00\
\x11\x96\x05\xd0 \x965k\x04>\xda\x80YT<N\
2A n\xda\xe0\xac\x1b\xbe\x1fl\x94O\xc8\xbcI\
*@\x1f\xe8\x80\x80\xb2M\x8eMZl\x96\x89)\x1f\
=\xcbB!\x9f\xadg\x88\xbex\xfcN\xcf\xcf\x02\x8a\
C\x0b\xc6\xe3\x92\xf2\x82l\x1d_6(u(\x01q\
\x9b\x1c\xd1j\x06\x06M\xaaU\xbb\x1d\xda{{\xf7\xee\
f6Z\xe8wB\xe5\x5c\xa4\x94\x7f\xed\xc6\xb5\xdd@\
\xe0 \x95:\xe4DF\xc1\xa1\xd3qX\x80FM\xf8\
&\xe9\xc5\xef\xed\xecb\x1d\x84\x1c\x1c&\x09\xf9-\xd5\
\x01E7\xd0$\xb0\x1d5h>\x9d#O\xcbV*\
\xc9f-Z\xaf\x04r\xe9Mt\xc4\xb5\xda\xf1\x13\xc7\
\xcf\xae\xcc\xc3:\xa6L\x00tn\xc3P,\xe5X\xbb\
(\xaa\xe8\xcaw1}\xcad\xb1\xd7\xa7\xf3\xcay\xcc\
\xe8U\x98\x86l{\xc8\xb1\xf9l\x0d\xc1W&]H\
\xc6ay\xd5\xbcc\x13\xa0x\x9c\xe4TJ@]\x91\
HD.WS\x862\x022\x9d*e\xd3\x951\x8f\
\x7f{#\xc0\xe4\xd7\x06\xe3\xd9\xb2\x15E_\x8eD\x0a\
~\xe2\x8d+7\xf1\x15\xc4\x0e\x06\x14\xde\xa8\xd4I\x80\
\xd4kM, \xf4\x88\xbdQX\xe3\xdd\x07\xf5\x8eY\
\x17\xbc\xbfF\x93\x9d@\xa9\xc4_\x92u\x83$\xf2\x00\
\xf0\xa3\xa2Tx\xab\x92\x97Y\xcc\xc0\xe7\xb9V\x8bs\
\x87\x81\x1b\x88\xee\xa0\x96z]\x1e:\x06`\xc0zZ\
\xb4$\xd3\x9d.\x9e9\xc8\xc92\xe8\xaeP\xb1\xc2L\
e\xd0\x02\x8c\x1a<'\xda0\xb5\xf0T\xa7-(\x86\
-\x11\xc0N\xf9gh\xa3\xb6\x89\x9f\xb0\xbd\x08B\x99\
$\xf9\xf4\xdcQ\xbf\xc3m\x1d\xc7\xe1\x09z#~\xfb\
\xb5\xca}\xa7W\x10\x04\x12M\xd3\xc9\x043\xc5)\xbf\
\x18\xcc9\xe6\x1d\xdfX\xdbp8\x9c\x04\x97\xfd\x9d=\
\x14b\x0e\x8b\x9dO\xd4\x1al\x19\xebx\xc5\xd6Z=\
\xef\x94_o\xb6\xff\xf8\xaf^\x0em\x05\x90O\xdb\xdd\
.\xd2\x8fp4\x0aa\x90%e\xb5\xd9\xc0\xc1\xc0U\
\xc8\x940e\x802AJ\x0d0Wj\xb7\xb4fs\
\x06\xf6z\xb3\xc9\xceL5\x1b@\x8f\x1a\x93>\x10\x09\
\xe2\x89\x16/\x94q\x0e\x92\x80\xae\xbbf\x1fdY\xb3\
4\xb3;\xd7\xa8\x97\x81\x14\x18M\xc4^A\xad\x08%\
\x80\x05J\x8e1\x8c\xd6\xf4\xbb\x04\xc4@\x1a v|\
\x07S+\x18K\xa2\xcd\xc7\x07\x997\x0b\x9a\xbbA\x80\
dy\xf3\x01y\x9aW\xc3\x834\x8e_G\xab\xbet\
\xea\xb8\x7fn\x86<\x1b\xa1\x1d\x02\x0ax\xc6\x1cU\xb4\
OeZ\x15j9\xb0k\x8c\x9ex\xdc\xa24`\xaa\
\xd8\xa0\x97o7^z\xfd\xe2N!\xcc\xec:\x96\xaf\
\xc6jnI%L\x8f\xc4F\xda\xe4t\x96\xa8\xd6\x8b\
\xc5;\x91\x83\x9b[\x9b\x91XZ\xa6\x80'\xe8,\x15\
\xaa\x94AHP\x09V\xb1P\xd4\xac7\xf1\x96\x18\xa1\
-h%\x1aM9\xcf\xbc\x8b\xd1@4\x96n6b\
\xad\xfa~!K\xb0\xc5L\xc09>\xb1t\xf2x\xb3\
\x14\xe3q3\xbc\x99\x9e\x5c>\x9f\xc5:\x03<.\x9f\
\xcc$\xc3\x89\xe8N\x22\x19\xc6\xb2\xaf\x8a1t\x22]\
+U{\x89LU\xa5\xb52\xd1\xaaR\xeaO\xfa\xc8\
\xf5u\xd0\x1c\xc6\xbc\x93[w\xf7r\xe9B_\x10\x8b\
\xe5\xd9x\x06:V\xa1P=<LT\xab\xf8\xb5\xd7\
C!\x06\xc05\x0d:{>]\xe9V8\xe8\x15\xe1\
\x830\x96\xca\x94\xd4.\xe7X\xb9\x5cW\xeb\x8cXA\
V\x0b55|\x0b\xc8\x06\xa0\x03\xb5\x1a\xe9\x0d\x1c\xc2\
\x16%;\xfe>\xb4\xe5\xe4=\x96,^\x1b\x0c&\xc5\
v\x8b\xc2\xb9\xc4\xfc\xb8z}\xf6\xe4\xc9\xfdNk\x8b\
\xd4;\x928\x08\x859\x9d\x0ax\x886;\x18\xe9\xa9\
z#\xd9\x02\xe4M\x04CX\x87\xd6\xa6&\xa7P\x1a\
\xd4\xe9\xef2+\x15\x09\x1c.\x0e\xa8\x9eE@\xc2\x15\
BA\xa7\x8a\xd8EF\xcd\xd9Ls\xc4\xad7\xd2k\
\xc4\xd2\x82)u\x88ex8\xcc%J\xa6#\xc1\xf0\
\x01\x9c\x02;\x8e~#\x12\xe8\xcd\x07\xfb\xe0\xc8y\xa8\
\x9a8-\xee\xee\xee\xa20\x9f\x98\x9c\xb9~\xfd\xe6\x8d\
\x1b\xb7\xa0v/\x1d=\xa1Vi\x0f\x03\xc1\x9d\xad\xbd\
\xf5\xf5M\x0c\xbc\xdc.\x1f'\xd0\xce\xc1\xa1\xc3=N\
\x0f\xe7\xc2\xcb\x17\xd4\xcc{htl^\x0f\x15.m\
z\xa2)+\x10\x9a'\xf0\x0b\xfb\x84\xc2\x09\xc8\xf4\xf6\
\xf6&TX\xdee\xad\xd3\xbd\xbb\xb7\xbf\x1d\xce\x00G\
\x96[\xed\xcb[\xc1R\xb5\x84\x95;\x8dO\x9a\x9b\xa2\
\xe5\x8cF\x9a\xcb8\xf1\xccg\x86\xd9\xc8\xa0q\xf3G\
\xe81\xf9\x0fX\x18\xe2\x04M`\xe2\x13 <\xb0\x22\
Z/!.$\xaf\x11p\x88\xc8V\x88IB.N\
;\x10\xe36\xc6\xff\x00\x09\xc1\xef\x01\x12\x12\xbdn\x04\
\xe9\x04^a\x00bQZ\xb5z\x1d\xd5\x80\xb0\xf8\xc0\
\xf6C!\xb3\x18\x0d\x81\xbd\x03\x12\x0e\x22\x83iTO\
\xa9\x0eh\x81@\x9b\xe3\x8c]A\xd2\xc3e\xb0}8\
y\x03\xa9p\x9b\x8e\xa3A\x03,Z\xe08\x16\x81D\
T\xba\xc0j\xecf G``\xccT\xaa\xc9\x8c\x8e\
VZ\xb5~drZ\xdb\xaex\x1d6\xa4Y\xe4}\
\xa0B\x04\x12\xb2b\x12*J\x05P*\x94\xcf\xc9F\
\xbdo1\x5c\x5c\xbfM\xd8\xae\xf5\x18e\x22\xb5h\x0c\
\x06\x99\xe4\xb1\xa5\xf1\xb9Y?8\x0a\x1b\xb4\x90\xcb\x0a\
\xf6I\x1f\xc5\x07\xc1\x9b\xf9\xd0\xe6j\xab_l\xb6#\
\x0c\xbc\x14\xde\x81p[\xb9s\x921\xaf\xd7@\xca\xa5\
\x18\x99\x9e\x9a\xf0\xb8\x1c\xe1\x83}zB^\xab\x85\x89\
[\x82H\xd0\xefF3\x09\xc4W@.\xd9\x12\xc2Y\
f\x99\x961V\xa5@\xc2\xcb\xad\x99\xcb3\xed\xdcf\
\xb7U`\xfa6\xeahX\xb8E\x84T\x98\x80\x13v\
\x07s8U\xf82\xf7\xdb\xc2\xcd\xb7\xdf\xcfA\x92\x92\
\xab\xc2\xf9\xd2~&z\xec\x81\x13\xe1`\x08\xa0\xe5\xcc\
\xf2i\x9e\x02\xb0+?\xc9\xe9v\xddX\xbb}y\x7f\
\x07'\x01\xc8\xaa\xbe\xf1\x89x&#\x1aW\xc8\x93)\
\xed\xbb\x1d\xa5\x96~B\x85p\xa5\xc5$\x885M\x8d\
J\xd6\xcb j\xeau\x8e\xd7~\xdb\xa43@Ze\
\xe9\xf3\x0f\x04\x02\xcak\xaa\xa6\x19<R \x0d\xd2|\
/U\x99\xbc%\xf8\xeb\x03\xa6\xc7\x96\x10\x0e<\xf5\x9e\
\xc7\x8ey=T\x086\xa7\xbbX\xa9'R9\xe8\xac\
\x87\xe1\xd0\xbb\x9f~\xf7\x13O>q\xf9\xcd+\xa8\xd0\
\xbe\xf0\x85/1\xc9\x02z&P\xc6\xa7>\xf5O\x02\
\x07\x07\xe4\x93w7\xee..\x1e\x9dp\xb9\x0b\xe9\x0c\
1\x14kFH\x11W\xaf^\xef\x94\x1aN\xa3-\x98\
\xcf\xcbTT\x8d\x22\xd3\xa2\x96\x03S\x16\x9e\x97\x18\xa9\
\xe4\x0bL.D|\x0e*\x09\x0d\x1f\xde(\x94i\x90\
\x9cd<\x85-\x1e\x8f\x18\xe5\x1e\xd2C\xbdb\x14\xf5\
\x09\xd8%\xe5 \xe8\xca;+;\xff\xf6w\xb8\xdfb\
\xaa\xb6\x5c\x06\xa3\x9fo`q\x13\xcd9\xcc1F\xe4\
\x91\x93\xae\x0e-\x96\xe4\xa4\x83,j\xb6&p(x\
2?\x86J3_.\x90\x9c\x01\xef\x93\xf4\x0b\x86\xa1\
\xe8vKUL\x92\x83\x8e,\x92u\x81\xe3\xc0\xbd\x04\
6t8\x1c`gF\xa5\xe6\xce\xed5\x12Y\xba\xdb\
d\x0bX\x03\x10\xc6\xba\x12q\x0e\x82\x5cb\x10C\x9a\
\x88\xeb\x04]r\xceJ\xce#2K\x9f\xc7K\xdaZ\
\xa8\xd4@\xf1@\xb2`\xb42G`\xce7\x91\x0c\x1c\
Z\x94\xea.\xaeB\xa3#\x1e\xa3\x81\x99\x9c\x14\x08\xd8\
\xf4\xe3\xe0\x07\xb6E\xb3\x09z\x1a\xc79QJb3\
\xdf\xc2\xfc\x06\xff\x03\x80\xdbj\x8d\x1bG}\x80\xcb\x91\
Q\xda\xb1\x9bLcv\x9b\x19\x83\x1e\xb8\xdd\xdd\x81\x5c\
L\x80\xa7\x1c\x92\xa7\xe4j\xb8\x7f\xbb\x91H\x91\x0c[\
\xa1\xa4_H!\xcdz\x22ac\x9aI\xa5\x94t\x18\
\xcd\x0e\x93q\xca\xe5\xea\x93\xbd4[\xea\xc1\xc0@k\
\x93\x16\x9ar\xa0\xb5\xd8\xd2\x889{\x83\xcd\xc3P\x81\
\x8d/\xfc\xfcuP\xd5'\x8dV\x8c\x02\xe9lG\x93\
q\xf4Wf\x9b\xcd\xe3\x1b\xc3\xb4\x97\x0c\x07\xfa\x98a\
T6a\xb7\xd4\xb3\x09'R\x07\xadf\xf30\x1c\xc1\
l\xaa+)2R\x8eq\xbePLuz\x87\x0d\x92\
\x9e\xf1\xe1G\x1e!\x19\xad\xd4\x1a\x81 \xe7\xf96\xe6\
\xadL\xcdc2\x04\xf3\xfaB\xa9\x04\x81\x97`\x81\xfd\
\x8a\xba\xd7!\x0e\xf1(\xf5\xb4\xd6\x85\xa8\x9e?!\xcb\
\xa5d\x109'\xf1M'\x84E#\xe0\xad\x82>\xc9\
\x92\xe1\xf2\x84\xf2B\x5c'\x88\x0e\x8e\xcfV&?\xb5\
\xe8+2L\xb8u\xee\xdc\x8ao\xcc\x09H\x13\x09\x87\
\xa1O\xd3\x10H\xa5\x99\xcb\x97\xa4~\xa86%\xcf\xbc\
\xef\xd1\xc9\xd9\xf9\xed\xfd\xa0\x7fz\x8a\xda\xf2\xfa\xb5U\
jq\x965.\xd5\xc7\x8e\x1d{\xe9\xc5\x97\x94#\x9a\
\x8f~\xe0\x03\xb5R\x010`sk\x13\xcf\x9c\x1b\xd7\
o\xea\xd5h\x11\xc7w\x13\xc9r\xb3\x81\xe30K\xd3\
`2\xf1F\x00\xb3\xa9\x9axL4\xf2\x18\xce\x09\xc5\
\xb9D\x7f\xa0\x8b\x0c\xad\xce\xf4\x0b\x16\xd4\xd0<Z4\
\x8ey\x0a\x16F)%\x12z\x93a\x01\xe6=\xbd6\
\xd7\xec\xcf\x94\x07\xb2b\x98\xf1'\xe0\xc4B\x0e\xc4Q\
*cR\x0a\x1c=H\xe4rn\x02\x081\x7fy\xaf\
\x8f\x0dj+\x8aV\x9a4\xacc\xf8\x1b\xd8\xcc\xe9\xb5\
X\xbe\xb2FA\xb2\xb9\x87\xec3\x82\x16\x99\x0a7\x08\
b\x02`\xe1\x90\x9e\xc7\xf4 )5\x16`0\xd4\x05\
\xc2\xdf\xe3\xef~7\x5c\xe0d6\xab3\x9am\x0eW\
\x86A\x0bp'd\xf2\x0a#+T#\xdd\xd1\x11,\
~\x19fDm,\xd4\xdeR\x09\xae/t\xf3|\x0e\
7v*\xe4\x85<\x0c\xcay\x081\x18\xe7\xc52i\
\xe1D\xdaj\xa6\x0a\x85Q\x83\x9e3\x80w\xc2\x86o\
\x905\xd3_\x80)\x01\x18\xabQG\x1a\x95}\x8c\xed\
\xda\xe4\x97bB\x17\x01\x01\xa26\xda\xa6\x09\xff\x12\xc3\
\xc9\x0f\x82\x09\x22\xb9J\xc9\xa8\x0d\x86_Qo\xc8\x99\
f\x9c\xd3\xf6\xf7\x18AX\x88\xf5t\x8aT#\xdfS\
I\x0c\x0e\x03\x03\xdb\xe8\xb9.\x9d8\x01[(\x09\xbd\
\xa8T\xca\xe6\x8aL5\xc0yW\xc9\xea\xc5\x85\x9f\xe2\
\xdah\x08%2\x1b\xc1\xf0v4Q\x19H\x99n\xcd\
\xc8\xf2B\xbd\xc2D\xc6*\xc3\x0e;\xad\xbdh\xb8\xd6\
\xef\xd6H\xecT\x8aD>\x8f/ \xdc\xfe\x12r[\
\xb4\xd2\xcf>S\x95\x0c\x02\xd9\xecN2}X,\xa6\
P\xfe\xd9\xac\xd8\xf5!A\xc79\x1b\x87\x97R\xa1\x9c\
IfV\xaf\xdd\x08\x1e\xb2\xc0bd}>\x93\xb9\x9e\
\xca|\xe4\xc9\xa7\x07\x80\xcf\x94\xb4\xf9,\x03\xda\x18\x8c\
K$c,\xfc\xbd\xba_4\xedY\xc9\x0a\x05+\x83\
u#X3|@\xc6\x83]\xcc#\x12\xa4H\x1a\xfe\
\x9c\xc3P\x85\xc5#\xac\xa2?`\x14\x11\xfe\x1f*\x0d\
3\x1e\xb1\xf2GO\x19\x0c\x04\xe8u\xef\x86B\xf4\xb4\
\xaa\xcd\x9eFo\x8d&sx6\xc2\x1d\x03\x22\x1e\x9b\
\x9c\xce\x96j\x8b\xc7OT\xeb\x8d\xd5\xd5\x9b\x0f?\xf2\
(\xacw\x14\x96\x88\xe4\xcf<p\xd6\xed\xf5\xe5s\x95\
X\x22\x09\xd8\xf0\xc6\xeb\xaf\xdf\xb9}\x07\x1a3\xb6v\
\xa01\xc9\x0ccn\x11\xb8\x18\xe18P\x16\x08\xa2A\
\x9b\x00L\xa2@`*BRbd1\xb3\x1eQ\x87\
 \x90\x05KH\xa7\x928b\x9auZ\x97\xc3n\xf7\
\xa0\x1a\x11\xb3\x9d \x93\xa8\x8c\xfat\xa5p}}\xed\
\x9d\x95\xdd\x8c\xeep\x22\xb2\xe39\x8a\xb9l\x1a\x90\xc0\
y\xa4\x0a\x14\x7f\xa8\xca\x09\xbamt`\x84>\xb2W\
\xe8\xa3\xc4`\x06\x99\xd2\xf2\x1c\xf4x\xccp\x00!|\
b\x12&z{\x94\xcc\xc3\xd5-:\x82\xc2\x08i\xb8\
\x0b\x04}SD\x09\x8247\x93\x16&5\xcd\xf6\xf6\
v\xb1X\x9e\x9a\x9a\xc1|\xacX(\xcd\xcc\xf8\xf1\xbe\
\xe0\xfd\xe9a\x8d\xb2\x97Z\x00\x82C\x7fa\xe1\xe0L\
\xe8'\xf1\xe1\xb8i\x91\x1c\x95\x0a\x05\xc8PFf\x14\
`\x88\xcbK\x00\x00\x1a\xbeIDAT\xa8\xb4TH\
p\x84\xbd\xe3\xe3pr#\xe9\x04\xbeq%\x04\xb9\xc2\
Sj\x84\xbbCZ\x84\x12\x1b\x0aDIP7\xd4W\
\x0e71$f2\x18\x8a8(\x0a\x82\xf27\xc2L\
\xd1\x96\xc7\xe7\xa7L0\x99,\xf1d\x02\xa0\x8e\x86;\
\xac\xa6*\x00\x91L\xba[N\x06\x0b\xc9\xc6H\x1f/\
p\x86k\xa2T\xc5\x1a\xb3\x8d\xd5D\xbbu\xdf\xfd\x0f\
NL\xcf.\x9f\xb9\x7fc{\xb7\xd8\xacF3\xa9L\
\xa1d\xb4;P 7F$\x99N\xe3N(\x18\xaa\
\x16Z\x0aeYp5\x00\x91\xd8\x5c\x88\xe1\x9bL\xfb\
\xc5~\x9cc\x856\x01f\x968\xdf\xe2\xdc\x97\x870\
\x00\x17\x0c\x11P\xa7{\xf6\xfc\xa3\x1a\xb3m\xe1\xd4\xca\
\xf4\xd1\xa5\x0f\xfd\xc2'\x82\x8c\xbf;<\xc4[P\xd6\
\x1b\xc0\x8cfy\xe2-\x01\x1e\xa6!O\xcb\xe78B\
A?\x99>\xb6\xe8\x9b\xdc\xbf\xb5F\xf3V'\x1f\x19\
\xb7Y\xeb\xb9\x9c\xd7hF\x95\xc3=\xa0\x11\xc6\x13\x13\
\xa5>\x10\x85P\xe3u8\xdeqD!Bs\xa7\x05\
\x09A\xf0 \xa5\xb4\x0b\x88k<\x1bj)B\x01P\
\x81\xcdd\xe5&\xf3\xec\x05\xc5B\x08\xaa\xdb\xbcC\xe1\
\xaaj2\xc7s\xe8\x82\xda\x1b\x9b\xfbJ\xad\xa9\x05\xa9\
~0\x92*\x97\xe9w\xc5\x12\xa9\xe7\x9f\x7f\xa1\x98/\
\xb1\x03\xaf\xbcy\x85W\xceg\x0b\xc0y4\x959#\
U*\xed\xce\xde\xee\xcd[\xb7\x00=@\xa5\xccF\x13\
]O\xba\xbf\x0c\xe5\x82zUAZ\x01\xdfj\x0c\x9f\
\x9c)\xa7\xcbU\xc1+P\xad\xa1oo6\x99\xb1+\
\x8b\xc7c,'JG\x98[Xn\xb8I\xe7\xf2Y\
\xec\x00pA\xc2d\x08\xe7|\xb6)\xc5v t8\
3;C\x0f\xf2\x9e\xf2`P\x0f\xef\xb0(I\xb2\xb9\
Dv3\xdd\x16V\x06\x10\x1c\xe5\x22\x0c \x8aV\xfe\
I\xe4\x9f\xa0\xa9b\xb5\x0a\x9a\x18\xcb\x9d\xe0\xc8\x1d\xa1\
.\x84l\x0d\xa8\xce\xf6b\xe5\xf3u\x02\x1a\xc4\xb8\x06\
\xf1\x0a\x166\xf0\xfd\x80\x09p\xd6&\x8bh\xd48\xe8\
@\x13\x01\xe4\x01\x8d\x10a\x93\xce\xb2_\xc8_\xea\x15\
\xd4ez\xb6\x8fU>\xba2>5\xedp\xa3(\x01\
4!\x8b\xe7\xa0\xa4mF\x06@\xb1\x0c\xc2E@F\
s`3\x98\x98\xa6\xa7W\xa9\xf0Uc\xcb\x22\xe2\x92\
\xea\x08\x8a\x9c\x90h\x13q[\xaf\xd1z@A\xcc^\
\x05`\x96\xe9\xb4\x87\xc5|\x14\xbb8~\xbc\x5c^-\
\x96\xad\x06\x03\xdd\x00\x8ePL\x0e\xd0H\x00\xf30k\
\x18\xb0\x8f\x8c(\x03\x0e\x93K\xa6\x1b\xa5\x83,\x83}\
\xea\xf0\x80\xfbP\xe3\x09wx.b([m\xcb\xb1\
W\x19\x85I`&\xd1$_:\xb6|\xf2\x91\xc7\x1e\
;\xb6|j|v\xe6 \x1eCd\x8au\xefv<\
\x14/\x97$Za3\xc7\x1d\xe1\xdc`&\xc9`H\
D\xc0\x8dT\x0c\xc4\x85\xd4:\x22\xb5\xd9\x85\xd6\x90{\
\x0e%\x80\x87\xc7\xdds:\x5c!\x5c\x85\xb2E\xdf\xcc\
\xbc\xd5\xe9\x85\xf9L\xea\xc7\xda\x0d\x06\x0e\xf82\xc8^\
T\xf1\x8c\xc9\xedt\x19\xe8\xa1\x11\xf2\xb1A\xd7\xec\xb0\
h\xad\x06\xe0y\x90p\x9dA\x8d!\xd6\xe4\xcc\xa4\xce\
\x88\xc5k\x82x\x82m\x02\x01Ih@\xf8N\x82\x16\
\xf9\xb7\x18Y\xcd\xd9\x8a(\x8c\x84\x9cJJ\x84F\xf2\
\x15NTZ\xcdd\x8fh\xd19\x0eyu\xe6\xc8)\
z\x03\xbdZ\x0b\x0f\x92\xbfG\xec\x83\xb3&\xc5\x90\x06\
\xd1\xca\xa86O}\x89`\xc6hE)LUJ\xad\
\x9e\x82\xe0_\xae\x92\xd0\xb7\xaa\x0d\xa6\xbb\x18\xd4:\x80\
\x18|RH+\xf7\xf6\xf6\xd3\x99l0\x14f\x0e#\
#\x98a\xbd\xd3H\xe36@\xda\x01\xf9gx\x22\x09\
+i0\xcd \x0e\x8ak\xd7\xae\x85\xc3a\xca\xafp\
8\x82\xaf\x22!\x88\xf4W\x03\xb6\xaa\xd3\x12jA$\
M\x06\x9dP\xd5A\xe1\x04\xae\xe8\xcbp\xda\x9a\xf1x\
\xb1\x8d\x03\x98#G%,\xb2\xb2\xc1F\xc4Gn\xf7\
:\xbb\x81\x18\x06\xd1\x10n\x13\xa8\xa1\xd9b&\xeb'\
\xcb!\xa1\xe9\x0b-9!\x86=\x0f7\x9b6\x15 \
#t4\xb1\x809\xbd\x80\x1d\x041\x14\xd6#\xbf\x08\
\x02\x22\x89\x83\xb6\x89\x8f\x11\x02>\x19\xdb\x9d\xd6\xa5\xc0\
R\x04\xecI \x86\xb2\xa1\xb3\xa8\xadf\xad\x15\xf2\x0c\
=\x9dr\xa1\xdcn\xb4\xe8<\xd1\xb7\xe4\xcb\x98\xe0Q\
\xcc\xe6\x98\x11\x8d\xe0\x94\x03\x14\xe3\xe46\xfd \x0e\x0e\
\x08z\xdc\xdf.\xc6v\xb4i\x9b\x16\xa3\x19<O\xaf\
\xa5\xb5\xa3\xa70\x9f\x9e\x98\xc0\xe7\x8e\xb6\x01\xfe\x10\xfc\
\x04\x066\x00\xce3x\x10T\x8bAl\xa1b\x01\xe6\
\x8e\xc5\xed\x01`\xa1F!\xbb\xa1\x0f?\xb4\xb6\x14\xe6\
t\x84=\x9a\xf3\xec\xdbJ\xad\x8c`\xa2\xd6\xebV\xc1\
a\x80 U\xaa&\xea\x1a\x066\xe3\x9c$\x16\x15X\
\x8e\x1a\xfb<.v\x85>\xe4\xf2\x0a'&Wkq\
8\xf9*\x90\x8d\xf5\xad\x9d\xe9\xc5\x85\x5c\x8d>N9\
\x9cM\xf7\xe4\x0a\xd2\x1e\xcaD\x96\x0ak\xa7\x81\xef\xa8\
F\xe5v\xdayD4Gae\x11L\x9d\xd0\x8b\x9c\
\x1eT<\xfc\x14 V6?M\x9fT\x22Q*\x16\
n\xdf\xbcA\xcb\xcd\xe3r\x12\xde\xe6\xfd\xb3\x93\x93\x13\
W\xaf_#c \x00\x11\xa6A\x0f`;\xa2\xf2\xa2\
\xeeF\xd2\x9c)d\xa8\xb3;\x0c\xa8R\xb0o\xf1\xaf\
\x92\x16\x12i2\xdd\x22\xc4\xe5Q\xa5\x18\xb8\xddA\x9c\
JV\x82\xd6\x85\xac\x10.\xb1\x10\xd5\x89\x93P\xd8\xd3\
\xb2S8b\xfb<H\xea\x07b\x12\x5c\x06\x02\x9bH\
\xb4\x9bm\xa5TNd\xa5\xb0\xe1\xf1\xe3<$\x0ah\
\xded&\x97H\xa6 \x16\xd9,v\x921\x09\xd5\xa2\
\x98\x90\xa0\xc6\x9c\xcd\xa03\x0a\xda\x1c\x91\xbe/\xbc\xd5\
1J%oob\xca\xca\x0f\xc3\xfc\x0d\x0a\x91R\xc9\
\x83#\x01 G`M\x83oH\x95*\xa2\x11\xd5\x97\
\xc5bB\xd3\x0d\x06\xc0\x02\xe5\xcb \x9bz\xbd\x1e\x06\
\x1c\x16\x1bu\xf4,\x15Z\x5c\xb8\xf4\xf3\x80jUj\
\x5c\xc88\x8c\x07Q\xe9\x0dDbH\xf6\x99l&U\
\xa1Zo\xa6\x8b%\xd8t\xac\xec\xb3\xf7Vv~\xef\
*P\xc7p\xb2\xd3(\x8c\x02P?\xd2p\x164\xd3\
|,:\x8b\x0d\xffY\xd9(:\x17\x12\x5c\xd8\x8f<\
\x12\xf8O\xe4$\xb0\x7f\x98*\xa7#\x09Q\x80\x0d\xd5\
\x91\x1e\xd2h \x001\x90\x0f\xc4\x1aB7\xfb\x01\xf0\
\x95[\xc9b\xe2H\x22\x15Akh\xb73\xef\xda\xa9\
S2\xec\x9c\xc8\x80\xa7\xa1\x13F+^\xf6@\xddn\
\xb7\x8b>=\xcc\x06\xe4\xbbY\xca/\x08~\xdcP\x04\
\x1at\x0b\x87\xe4OZ\xc3\x04\x18\x18\x0e\x89d\x82\xcc\
\x1ev\xca\xe1a \x8e\xb5M\xbe\x88\x8f\x1f\x0e\xcf\xc0\
\xdb\xf9Jm|\xc6_j\xb40\xb7\xe5\x91 \x0f+\
\xcb$\x09\xfc\x858,\xa8\x10\x865.\x1b\x82\xb3\x05\
j<\xbc\x1c\x0e((\x1c\x84\x04H%t\xd7\xf5&\
\x9bJk`?\xa1\x87\x04\xb7\xa7|`W\x81\xd8\xa3\
\xa8\x87\xd2\xcbj\xa3xH&c,\x02n:\x18\xf9\
\xb0\x87.\x8d\xc7\xd3\xf1xjw\x7f\xef\xd9\xf7\xbfo\
\xf5\xf6\xadd\xb6@\xba\x0fU\xc3j0A\x19\x00\x5c\
\xe2 \x03\x0b\xc1\xd1\x0d\xeb\x1e\xfeTf\xba\x9cLA\
\xdb\x87Z\xdc\xe3\xf1y\xbd>\xd01\x82\x08\xd1\x88,\
\x19 \xa2^\xca\xedn\xaeo\xdeY#\x08\xbd\xfa\xea\
\xa5\x8b\xaf\xbdj\xb2\x1aQ\xca\xe5\xb3P\xa2Qk\x0c\
\xd8\xd2\x9c\x92lKRO\x9f\xd5V\xaeW8\xfb\x04\
\xcd\xa9\xd2Zp\x8c\x8f\xb6\xfa\x84\xc0\x029\x14\xb6S\
\x22m\xe6\xff\x89D\xa2V\x12\x11\x8a\xff\xe8dc\x9e\
0\x22&\x9fS\x1e\xf1\x8f\x18\xc1\x90\x82\xe3\x88\xc99\
\x89\xbb\x02\xf6\xee\xac\xef\x0a\xc6\x92\x8c\xccm\xd4\x92M\
\xca\xe06\x8b\x1ef\x00\x5c\x12V\x00\xae\xcf\x10S1\
\x82'\xf6\x82\x88\xb1oF{L\x97\xee\xf29\x08\xc7\
P\x15)&z\x02B\xd0*\xc7]\xd2b\xb54J\
e\xa2\x92\xe0\xcac0\xdb\xee(\x8d\x8c@\x18\xad4\
Z\x9c*\x18T\xf1p\x18\x0f\x09\x18b\xd2\x1b\xac\x16\
\x8b\xdb\xed&\x81\x8a\xa7\x92\xd9V\xa3\xd8k\x19\xcc\x8c\
3\x15&\xfcF\x93\x89\x08\xa72\x98\x11R\xc8\xf5\x06\
\x14mx\x1eD\xb39\x93\xdd\x9c\xaa\xd6\xa4FM\x16\
\xbf\xe9\x13\xcf~\xfa\xde\xca\x0e\xbd\xfcEZ\xa6\xd4\xa4\
\x1cN\xf1d\x9c\x00I\xf5* \x00\xb6\x94(^8\
7\x90}\x08#W4\xf6\x99\x0c\xceY\x19\xb0Pr\
|0WR\x12&?\xc1\xe8*\x96\x8b\x10S\xa9\x97\
\xa1\xe0\x08\xe6\x18\xde\x03hc\xeb\x94C\x08\x16Q\x82\
\xd3\xfa\x11\xa3\x9a\xb8\xac)\xcf,\xaa\x1arp\x12\x1b\
\x0eH\xee+\x8b\x9b5\xb6\xbd\xb3C\xb6\xa2\xd6kD\
\xbb\x1e;f\x0dLv3\x96\x92\xf9b\x81\xbdL\x82\
\xa4\x94K\xd1\xe1\x91\xc0\xe8\xd4\x0c\xa4{\x16Y\x00\xcc\
*\x12#\xd6\x04_\x8f\xe9N\x0e\xfbZ\xb3\x19\xc8\x8f\
(\xb7\xb6ze\xd2\xedX\xbf\xb1z\x80\xd3u\xab\x86\
\xa4\xe5\x1e\xcf\x86\xa7@\x86\xc3@\x1c\xa6\xeb\xf2\xba\xdc\
t\x90W\xde\x8c\xd1d\xe1T\xa1\xce\xc6\xf9\x8d\x18\x04\
\x15\x88\x96y\xad^%0\x0fU\x0a\x048\xc1\xb1b\
\x98'\xb7\x83\x02T1\xaa\xf9\xf4g>\xdb\xea\x0c\xaa\
M\xce(\x15\x87\x01>\x0e\x10\xb3@\xac\xae#h\xaf\
\x94pv\xcc\xa4S\x10Z\xe8S\xb1t\xe8\x9c\xd1X\
AF,H\xe7\xcd\x16\xcd\x94\xdd\xfd\x03\x0e\xc1\xd9\xb9\
y>gc!}\xe0\x8e\xe72i\xc8\x0d\xb8JD\
BArM.\x07\xa1\xf8\xa4\x7f:\x9d\xcb`.\xa3\
S)\xaf_\xbd\xc2\x99\x03=\x81R\x5c4\x11\xe0\xbe\
\x8e\xaa\xcb\xbdV\x9d3\xb3=\x98\xb5\xdaV&\xe6,\
\x1a-U\xf8\x8f.\xbd\x02(\xc4\xfa\xe0x!Fp\
\x9a\x89\x22\xa8C\xd3QF\xea\x09\xf8D\xba\xa8\x82g\
Lf\xc9\xd7\xe0S'\xfc\xd9zz\x1a\xa0\xd0\xeb\x08\
+ty\xa5\x83\x1a-=,Y[Lj\xee\x8e\x19\
\xac,z^Y\xc0\x8e\x84\x1c\x0eU\xba\xffb\xfa\x87\
\xbeS\x85\xf0\xc4\xad\x15\x08\x0e\x9b\x8d*\x948K\xed\
@\xca\x0aA\x83\xb5\x2264mQ\xa6\x9b\xe3/n\
4V\xab\xf4\xc2k\xf4b\xf8\x9dv\x12\xb3\xed\x98f\
\x01\xf0\x0cVf\xb3\xdaI\x9f\xe0f\xa5\xb2Y&\x92\
U\x814(Q\x1au\x17\x98R\x87Qu\xf4[p\
\x09\xd6\x96\xab\xf5x!7\xe7\x1d#\x9f[^:\xfa\
C\xc6\x19\xc8$\xd6q\x8b\x18\x9d\xf8\xd7\x9a\x9aFd\
\x03.)\xc1\x00\xfe\x06\xc4\x0a\xf6\x22\xa9\x17(\x04\xc5\
\x16\xab\x87@)\x82A\xb7\x8f\xed/E%]M\xf8\
Ld\xb1\x8c{$\x05\xa7O\xceaG\x12\x88\xa6\x0e\
\x5c\x09\xc6\x058\x8a\xa89\xe0\x15\xe8\xf4\x5c\xaaH\x01\
H\xf2@\xca\xf0\x0d\x18\x82'\x18t`R\x83}'\
\x19\x0d{\x86k\x063\xe4\x97\xcd\x82\xaf.\x13\x00K\
d\x96\xa0\xdd\xa83\x93I1f\x8a/`\xb3\xb1_\
Q\x9d\x93s\xc3p \x0fq\xc1\x84\xeeK0\x0fg\
\x92\x17^\xa1\x22\xcd\x90\x90\xb9:\xc0\xd7\xa1i\xe0\xd5\
\x09\xa5\x81\xca\xff\xee\xeeN\x91\xdb\xd5\x87y/H\xad\
,b\x16\x03~\xa6\x1860\xd0\x8d\xfa\x89H\xd0c\
$\xb6\x18T\xd0\x02\x14\x13=T\xa5\x8a\xd8\x0e?V\
\xa5\xe67\x9c\x16\x85T\x07]08\x1c3\x96\xa8\x02\
!h\xd2\xd2\x86*\x1b\x8fE1\xe6\xbcz\xf5\x0aW\
wk\xed&\xc7\xcc\x9d\xf5\xb5\xbb\x1b\x1b\x1c\xcd\xc3\x03\
\x8d\x13X\x9a\x88\xc5\x09\x014\x01xlD\xb4\xe3G\
\x97\xe0\x81\xd1\xae\x13\xe1\x96\xea\xbc'\xe6\xafrL\xb3\
\xf4Qoq\xd6\xcdLO\xe3h\x88U\x03\xbb\x02\x8e\
\xc7\xe9\x95ejZ\xb6\x16`6[\xe5\xc1\xfb\xee\x7f\
\xfc\xfc\xa3\x0c\x22\x8a\xc6\xc2\xbcO\x02\x01\xbbQ\xda\xe4\
8\x92\xea,f\xde\x0c\xf9 \x98?\x84\xa3\x9d\x83\x00\
f\x08\x1cM\x84a\xee\xb3\x80\xf6Yv\x22\xab$y\
\xa2\x10\xe5\xa2\xf9.(\x10\xa3D\x17v\xafh\x18\xf0\
1$\xdc\xd1\x9256\xbaY\xc0T\xb9Tt>\xa5\
\x03\x9bZkS\xa8\xad(N`\xc1\xa2\x04\x13\xf9\xf9\
\xa8\xe86\x08\xb3\x0d\x99 \x00\xb7x\x06=\x98\xdc,\
;\xa8\x82\x1d\x99\x84\xf8\x9c\xa7.\xa1\x81=\x04\xaa\xe1\
\xf9\xe3\x98\x01OX\xd8\xceT\x11l\x08\xb1\x05\x7f\xc1\
-\xe2p02\xd0\xac\xdb\xb39\x9c\xa4\xf7\xa9|!\
S\xa9@\xffg\xb6\x1dn\xe7\x84V:\xa1,$f\
\x09\xb1\x5cX\xd3h\x11\x81S\xa8s\xa8\xee\xf8`h\
M\xb7\xda85\xe7\xaf\xc4\xa2\x1e\xa5\xf2A\xb8~\x7f\
\x8d\xfaISA\x0eG\x1e\x00w\x9f\x07\xcc%\xd2\xa3\
\xe6\x1e\x09\x94\x04E\x09\xf6\xbd\x06\xa3H\x0b\xa4\xd8\xd1\
\x08&$\x1b\x90\xb9\x02\xfc0\xf2}\x91\xb8q\xb3\x04\
\xd1\xa4\xcfX=N\x13\xb0}n7\x9av\xbe]\xc0\
%b(7\xfa:qg\xc5\xa2\xe7\x06\x8c\xf4\xa9\xde\
\x84\xce\x85W\xa7\xa8\xe1\x0e\x13\x03\xa4\xcc\xce\xab\x823\
b9@\xf6\xc2\xa2\xa0\x0a\x04\xe8aY\x13\x9c\x90\xd8\
\x90\xb0\xf2\xcd\xac!\x8e:\x0a\x80\xb9\xd9Y\x087,\
86\x174\xeb\x1a\xcdgrq\x06\xdb\xd2\x00B(\
)\x97\xb9\xbc\xee\xed\xdd=\xff\xc2B\xaeR\xc0\x8b\x04\
\x94\x80\xf4\x8e\x84\x12\xe5,\x05\x00U\xbfPj\xf6\x99\
\xe0*\x8c\xc9\x05\x18(\xac\xb3\xb9\x1a\x14\xa6 \x07h\
\xf0\xe1\x00\xe2\xbb\x84\xab\x19K\x0b\xc6\xb1\x92e\x0d\xc4\
K\x85T\xae\x150\xfcF\x95\xc1\xf6\x03\xa1\xf2\xcf\x0a\
\xa3MH#\xab\xab\xd7H\x91\x11\x96c\x96O\xe5\xc0\
\x0d\xa1\xf3\x87g\x90\xd7\xe3!\xd9!+\xafU\xeb\xc9\
h\x0c\x13\xfb\xc5\x85\x05\xaf\xdb\x1d\x0bG0\xd7\x06i\
aF\x1cDRz\x08\x04\xbdD8\x02\xf4A\xfaK\
Q\xcb\xdc\x92\xc5#\xf3\x1c\xd3\x1b\xebw\xe6\xfcs\xa5\
\x5c>\x1e\x0e\xad\xdf\xbc\xe5\x9f\x9e\xe1\xaeF\x13Q\xd1\
U\x80\x19\xdf\x83\xa4\x00N**{\xf0\x0d\x0e.\x82\
(\x15!\xee\xbeb>\x1bY\x8a`\x03\xa1\xb8\x13\xae\
}\xa0[\x22?\xe1\xcf<e\xf4x\x04\x18\x18\xb10\
\xd1\xc5`-h\xa6m\xf2:;X,\xae\xd5\x0a\x19\
\xae%\x04v]w0\x81\xc5\x13\x9d\x1f2\xb1z\x89\
c\x99V\x06l\x08\xa2#P&y<\xdc\x1e\x9e*\
qD4\xda\x14J\xfe\x92A\xc9d\xcf:\x06>\x0d\
\x87\xb9\x91\x8bR\xcbV\x88V\xf5\x0a0\x1f\xfd)B\
'e\x15\x8f\x9e;\xc8\x02\xa2\xe9m0YX3\xa1\
D\x02\xd4\x1a\xc9\x12f\xa7\xa4\xa3\x08\xfe)\xfa\x89J\
\xa4v<_\xc1\x09`~\xb6d\x80\xbf\x0f\x83\x14I\
\x22\xb8\x08B-\xbe\xa3\xe3.\x0f\x13\x96\xe9\xe4\x0f*\
\x9dwV\xb6Y\x22\xa6\xdd\xc0\xee\x07G\xe3w\x1e\x80\
X\x81\x9d\x1e\xf2\x0e*'q\x08\xf7Pqk\x11\xe1\
\x92\xfe\xb3@\x89\xa9dPXv\x92u\x80A\x92\xc0\
\x11y\x9dv'>\xa5(a#\xc9\xd0\xc2\xcc<c\
c\xf1\x7f\x1aF\xeb\x9e\xd7\xeb\xcd\xe5\xf3<l\xea\x1e\
\xd4\xd1%*\x1b\xf9\x08\x83\x94\xc8YHf\xb8\xb3\x14\
Od\xc9b\xe9#\x99\x03\xc9\x16i\x8c\xf8\x11\xbc8\
\x8b\x07/\x1d\xea6\xbe\x06@C\x14@ \xdf\xfd\xee\
\xdd\xcd\x8d\xbd\x9d\xfd\xe5\xe5\xd3Z\xa67\x8c\xc8\xe1\x9d\
\xf1\x9e\x89\x04\xac\xb6\x0b\x17^\x99\x9f\x9f\x030ZX\
\x5c\x84&\x0e0\x0f\xf7\x01}\x84\xc5h\x22:!\xdb\
\xe1\xc7\xa0\xe0`{\xcc2\xa82\x91$`\x9b\xcdf\
\xceA\xf8\xcc\x1a\xa5&\x9b\xcdL\xf8\xc6\xa9GQ\xd0\
\x93\x13R\xa5\xb1>\xe8t\x90\xda\xb2Q\xc9nuJ\
\xad@D\xf1\xef\xa1\xc2\x16\x04\x1b6\xd2\xc8\xfa\xd6\x1d\
:\x0e\x9c\xbf\x84\xf6\xb11\x1f\xde\x9c\x14\x7f\xc0\x94<\
<\xc1\xe8\x1fHg\xfd\xb3\x0cK\xa0\xc8\xe6>\xc4c\
\xb1\x1b7\xafOMN\x92\xf8r\x08\xb0\xd6\xb9\xb1T\
\xa4\x84o\x22\x0a\xeaq\x8c=\x11\xec\xa1s\xc1Fp\
gw\x93T\x10\xee\xca}++\x8b3\xfe\xf9\x19\x7f\
p\x7f\x1f@>\x0f\xc7u8\xffR7\xa0\xdd\xa9\x07\
\x8a\x05\xc2\x17\xb8l\xa7\x07X\xc4\x9d\xe7G\xdfK\x05\
9`\xf13\x19~\xce f2]\xd60\xe7\x104\
\x82.+\x9b\xbb*\x82\xbd\x04\xd33,jY\xe8\xd0\
4\xc4\xbf\xb7\x18\x8c\xd4\xa8\xab;\x03\xbf\xc6\xa2\xab\xb3\
{\x06\x05\xe6\xd7\xc8(\xe8\x91\xf73KI\x95)\x15\
\x10%\xb0\xa69\x07D\x0e/\x95\xd8\xac6\x95\x08N\
\xa34\xbb\xeb\xa2\xce\xab\x82M\xf1$\xc5\xa5\xe9t\xc8\
\xe0\xa9!\x05\x1aK\xf15\x22\xc5\xe4\xa4\x5c\xad\xb2\xc6\
\xf8i\x85f\x0b\xdc0\x92\xcd\xe4\x05\xe7p@\x1d\x0f\
0\xc79R\x85G.\x88\x1b\x5c\x8b\x80\xe3\xa9\x11\x08\
\xb0\x94\x10\x5c8\xe7\x0c\x06\xfe\xa3\x5c\x84Pd\xeb_\
[\xbd\xd6\xd6i\xf4\xfe\x99\x10s\xe3\xff:f#R\
\x93T\xcb\x82\xfe\xc7&\x96\xcaL&\xb2;\x98\x88\x16\
\xde4',G!\xa4g\x16!y\x15o\x1d,\x89\
\xbb\xc6\x07\xbb\x8d\xf2\xcb\xe3\xf6\xc2B\xe1F\xb3\xac\xa9\
0\xb0Q\x9d\xf4\xf8\x02\xfb\xfb\x9c,\x84\x7f\xbeR(\
 \x07\x12\x10J\xb4\x1c\x1cl\x80\xb6\xa3\x04\xa7aH\
\xe38\xe2\xac K\x1166\x1c\x17m\xfc\x16\xeb\x0c\
:&\xa5A\x90\xc17\x92\xc9\xb0\x0e \x84\x102I\
\xd6\xd9\xb8\x5c2\xdb\x83\xbf\x04%\xe4\xb3h469\
1\xc5\xe9\xc1\xf2\xa7N\x22\xe8\x80\xf2\xb2\x80\xb6\xb76\
)4\xdd.\xcf\xde\xee\x1eo\x0c\xf2\x030N\x0b\x01\
)\x15\x0e\x07\x08\xedk\xa8\xb8\x18t2\x1fL\xc5$\
.\xea\xad\xba\xcf\x07\x8b\x1f9K\x8eg\x9e\xc7\xb8\xbf\
\x0e\xf6\xcdX\x95\x06\x19s\x0aS\xde\x0c\xdd$<|\
\xab\xc4o\x16\x07\xbe9\x00F\xdc\x17\x0e2\x80\x02\xcc\
\x1e0h\xe6\xce\xe0#\xc5\xb8Jv\xf2\xca\xf2)\xbb\
\xdd\xbe\xbf\xbfG\x09Al\x87\x5c@\xd2\x0cs\x81&\
\x13\x04\x15n\x02\xd8E,\x1a>\xbd\xb2\xc2\xd6!\xe3\
\x22nAg\x00_#Z3\xfe\x14\xfbin/\x19\
\x9f\xa0?R\xa5\x8e\x90\xb0\xb5\x09NHK\xc8\xf5\xad\
&3\xa5$9+7\x84}\xced\x15.\x04\xcc\x8e\
\x05;\x5c\xb3\xa2,\xe6ir\xd6\x01\xa2\xf3\x8b{\x06\
C\x81\x1f*\x12\x12R\xd5\xe1\x0c .\x93xL\xb9\
\xc7\x1f\x09*\xf8mqZ\x91\xb0q\xdbYKp\xbf\
\xf3\xb5\x0a\xed\x1e\xd0\x1c\xb3`\x99\x8c \x94\xc8\xcb\xfa\
\x05d5\xcc<\xc1\xe4\x88\xf3\x08\xcf*\x08%\xc2\xad\
\x9c\xe5\x01\xea\xa3%\xe9\x81\x0a\xc4\x22'\xb1\x16G1\
\xc7M\xa7\xe3v{(\x10\x18\x98M\xe8%f\xf1e\
\x80\xc8(\x17#\xa9$\xc1\x91UO\xd0\xd2\x18-\x8c\
\xf9\xe3\xf3\xd9\xf9\x05\xb4\x99\xa0\xcb\x14EC\x9d\x00\xc4\
\xc56\xac\x7fr}\x0eTn\x05y.\xf2pV)\
\xa70}q\x9c\xc0\xe8\xfc\x15\x8b%\x0e\xaf:\xab\x8b\
/\xc3T\xdb\xe9\xff\x19\xea\x07\xac\xa9,e\xf9&\xb6\
;{\x86}\xc8\x0bq\xb7H1\x19)\x0b\xbd\x89(\
\x0a0\x02\x14\xc0\xe2F;\xc8\x99.\xb6jO\xcc\xbd\
\xe4\xa6!X$\x98\x89$\xad\xd3!\x05\x07j\xf0z\
\x5c\xd4\x99le$]\xecP\x8eEN\xc9\xe9\x19?\
\xa52E\x03\x17\xc0\x9e\x83\x9eBH\xa0\xbd\xc47R\
\x99\x8at\x96f\x82\x10z\xc1\x82&\xef\x86\xb3$\x8c\
B\xc1dD\xf8\xe9\xc2Wak\xb1\xd5IO0t\
&\x94\x83\xd2\xc8\xe0:3U\x8f\x13\x19\x1c\x8d\x85N\
\x12\x90LD\x83\x87\x07\xbe1\xcf\xfd\xa7\xcf\x10\xa7\x89\
\xc7\xb5\xa2H\xc5\xa0\x9aP\xdd\xd1\xcb5\xe9t\x98\xdd\
\xe1\x04\x8b$\x07\xb0\xaaVm\xf0\x13\x1dN\x07+\x8f\
\x95J\x08\xa1\xb6\xf4\x8eyIIx\x93\xe4Rd\xe6\
.\x8f\xd3\xe3\xf5 \xa0\xe2\x07\xb1\xc9AV\x8dZM\
>\x03\xffAAX\xf2\xcf\xccr\xa5\x94\xb6\xf5\x0a\xf6\
\x00\x83I\xdf\xc4\xca\xe9\xd3\x22\x83\xd1i\xdd.g.\
\x9b\xa5T\xe6\x0dW\xe9\xc85\xea\xcc5\xc6\x84\x89\x02\
\x94\x85\xcb\xd2<8\xd8\x9f\x9b\xf3\xc7bQ\x87\xc3\x06\
\xce\x86\xc5\x14\xaf@\x22Df\x08\x10\xc9\xd3`\xc2\x00\
M1\xee\x0c\xa9\x1dI\xd4\xd4\x98\x0f\xed\xca\xeb\xaf\xbe\
\x86Cy p(z\xc6\xcc\x9d\x12\x12Z\xb1Fy\
\x05\x82\x1b\x87,\x9f\x8b\xaa\x97\xc3I4\x85\x09\xcd\x94\
4\xc4,\x96\x8a\x001\xd8l\x84\x06V\x1e\xd1\x1a\x94\
\x84\xc7\xddf\xd8\x88X\xd9p]\xc9\xbd!\xe5S\x97\
\x08!\x15\xd4B\xf89T#\xb0\xe3\xa3\x8c_ O\
bB\x10Nl##\xa4\xd1(\x1dyv\x88\x16\xf9\
e\xc0/i\xc8\x09\xe5|\xe7\xc5\x01g\x01\xca`\x96\
\xb6\xb0\xfb\xac5\xc0\x00\x88\xd3D=\x12\x5c\x22E\xa1\
Z&\xd5\xe5\x1a\xe9\x96\x80\x89\xd4;\x9d|\xbd\xc9\x5c\
\x1e\x14\x10\xc4uN\x1e.y\xd8\xbd\xe6=K\x10\xf3\
\x095\xa1\xb88\x08]\x82]\x0df\xc0\xb3aG\xf1\
\xee\x01\xa8\x0c<\x0e\x9d\xf1\xe8\xe2\xf1v\xbd\xcdd\x0f\
E\xab+s\x0a\xae\x9f\xf8\x18\xf0\xd0\xbb=55,\
G\x05c\xfch.3:2\x9f'\x85\xc2\xc2\x8a\x00\
\xc0:\x16\x81\x83\xe4C \xda\xa3<\x12\xee\x1b^\xa9\
\x985\x10VY\xd94\x16M\x06\x13\xa9:O\x05\xd8\
\x87\xb8\xe5\xb6;YyT9`\xf8\x9cA,n\x8a\
`\xafw\x8c#\x0f$\x81\x9b/h*\xe8t\xc4\xbb\
\xc5\xdcl8\x08^\x08\x1d\xc4\x8f\xe1\x1b\xb9l\x10p\
\xae\x07d\x90\x10\xce\xb1A\xd0\xa2\x80`\xee \x80\x0a\
j^\xa0\x0a\xde8\xa7\x0bp\xe6\xe2\xe2\x22Q\x95\xe7\
\xc4)\xe7\xb0Z0\xa2\x07\x09f\x84\x00\x9b\x87\x07Y\
\xc9\x97\xd42\xdcv\x01]t\xa4\x9c\xf9l\x86\x22\x81\
ML=N\x85n6c\xbfhK$\x92\xecdV\
\x1eg\x07\xa7*\x09\x09;\x97\xf0\x16\x0a\x1f\xa20\x08\
EB\x1c(,b\xb6\x1f\xdb\x1fL\x9e9\x88\x08\xef\
\xf3\x95\xc2\xc9%\x86\xc7\x9e\x22\xb3\x82\x10T)\xd0{\
\xab\xc6\xa2QL\xee6\xefn\xf0\x226\x1b\xee\x0c\x13\
4\xbc9\x8er4\xbd\xd99\xc2\xa7@\xd4\xe2\xec\x1f\
Xr\x9cD\xd1(\xc4WB\x9e\xacZB\x932\xa0\
|$\xd9\xe3\x1e\x08B\x90\xa4O\xe6\xc6\xfe\x1e\xael\
z\x81\xbdI\xef8\x04 \xb4\xda \xbf\x90p0N\
 .\xea`\x91s;\xe8\xc2@\x8e\xe3NQjC\
\xa8\x83\xe0@\x84\x92\x8b\xda\x9d<\x9bm/\xd2j<\
@\xba4=\xb1\xcb\x14(\x1b\x020\xd6\xbaH\xf8\xd8\
{\xcc\xf1\xe1\xc8\x13\x07\xacP\xd9A0\xc69\x1fL\
\x1a\x08\x83\xc9\x995\xd5H\xb2QC`\xa2\x80\xa8\xa6\
\xd2\x92i\x904\x0b\xd7Z\xccWq\x16\x10\x99\xa4\x14\
\x16\x1d\x17\x82!\xa3\x00\x91\xba]#\x83\xad\xe8\x09\xd4\
\xc0[9\xb2h\xfb\x8c8-x\x98@X\xd4\xf0\xef\
D\x0dj,\x01\xc5\x22g\xe1\xad\x90=KQ\xd1\x93\
\x06t\xf2\xc8;\xc0$X\xdc\xf8g@.\xe7\x87\x82\
\xde\xb0,\x85\xd8\x5c`\x97,k\x96\xb9\x98Z\xc1R\
`\xad2\xdeQ\xa1.fr\xa2\xe7\x04\xe6\xcd\x1ds\
\x0a\xde\xc8\xbd\x13L\xda\xd1\x99\xa4\xb5\xb2\xb4U\xe7\x1d\
p\xa9\xe9L\x8aO\x08\x1c0DX\x04\x02\xce\x17\xf4\
\x14\xb1\xecXg\xc4lz\xe9\xa4\xc80t\xf9~\xd6\
%\xeb\x97\x04\x83\x03\x8a\x1c\x80\xaaH\xa4\x0ebp\xee\
(\xf1lo/0\xed\xf7\xb3I\x88Y\xe4s\x94}\
\x84db-X\x06\x144\x11E\xa4\xb0\x8b-\xc4B\
\x1e\x09\x11\x9d\x5c\xd3\xa8'&b$\xcf2P\x91\xf7\
\xb3@\x99\x98F\xf0&\x8a\x0c3W* \xda \x22\
\xc0\x933p\x09\x8b\x8bGH\xb1rY\x86\xf2\xed{\
<\xceb\x81\x86I\x95\xf5J\xea\xec\xb0;\xf66\xb7\
\xa9+E\x88bx!\x9b\x92\x9c@\xadb\xbdR\xc4\
\xf3\x13\x99\x91\xc8<U\xa2,\xd2k\x92\x0dp7D\
\xfed\x874\x0e9>\xd8+\xfc \x0eS\xa2\x0e\xb1\
m\xcc\xeb\xe5\x0d\xbb\xdc\xaeR.G6B?n~\
a\x1eK\x09>\xa2\x98\x1d\x83\xa4J$G\x8f\x1cA\
\xdc935\x15\x8b\xc5.\xbd\xfe*\xeb\xf3\xdc\xb9\x87\
\xa0:\x90\xb1p\xb2\xe1HO\xedH\x01\xc7K%\x92\
I^\x5c\xf8?\x19\x8c\xd9t\xcaa\xb5f\xf3iN\
\x15\x11\x9f\x04\xd8\x83\x9f\x9b\xb2\xd6\xc0\xe8A\xe8\xa8\xb9\
\x9flKV\x15\xa3\x81i\xd9B\x1d\x1f\xc6h&\x0b\
4\x04\xdb\x98g\xdd\xe90\xfe\x17s2Q\x90\xd5j\
lr\xb2,\x0a\x12^jnrj\xca;\x0e\xc9\x8e\
4\x80 %\xfe\x837&\xc3\x19\xbe\xcaq\x80\xc6\x0e\
*\x09V\xd9\x00Rb\x09\x0ei$\xbc\x05\xfa\xe9\x84\
\xb4\x5c\xa7\x8e\x8bF\xae\xdb\xaa\x80\x9f\x90\xaat\x84\xc4\
\x9b\xc0N\x1f\x0e]2f\xebN\x8d\x9e%H\x18&\
 \x8as\x83}\xc3r\x85\x82O\xe9\xa9\xc3MI\x0a\
6%pExy\x85\xbc@\xae\x87\xf9\x0f\x91\x8b\x15\
\xc5\x9b\x11\x98\x8c\x18(\xc5[\x12\xa0;_F\x8eD\
\xa8\x16\x9e\xdd\x02\x92\x92\xe0\xa4\x81\xb0\x8e\x16\x04\xc9\x0d\
\x08\x01+\x90\x98\xc3`\x14fc\xf2f\xb4r\x9a\xcd\
\x80-\xb5l\x8d\xa7^F\x8fTn\x97X\xd9\xe7\xfe\
ze\xf3I\xc7hgBp%\x1f\xa7\x0dI\x121\
\x1c9\x8e/\xba\x9c\xa2\xaa\x83y\x9e\xb0\x80\x90Q\xef\
\xb0Kp\x96E\x06\x09\xfb\x87[\xc4\x1b\xa59D\x8c\
\xe5<\xd4\xebL\xb0AD\x19$\xc1r\xb1\x8e\x1d8\
\xde\xe2\xe3\xaeq\xbc\xca1\xf1\xe0\xc6p\x12\x11<\xb8\
\x08 \x13\x812A\x91E\xe4\x22\xceP\xce\x1d0\xcf\
Q\xd1\x8fD\xfa'Pj\xee\xb1Z6`\xe6\x18\xce\
\xedX\x1aHh\xf3J;u\xb2E:E\xbc\x1b\xb2\
\x18\xc2*w\x82\xf5\x97N\xc6\x0f\x0fv\xe3\xf1\x88\xcb\
e\x0f\x86\x0e\xdfz\xfbM\xa7\xc7\xcdA\xcf\x98m\x08\
\xe2\xa4~\xfc\x02\xe3`\x22;\xb6\xa6J\xa9\xa2\x9c/\
8\xecV\x00\x93z\xab\xca@/\x9a\xf0\xd1x\x1cd\
l\x94#\xb8]\xa5\x88%\xca\x015\xa8\x84\xf5\x83\x98\
\xcd\x07\x90\xc0Q\x00\xd3\xa2\x94N\xf6\x1a\xd5L4<\
\xe84\xd9\xf6\x84\xc2H<\x16\x8aDH\xda)\xd5\xed\
x\xa8\xe1\xc8\xbcx\x84C\x0a \xc5\x03\x86\xd5\xebm\
o\xdf\xa5\xb6?~d\x11:\x11'\x14\xd3^Z5\
f\xadK\x80\xabj\x18\xe4K\xba42\xb0\x97\xb0\xd1\
L\xa0\xe5\xc5\x98\xeaR\xd1H?\x81|W\xac$\x81\
\x1c\xc1Ld\x0f\xd3\x11\x00.$\xc1\x18\xf7\x8c\x87\x83\
a*lh\x9c\xcc\xe4\x15n\xdcR\x1e\xc7\x08K\x18\
\xaa1\xb52\xd9\x1a\xdf\xc7a5\x5c\xa3=+;\xb9\
\xd1\xd12C\x8c\xda\x0c\x14O&i\xb0\xf8\xd8\xbb\x9c\
\xf7@o\x90]\x15\xaa\x06\x8f\xbc\x05N-\xf61\x91\
\x8f\x9f\xcb\xc1B\x8aB\xf6\x00\x97\x0dP\x1cQ\x05s\
\xbd\xc0\xcf\x88\xac\xb0\xc7ia\xb0\xdc\xc9\x8f\x99R\xe3\
Wk\x8a\xbdj\x5c\xd2\x1cU\x0a\xc9\x19\xac\x0a\x16\xac\
\xd7j%\xe8b6Q\xee6\xc0\xa41R!\xdc\x92\
'5\x07\xb8\xe5 \x16jY`\x0e\x0cF\xcc\xa3J\
\xd8\xd5\xecv\x0a/\xd0E\xb03\x965\x81\x87$[\
\xac+\xe6\x95\xb1\xbeXX\xf7rd\xe6\xf5\x91&\xd1\
\xfcdqpR!W\x02\x1a\x1a\x19-\x8f\xf4\xca\xd2\
n\xad'iJ\x15\xc56\x1b\xaf#]z\xcf\xbf\x11\
\xb9\xc8\xdf\xf7\xc1\xeb\xf3q\xefw\xf1\x99\xa8\x9a\xf9\xe0\
\xda\xdf\xf9[V(\xbf\xde\xf9\x10\x9c\x12\xc1\x1c\xe1\xaf\
\xff\xf7o\x7f\xe7\x8b\xfe\xc6g|\x11u\xfa\xf0\xeby\
\x1a\xe2\xa5\x81Z\xc4\x1f)\x86\xc5k\x88\xcf\xf9\xdf\xf0\
\xaf\xee}\xd5\xcf>\xe7`\x12\x7f\xfe\xff\xf3\xf1\x7f\xff\
\xd2\x7f\xeb\xe2\xff\x8foF\x5c\x81\xb8S\x7f\xdf\xeb\xf2\
o\xff\xf0\x8b\x89[\xf4\xff\xe4\xe3\xef}:\xfc\xe3\xdf\
\xfc1\xff\xe0\x0f\xbd\x17\x95\xff\xce\xf7\xf5w^\xf5\xf0\
\x87\x8b{\xf2\xb7~\xcc\xcf\xbe\xff\xef\xb8\x0f\xa4\xaf\xdc\
>q\xf3HR\xee}\x88\x97\xf8__9\x5co?\
\xfb\x02\x89\xe4\x7f\x02\x00\xeac\x1f\xde\x05\xd0\xfe\x00\x00\
\x00\x00IEND\xaeB`\x82\
"

qt_resource_name = b"\
\x00\x03\
\x00\x00x<\
\x00q\
\x00m\x00l\
\x00\x05\
\x00o\xa6S\
\x00i\
\x00c\x00o\x00n\x00s\
\x00\x08\
\x00\xa0\xc6\xa7\
\x00D\
\x00i\x00s\x00k\x00V\x00i\x00e\x00w\
\x00\x0a\
\x03g\x97'\
\x00D\
\x00e\x00p\x00l\x00o\x00y\x00V\x00i\x00e\x00w\
\x00\x0c\
\x04\x87\xd4U\
\x00S\
\x00o\x00f\x00t\x00V\x00i\x00e\x00w\x00P\x00a\x00g\x00e\
\x00\x0b\
\x0c\x07\xe4\xe7\
\x00P\
\x00r\x00o\x00c\x00e\x00s\x00s\x00V\x00i\x00e\x00w\
\x00\x0e\
\x06\xc1\x15\x5c\
\x00M\
\x00a\x00i\x00n\x00L\x00a\x00y\x00o\x00u\x00t\x00.\x00q\x00m\x00l\
\x00\x07\
\x0bf\x09\xc8\
\x00T\
\x00o\x00o\x00l\x00B\x00o\x00x\
\x00\x04\
\x00\x06\xa6\x85\
\x00c\
\x00o\x00r\x00e\
\x00\x0e\
\x0c\xd6kG\
\x00M\
\x00a\x00n\x00a\x00g\x00e\x00m\x00e\x00n\x00t\x00V\x00i\x00e\x00w\
\x00\x0e\
\x01\xe2\x83\x5c\
\x00B\
\x00u\x00t\x00t\x00o\x00n\x00B\x00a\x00s\x00e\x00.\x00q\x00m\x00l\
\x00\x0c\
\x03\x14\x86<\
\x00F\
\x00o\x00o\x00t\x00I\x00t\x00e\x00m\x00.\x00q\x00m\x00l\
\x00\x0b\
\x0a3\x06<\
\x00A\
\x00d\x00d\x00I\x00t\x00e\x00m\x00.\x00q\x00m\x00l\
\x00\x16\
\x0b\x02\xff\xbc\
\x00M\
\x00a\x00n\x00a\x00g\x00e\x00m\x00e\x00n\x00t\x00V\x00i\x00e\x00w\x00P\x00a\x00g\
\x00e\x00.\x00q\x00m\x00l\
\x00\x16\
\x06j\xff|\
\x00M\
\x00a\x00n\x00a\x00g\x00e\x00m\x00e\x00n\x00t\x00V\x00i\x00e\x00w\x00I\x00t\x00e\
\x00m\x00.\x00q\x00m\x00l\
\x00\x0c\
\x0f6z\xfc\
\x00A\
\x00d\x00d\x00P\x00o\x00p\x00u\x00p\x00.\x00q\x00m\x00l\
\x00\x08\
\x06\x88a|\
\x00C\
\x00o\x00r\x00e\x00.\x00q\x00m\x00l\
\x00\x0f\
\x0b\xc7\xe3|\
\x00T\
\x00o\x00o\x00l\x00B\x00o\x00x\x00P\x00a\x00g\x00e\x00.\x00q\x00m\x00l\
\x00\x13\
\x0d\xeb\xcf\x5c\
\x00T\
\x00o\x00o\x00l\x00B\x00o\x00x\x00P\x00a\x00g\x00e\x00I\x00t\x00e\x00m\x00.\x00q\
\x00m\x00l\
\x00\x0f\
\x03\xdd\xe2<\
\x00T\
\x00o\x00o\x00l\x00B\x00o\x00x\x00V\x00i\x00e\x00w\x00.\x00q\x00m\x00l\
\x00\x13\
\x08!\xc0\xfc\
\x00P\
\x00r\x00o\x00c\x00e\x00s\x00s\x00V\x00i\x00e\x00w\x00P\x00a\x00g\x00e\x00.\x00q\
\x00m\x00l\
\x00\x0c\
\x01\xf7\xe6<\
\x00S\
\x00o\x00f\x00t\x00I\x00t\x00e\x00m\x00.\x00q\x00m\x00l\
\x00\x0c\
\x04\x85\xe7\xbc\
\x00S\
\x00o\x00f\x00t\x00V\x00i\x00e\x00w\x00.\x00q\x00m\x00l\
\x00\x12\
\x08\xfa\x05|\
\x00D\
\x00e\x00p\x00l\x00o\x00y\x00V\x00i\x00e\x00w\x00P\x00a\x00g\x00e\x00.\x00q\x00m\
\x00l\
\x00\x09\
\x0f\xa0~\xa7\
\x00Q\
\x00u\x00i\x00c\x00k\x00V\x00i\x00e\x00w\
\x00\x14\
\x00@\x8d\x9c\
\x00I\
\x00t\x00e\x00m\x00D\x00e\x00l\x00e\x00g\x00a\x00t\x00e\x00T\x00e\x00x\x00t\x00.\
\x00q\x00m\x00l\
\x00\x14\
\x04#\x8f\xdc\
\x00I\
\x00t\x00e\x00m\x00D\x00e\x00l\x00e\x00g\x00a\x00t\x00e\x00B\x00a\x00s\x00e\x00.\
\x00q\x00m\x00l\
\x00\x0e\
\x04,\x83\xfc\
\x00C\
\x00o\x00m\x00m\x00o\x00n\x00D\x00a\x00t\x00a\x00.\x00q\x00m\x00l\
\x00\x11\
\x0eg\x1f<\
\x00Q\
\x00u\x00i\x00c\x00k\x00P\x00a\x00g\x00e\x00V\x00i\x00e\x00w\x00.\x00q\x00m\x00l\
\
\x00\x0d\
\x0ci\xd8|\
\x00L\
\x00a\x00b\x00e\x00l\x00B\x00a\x00s\x00e\x00.\x00q\x00m\x00l\
\x00\x0f\
\x0c\xb6,\x5c\
\x00D\
\x00i\x00s\x00k\x00I\x00t\x00e\x00m\x00R\x00e\x00c\x00.\x00q\x00m\x00l\
\x00\x11\
\x0dN\x01<\
\x00D\
\x00i\x00s\x00k\x00L\x00a\x00b\x00e\x00l\x00B\x00a\x00s\x00e\x00.\x00q\x00m\x00l\
\
\x00\x13\
\x00\x85\xc3\xfc\
\x00D\
\x00i\x00s\x00k\x00M\x00o\x00n\x00I\x00t\x00e\x00m\x00I\x00t\x00e\x00m\x00.\x00q\
\x00m\x00l\
\x00\x10\
\x06]\x0e|\
\x00D\
\x00i\x00s\x00k\x00V\x00i\x00e\x00w\x00P\x00a\x00g\x00e\x00.\x00q\x00m\x00l\
\x00\x0f\
\x0e\xb9\xbe\x1c\
\x00D\
\x00i\x00s\x00k\x00M\x00o\x00n\x00I\x00t\x00e\x00m\x00.\x00q\x00m\x00l\
\x00\x08\
\x08\x85\x5c\x07\
\x00U\
\x00S\x00T\x00B\x00.\x00p\x00n\x00g\
\x00\x08\
\x0c\xa7X\x07\
\x00t\
\x00e\x00s\x00t\x00.\x00p\x00n\x00g\
"

qt_resource_struct = b"\
\x00\x00\x00\x00\x00\x02\x00\x00\x00\x01\x00\x00\x00\x01\
\x00\x00\x00\x00\x00\x00\x00\x00\
\x00\x00\x00\x00\x00\x02\x00\x00\x00\x09\x00\x00\x00\x02\
\x00\x00\x00\x00\x00\x00\x00\x00\
\x00\x00\x00\xbc\x00\x02\x00\x00\x00\x01\x00\x00\x00*\
\x00\x00\x00\x00\x00\x00\x00\x00\
\x00\x00\x00\x0c\x00\x02\x00\x00\x00\x02\x00\x00\x00(\
\x00\x00\x00\x00\x00\x00\x00\x00\
\x00\x00\x00\x1c\x00\x02\x00\x00\x00\x0a\x00\x00\x00\x1e\
\x00\x00\x00\x00\x00\x00\x00\x00\
\x00\x00\x002\x00\x02\x00\x00\x00\x02\x00\x00\x00\x17\
\x00\x00\x00\x00\x00\x00\x00\x00\
\x00\x00\x00L\x00\x02\x00\x00\x00\x02\x00\x00\x00\x15\
\x00\x00\x00\x00\x00\x00\x00\x00\
\x00\x00\x00\x86\x00\x01\x00\x00\x00\x01\x00\x00\x00\x00\
\x00\x00\x01\x98\x0b\xc1\x934\
\x00\x00\x00\xa8\x00\x02\x00\x00\x00\x03\x00\x00\x00\x12\
\x00\x00\x00\x00\x00\x00\x00\x00\
\x00\x00\x00j\x00\x02\x00\x00\x00\x01\x00\x00\x00\x11\
\x00\x00\x00\x00\x00\x00\x00\x00\
\x00\x00\x00\xca\x00\x02\x00\x00\x00\x06\x00\x00\x00\x0b\
\x00\x00\x00\x00\x00\x00\x00\x00\
\x00\x00\x00\xec\x00\x00\x00\x00\x00\x01\x00\x00\x02\xc1\
\x00\x00\x01\x98\x0b\xc1\x934\
\x00\x00\x01\x0e\x00\x01\x00\x00\x00\x01\x00\x00\x03T\
\x00\x00\x01\x98\x0b\xc1\x934\
\x00\x00\x01z\x00\x01\x00\x00\x00\x01\x00\x00\x0c\xd7\
\x00\x00\x01\x98\x0b\xc1\x934\
\x00\x00\x01,\x00\x00\x00\x00\x00\x01\x00\x00\x05R\
\x00\x00\x01\x98\x0b\xc1\x934\
\x00\x00\x01H\x00\x01\x00\x00\x00\x01\x00\x00\x08s\
\x00\x00\x01\x98\x0b\xc1\x934\
\x00\x00\x01\xac\x00\x01\x00\x00\x00\x01\x00\x00\x10\xbb\
\x00\x00\x01\x98\x0b\xc1\x934\
\x00\x00\x02T\x00\x00\x00\x00\x00\x01\x00\x00$\xb3\
\x00\x00\x01\x98\x0b\xc1\x934\
\x00\x00\x020\x00\x01\x00\x00\x00\x01\x00\x00!\x9c\
\x00\x00\x01\x98\x0c\x99Jm\
\x00\x00\x01\xe0\x00\x00\x00\x00\x00\x01\x00\x00\x15\xa3\
\x00\x00\x01\x98\x0b\xc1\x935\
\x00\x00\x02\x04\x00\x00\x00\x00\x00\x01\x00\x00\x1b\xd4\
\x00\x00\x01\x98\x0b\xc1\x935\
\x00\x00\x02\x80\x00\x01\x00\x00\x00\x01\x00\x00(\x0d\
\x00\x00\x01\x98\x0b\xc1\x935\
\x00\x00\x02\x9e\x00\x00\x00\x00\x00\x01\x00\x00*\x16\
\x00\x00\x01\x98\x0b\xc1\x935\
\x00\x00\x02\xbc\x00\x01\x00\x00\x00\x01\x00\x00.\xae\
\x00\x00\x01\x98\x1b\xeav\xfa\
\x00\x00\x02\xe6\x00\x02\x00\x00\x00\x05\x00\x00\x00\x19\
\x00\x00\x00\x00\x00\x00\x00\x00\
\x00\x00\x02\xfe\x00\x00\x00\x00\x00\x01\x00\x000\xb7\
\x00\x00\x01\x98\x0b\xc1\x930\
\x00\x00\x03,\x00\x00\x00\x00\x00\x01\x00\x004w\
\x00\x00\x01\x98\x0b\xc1\x930\
\x00\x00\x03Z\x00\x00\x00\x00\x00\x01\x00\x007z\
\x00\x00\x01\x98\x0b\xc1\x930\
\x00\x00\x03\xa4\x00\x00\x00\x00\x00\x01\x00\x00C\x80\
\x00\x00\x01\x98\x0b\xc1\x930\
\x00\x00\x03|\x00\x00\x00\x00\x00\x01\x00\x00;\x0a\
\x00\x00\x01\x98\x0b\xc1\x931\
\x00\x00\x04\x10\x00\x01\x00\x00\x00\x01\x00\x00M\xa5\
\x00\x00\x01\x98\x0b\xc1\x932\
\x00\x00\x00\xec\x00\x00\x00\x00\x00\x01\x00\x00\x02\xc1\
\x00\x00\x01\x98\x0b\xc1\x931\
\x00\x00\x01\x0e\x00\x01\x00\x00\x00\x01\x00\x00D\x09\
\x00\x00\x01\x98\x0b\xc1\x932\
\x00\x00\x04<\x00\x01\x00\x00\x00\x01\x00\x00U\x10\
\x00\x00\x01\x98\x0b\xc1\x932\
\x00\x00\x01z\x00\x01\x00\x00\x00\x01\x00\x00I\xe8\
\x00\x00\x01\x98\x0b\xc1\x933\
\x00\x00\x01,\x00\x00\x00\x00\x00\x01\x00\x00\x05R\
\x00\x00\x01\x98\x0b\xc1\x931\
\x00\x00\x03\xc4\x00\x01\x00\x00\x00\x01\x00\x00F2\
\x00\x00\x01\x98\x0b\xc1\x931\
\x00\x00\x03\xe8\x00\x00\x00\x00\x00\x01\x00\x00I\x09\
\x00\x00\x01\x98\x0b\xc1\x932\
\x00\x00\x04b\x00\x00\x00\x00\x00\x01\x00\x00Y!\
\x00\x00\x01\x98\x0b\xc1\x932\
\x00\x00\x01\xac\x00\x01\x00\x00\x00\x01\x00\x00Q\xb3\
\x00\x00\x01\x98\x0b\xc1\x931\
\x00\x00\x04\x86\x00\x00\x00\x00\x00\x01\x00\x00[i\
\x00\x00\x01\x98\x0b\xc1\x936\
\x00\x00\x04\x9c\x00\x00\x00\x00\x00\x01\x00\x00f\xd4\
\x00\x00\x01\x98\x0b\xc1\x936\
\x00\x00\x01\xca\x00\x00\x00\x00\x00\x01\x00\x00\x14}\
\x00\x00\x01\x98\x0b\xc1\x935\
"

def qInitResources():
    QtCore.qRegisterResourceData(0x03, qt_resource_struct, qt_resource_name, qt_resource_data)

def qCleanupResources():
    QtCore.qUnregisterResourceData(0x03, qt_resource_struct, qt_resource_name, qt_resource_data)

qInitResources()
